Workbook
Name Element: 'Infrastructure Benchmarks'!$O$2:$O$349
Name Project: 'Infrastructure Benchmarks'!$G$2:$G$349
Name ROW_Rate: 'Infrastructure Benchmarks'!$Q$2:$Q$349

Sheet Infrastructure Benchmarks
B1: Asset | C1: Country | D1: City | E1: Area | F1: Alias | G1: Project | H1: Employer | I1: Contractor | J1: Status | K1: Contract | L1: Right of Way Area | M1: GLA | N1: GFA | O1: Element | P1: Total Cost | Q1: ROW Rate | R1: GLA Rate | S1: GFA Rate | T1: FAR (GFA/GLA) | U1: ROW/GLA | V1: Year | W1: CHART
A2: 101 | B2: Residential | C2: United Arab Emirates | D2: Abu Dhabi | E2: Saih Al Sidirah | F2: Project 16.1 | G2: Al Ghadeer | H2: Aldar | I2: Nael & Bin Harmal Hydroexport | J2: Award | K2: Lump Sum | L2: 100434 | M2: 223475 | N2: 150223 | O2: Preliminaries | P2: 3229230 | Q2: =$P2/L2 -> 32.152757 | R2: =$P2/M2 -> 14.450073 | S2: =$P2/N2 -> 21.496242 | T2: =N2/M2 -> 0.67221389 | U2: =L2/M2 -> 0.4494194 | V2: 2016 | W2: NO
A3: 102 | B3: Residential | C3: United Arab Emirates | D3: Abu Dhabi | E3: Saih Al Sidirah | F3: Project 16.1 | G3: Al Ghadeer | H3: Aldar | I3: Nael & Bin Harmal Hydroexport | J3: Award | K3: Lump Sum | L3: 100434 | M3: 223475 | N3: 150223 | O3: Ground Investigation | P3: 0 | Q3: =$P3/L3 -> 0 | R3: =$P3/M3 -> 0 | S3: =$P3/N3 -> 0 | T3: =N3/M3 -> 0.67221389 | U3: =L3/M3 -> 0.4494194 | V3: 2016 | W3: NO
A4: 103 | B4: Residential | C4: United Arab Emirates | D4: Abu Dhabi | E4: Saih Al Sidirah | F4: Project 16.1 | G4: Al Ghadeer | H4: Aldar | I4: Nael & Bin Harmal Hydroexport | J4: Award | K4: Lump Sum | L4: 100434 | M4: 223475 | N4: 150223 | O4: Demolition & Site Clearance | P4: 0 | Q4: =$P4/L4 -> 0 | R4: =$P4/M4 -> 0 | S4: =$P4/N4 -> 0 | T4: =N4/M4 -> 0.67221389 | U4: =L4/M4 -> 0.4494194 | V4: 2016 | W4: NO
A5: 104 | B5: Residential | C5: United Arab Emirates | D5: Abu Dhabi | E5: Saih Al Sidirah | F5: Project 16.1 | G5: Al Ghadeer | H5: Aldar | I5: Nael & Bin Harmal Hydroexport | J5: Award | K5: Lump Sum | L5: 100434 | M5: 223475 | N5: 150223 | O5: Earthworks | P5: 1306500 | Q5: =$P5/L5 -> 13.008543 | R5: =$P5/M5 -> 5.8462915 | S5: =$P5/N5 -> 8.6970704 | T5: =N5/M5 -> 0.67221389 | U5: =L5/M5 -> 0.4494194 | V5: 2016 | W5: NO
A6: 105 | B6: Residential | C6: United Arab Emirates | D6: Abu Dhabi | E6: Saih Al Sidirah | F6: Project 16.1 | G6: Al Ghadeer | H6: Aldar | I6: Nael & Bin Harmal Hydroexport | J6: Award | K6: Lump Sum | L6: 100434 | M6: 223475 | N6: 150223 | O6: Sewerage | P6: 6087803 | Q6: =$P6/L6 -> 60.614961 | R6: =$P6/M6 -> 27.241539 | S6: =$P6/N6 -> 40.525106 | T6: =N6/M6 -> 0.67221389 | U6: =L6/M6 -> 0.4494194 | V6: 2016 | W6: NO
A7: 106 | B7: Residential | C7: United Arab Emirates | D7: Abu Dhabi | E7: Saih Al Sidirah | F7: Project 16.1 | G7: Al Ghadeer | H7: Aldar | I7: Nael & Bin Harmal Hydroexport | J7: Award | K7: Lump Sum | L7: 100434 | M7: 223475 | N7: 150223 | O7: Stormwater | P7: 4303883 | Q7: =$P7/L7 -> 42.852849 | R7: =$P7/M7 -> 19.258901 | S7: =$P7/N7 -> 28.64996 | T7: =N7/M7 -> 0.67221389 | U7: =L7/M7 -> 0.4494194 | V7: 2016 | W7: NO
A8: 107 | B8: Residential | C8: United Arab Emirates | D8: Abu Dhabi | E8: Saih Al Sidirah | F8: Project 16.1 | G8: Al Ghadeer | H8: Aldar | I8: Nael & Bin Harmal Hydroexport | J8: Award | K8: Lump Sum | L8: 100434 | M8: 223475 | N8: 150223 | O8: Potable Water | P8: 6258278 | Q8: =$P8/L8 -> 62.312344 | R8: =$P8/M8 -> 28.004376 | S8: =$P8/N8 -> 41.659919 | T8: =N8/M8 -> 0.67221389 | U8: =L8/M8 -> 0.4494194 | V8: 2016 | W8: NO
A9: 108 | B9: Residential | C9: United Arab Emirates | D9: Abu Dhabi | E9: Saih Al Sidirah | F9: Project 16.1 | G9: Al Ghadeer | H9: Aldar | I9: Nael & Bin Harmal Hydroexport | J9: Award | K9: Lump Sum | L9: 100434 | M9: 223475 | N9: 150223 | O9: Irrigation | P9: 1776461 | Q9: =$P9/L9 -> 17.687845 | R9: =$P9/M9 -> 7.9492605 | S9: =$P9/N9 -> 11.825493 | T9: =N9/M9 -> 0.67221389 | U9: =L9/M9 -> 0.4494194 | V9: 2016 | W9: NO
A10: 109 | B10: Residential | C10: United Arab Emirates | D10: Abu Dhabi | E10: Saih Al Sidirah | F10: Project 16.1 | G10: Al Ghadeer | H10: Aldar | I10: Nael & Bin Harmal Hydroexport | J10: Award | K10: Lump Sum | L10: 100434 | M10: 223475 | N10: 150223 | O10: Chilled Water | P10: 0 | Q10: =$P10/L10 -> 0 | R10: =$P10/M10 -> 0 | S10: =$P10/N10 -> 0 | T10: =N10/M10 -> 0.67221389 | U10: =L10/M10 -> 0.4494194 | V10: 2016 | W10: NO
A11: 110 | B11: Residential | C11: United Arab Emirates | D11: Abu Dhabi | E11: Saih Al Sidirah | F11: Project 16.1 | G11: Al Ghadeer | H11: Aldar | I11: Nael & Bin Harmal Hydroexport | J11: Award | K11: Lump Sum | L11: 100434 | M11: 223475 | N11: 150223 | O11: Gas | P11: 1189404 | Q11: =$P11/L11 -> 11.842643 | R11: =$P11/M11 -> 5.3223135 | S11: =$P11/N11 -> 7.9175892 | T11: =N11/M11 -> 0.67221389 | U11: =L11/M11 -> 0.4494194 | V11: 2016 | W11: NO
A12: 111 | B12: Residential | C12: United Arab Emirates | D12: Abu Dhabi | E12: Saih Al Sidirah | F12: Project 16.1 | G12: Al Ghadeer | H12: Aldar | I12: Nael & Bin Harmal Hydroexport | J12: Award | K12: Lump Sum | L12: 100434 | M12: 223475 | N12: 150223 | O12: Electrical | P12: 12406293 | Q12: =$P12/L12 -> 123.52682 | R12: =$P12/M12 -> 55.515351 | S12: =$P12/N12 -> 82.585842 | T12: =N12/M12 -> 0.67221389 | U12: =L12/M12 -> 0.4494194 | V12: 2016 | W12: NO
A13: 112 | B13: Residential | C13: United Arab Emirates | D13: Abu Dhabi | E13: Saih Al Sidirah | F13: Project 16.1 | G13: Al Ghadeer | H13: Aldar | I13: Nael & Bin Harmal Hydroexport | J13: Award | K13: Lump Sum | L13: 100434 | M13: 223475 | N13: 150223 | O13: Telecom | P13: 3548838 | Q13: =$P13/L13 -> 35.335026 | R13: =$P13/M13 -> 15.880246 | S13: =$P13/N13 -> 23.623799 | T13: =N13/M13 -> 0.67221389 | U13: =L13/M13 -> 0.4494194 | V13: 2016 | W13: NO
... A199: 724 | B199: Residential | C199: United Arab Emirates | D199: Dubai | E199: Jebel Ali | F199: Project 22.1 | G199: Al Furjan Package 3 | H199: Nakheel | I199: ASGC | J199: Award | K199: Lump Sum | L199: 76187 | M199: 224528 | N199: 89355 | O199: Roads | P199: 9920837.4 | Q199: =$P199/L199 -> 130.21693 | R199: =$P199/M199 -> 44.185301 | S199: =$P199/N199 -> 111.02722 | T199: =N199/M199 -> 0.39796818 | U199: =L199/M199 -> 0.33932071 | V199: 2021 | W199: YES
A200: 725 | B200: Residential | C200: United Arab Emirates | D200: Dubai | E200: Jebel Ali | F200: Project 22.1 | G200: Al Furjan Package 3 | H200: Nakheel | I200: ASGC | J200: Award | K200: Lump Sum | L200: 76187 | M200: 224528 | N200: 89355 | O200: Streetscape | Q200: =$P200/L200 -> 0 | R200: =$P200/M200 -> 0 | S200: =$P200/N200 -> 0 | T200: =N200/M200 -> 0.39796818 | U200: =L200/M200 -> 0.33932071 | V200: 2021 | W200: YES
A201: 726 | B201: Residential | C201: United Arab Emirates | D201: Dubai | E201: Jebel Ali | F201: Project 22.1 | G201: Al Furjan Package 3 | H201: Nakheel | I201: ASGC | J201: Award | K201: Lump Sum | L201: 76187 | M201: 224528 | N201: 89355 | O201: Public Realm - Open Space | P201: 0 | Q201: =$P201/L201 -> 0 | R201: =$P201/M201 -> 0 | S201: =$P201/N201 -> 0 | T201: =N201/M201 -> 0.39796818 | U201: =L201/M201 -> 0.33932071 | V201: 2021 | W201: YES
A202: 727 | B202: Residential | C202: United Arab Emirates | D202: Dubai | E202: Jebel Ali | F202: Project 22.1 | G202: Al Furjan Package 3 | H202: Nakheel | I202: ASGC | J202: Award | K202: Lump Sum | L202: 76187 | M202: 224528 | N202: 89355 | O202: Public Realm - Park | P202: 0 | Q202: =$P202/L202 -> 0 | R202: =$P202/M202 -> 0 | S202: =$P202/N202 -> 0 | T202: =N202/M202 -> 0.39796818 | U202: =L202/M202 -> 0.33932071 | V202: 2021 | W202: YES
A203: 728 | B203: Residential | C203: United Arab Emirates | D203: Dubai | E203: Jebel Ali | F203: Project 22.1 | G203: Al Furjan Package 3 | H203: Nakheel | I203: ASGC | J203: Award | K203: Lump Sum | L203: 76187 | M203: 224528 | N203: 89355 | O203: Bridges & Tunnels | P203: 0 | Q203: =$P203/L203 -> 0 | R203: =$P203/M203 -> 0 | S203: =$P203/N203 -> 0 | T203: =N203/M203 -> 0.39796818 | U203: =L203/M203 -> 0.33932071 | V203: 2021 | W203: YES
A204: 729 | B204: Residential | C204: United Arab Emirates | D204: Dubai | E204: Jebel Ali | F204: Project 22.1 | G204: Al Furjan Package 3 | H204: Nakheel | I204: ASGC | J204: Award | K204: Lump Sum | L204: 76187 | M204: 224528 | N204: 89355 | O204: Land Reclamation & Marine | P204: 0 | Q204: =$P204/L204 -> 0 | R204: =$P204/M204 -> 0 | S204: =$P204/N204 -> 0 | T204: =N204/M204 -> 0.39796818 | U204: =L204/M204 -> 0.33932071 | V204: 2021 | W204: YES
A205: 801 | B205: Residential | C205: United Arab Emirates | D205: Dubai | E205: Jebel Ali | F205: Project 22.2 | G205: Al Furjan Package 5 | H205: Nakheel | I205: ASGC | J205: Award | K205: Lump Sum | L205: 80570 | M205: 233506 | N205: 79924 | O205: Preliminaries | P205: 6239606.2 | Q205: =$P205/L205 -> 77.443294 | R205: =$P205/M205 -> 26.721396 | S205: =$P205/N205 -> 78.069243 | T205: =N205/M205 -> 0.34227814 | U205: =L205/M205 -> 0.34504467 | V205: 2021 | W205: YES
A206: 802 | B206: Residential | C206: United Arab Emirates | D206: Dubai | E206: Jebel Ali | F206: Project 22.2 | G206: Al Furjan Package 5 | H206: Nakheel | I206: ASGC | J206: Award | K206: Lump Sum | L206: 80570 | M206: 233506 | N206: 79924 | O206: Ground Investigation | P206: 0 | Q206: =$P206/L206 -> 0 | R206: =$P206/M206 -> 0 | S206: =$P206/N206 -> 0 | T206: =N206/M206 -> 0.34227814 | U206: =L206/M206 -> 0.34504467 | V206: 2021 | W206: YES
A207: 803 | B207: Residential | C207: United Arab Emirates | D207: Dubai | E207: Jebel Ali | F207: Project 22.2 | G207: Al Furjan Package 5 | H207: Nakheel | I207: ASGC | J207: Award | K207: Lump Sum | L207: 80570 | M207: 233506 | N207: 79924 | O207: Demolition & Site Clearance | P207: 4120409.2 | Q207: =$P207/L207 -> 51.140738 | R207: =$P207/M207 -> 17.645839 | S207: =$P207/N207 -> 51.554092 | T207: =N207/M207 -> 0.34227814 | U207: =L207/M207 -> 0.34504467 | V207: 2021 | W207: YES
A208: 804 | B208: Residential | C208: United Arab Emirates | D208: Dubai | E208: Jebel Ali | F208: Project 22.2 | G208: Al Furjan Package 5 | H208: Nakheel | I208: ASGC | J208: Award | K208: Lump Sum | L208: 80570 | M208: 233506 | N208: 79924 | O208: Earthworks | P208: 1123818.2 | Q208: =$P208/L208 -> 13.948345 | R208: =$P208/M208 -> 4.8128021 | S208: =$P208/N208 -> 14.061085 | T208: =N208/M208 -> 0.34227814 | U208: =L208/M208 -> 0.34504467 | V208: 2021 | W208: YES
A209: 805 | B209: Residential | C209: United Arab Emirates | D209: Dubai | E209: Jebel Ali | F209: Project 22.2 | G209: Al Furjan Package 5 | H209: Nakheel | I209: ASGC | J209: Award | K209: Lump Sum | L209: 80570 | M209: 233506 | N209: 79924 | O209: Sewerage | P209: 6682238.8 | Q209: =$P209/L209 -> 82.937059 | R209: =$P209/M209 -> 28.61699 | S209: =$P209/N209 -> 83.607413 | T209: =N209/M209 -> 0.34227814 | U209: =L209/M209 -> 0.34504467 | V209: 2021 | W209: YES
A210: 806 | B210: Residential | C210: United Arab Emirates | D210: Dubai | E210: Jebel Ali | F210: Project 22.2 | G210: Al Furjan Package 5 | H210: Nakheel | I210: ASGC | J210: Award | K210: Lump Sum | L210: 80570 | M210: 233506 | N210: 79924 | O210: Stormwater | P210: 8685486 | Q210: =$P210/L210 -> 107.8005 | R210: =$P210/M210 -> 37.195986 | S210: =$P210/N210 -> 108.67181 | T210: =N210/M210 -> 0.34227814 | U210: =L210/M210 -> 0.34504467 | V210: 2021 | W210: YES
A211: 807 | B211: Residential | C211: United Arab Emirates | D211: Dubai | E211: Jebel Ali | F211: Project 22.2 | G211: Al Furjan Package 5 | H211: Nakheel | I211: ASGC | J211: Award | K211: Lump Sum | L211: 80570 | M211: 233506 | N211: 79924 | O211: Potable Water | P211: 11274837 | Q211: =$P211/L211 -> 139.9384 | R211: =$P211/M211 -> 48.284999 | S211: =$P211/N211 -> 141.06948 | T211: =N211/M211 -> 0.34227814 | U211: =L211/M211 -> 0.34504467 | V211: 2021 | W211: YES
A212: 808 | B212: Residential | C212: United Arab Emirates | D212: Dubai | E212: Jebel Ali | F212: Project 22.2 | G212: Al Furjan Package 5 | H212: Nakheel | I212: ASGC | J212: Award | K212: Lump Sum | L212: 80570 | M212: 233506 | N212: 79924 | O212: Irrigation | P212: 8636185.1 | Q212: =$P212/L212 -> 107.18859 | R212: =$P212/M212 -> 36.984853 | S212: =$P212/N212 -> 108.05497 | T212: =N212/M212 -> 0.34227814 | U212: =L212/M212 -> 0.34504467 | V212: 2021 | W212: YES
... A228: 824 | B228: Residential | C228: United Arab Emirates | D228: Dubai | E228: Jebel Ali | F228: Project 22.2 | G228: Al Furjan Package 5 | H228: Nakheel | I228: ASGC | J228: Award | K228: Lump Sum | L228: 80570 | M228: 233506 | N228: 79924 | O228: Roads | P228: 11228730 | Q228: =$P228/L228 -> 139.36614 | R228: =$P228/M228 -> 48.087544 | S228: =$P228/N228 -> 140.49259 | T228: =N228/M228 -> 0.34227814 | U228: =L228/M228 -> 0.34504467 | V228: 2021 | W228: YES
A229: 825 | B229: Residential | C229: United Arab Emirates | D229: Dubai | E229: Jebel Ali | F229: Project 22.2 | G229: Al Furjan Package 5 | H229: Nakheel | I229: ASGC | J229: Award | K229: Lump Sum | L229: 80570 | M229: 233506 | N229: 79924 | O229: Streetscape | Q229: =$P229/L229 -> 0 | R229: =$P229/M229 -> 0 | S229: =$P229/N229 -> 0 | T229: =N229/M229 -> 0.34227814 | U229: =L229/M229 -> 0.34504467 | V229: 2021 | W229: YES
A230: 826 | B230: Residential | C230: United Arab Emirates | D230: Dubai | E230: Jebel Ali | F230: Project 22.2 | G230: Al Furjan Package 5 | H230: Nakheel | I230: ASGC | J230: Award | K230: Lump Sum | L230: 80570 | M230: 233506 | N230: 79924 | O230: Public Realm - Open Space | P230: 0 | Q230: =$P230/L230 -> 0 | R230: =$P230/M230 -> 0 | S230: =$P230/N230 -> 0 | T230: =N230/M230 -> 0.34227814 | U230: =L230/M230 -> 0.34504467 | V230: 2021 | W230: YES
A231: 827 | B231: Residential | C231: United Arab Emirates | D231: Dubai | E231: Jebel Ali | F231: Project 22.2 | G231: Al Furjan Package 5 | H231: Nakheel | I231: ASGC | J231: Award | K231: Lump Sum | L231: 80570 | M231: 233506 | N231: 79924 | O231: Public Realm - Park | P231: 0 | Q231: =$P231/L231 -> 0 | R231: =$P231/M231 -> 0 | S231: =$P231/N231 -> 0 | T231: =N231/M231 -> 0.34227814 | U231: =L231/M231 -> 0.34504467 | V231: 2021 | W231: YES
A232: 828 | B232: Residential | C232: United Arab Emirates | D232: Dubai | E232: Jebel Ali | F232: Project 22.2 | G232: Al Furjan Package 5 | H232: Nakheel | I232: ASGC | J232: Award | K232: Lump Sum | L232: 80570 | M232: 233506 | N232: 79924 | O232: Bridges & Tunnels | P232: 0 | Q232: =$P232/L232 -> 0 | R232: =$P232/M232 -> 0 | S232: =$P232/N232 -> 0 | T232: =N232/M232 -> 0.34227814 | U232: =L232/M232 -> 0.34504467 | V232: 2021 | W232: YES
A233: 829 | B233: Residential | C233: United Arab Emirates | D233: Dubai | E233: Jebel Ali | F233: Project 22.2 | G233: Al Furjan Package 5 | H233: Nakheel | I233: ASGC | J233: Award | K233: Lump Sum | L233: 80570 | M233: 233506 | N233: 79924 | O233: Land Reclamation & Marine | P233: 0 | Q233: =$P233/L233 -> 0 | R233: =$P233/M233 -> 0 | S233: =$P233/N233 -> 0 | T233: =N233/M233 -> 0.34227814 | U233: =L233/M233 -> 0.34504467 | V233: 2021 | W233: YES
A234: 901 | B234: Residential | C234: United Arab Emirates | D234: Dubai | E234: Al Barsha South | F234: Project 23.1 | G234: Dubai Hills Estate | H234: Emaar | I234: Multiple | J234: Award | K234: Lump Sum | L234: 2904714 | M234: 10851011 | N234: 6412481 | O234: Preliminaries | P234: 6.5192526e+08 | Q234: =$P234/L234 -> 224.43699 | R234: =$P234/M234 -> 60.079679 | S234: =$P234/N234 -> 101.66506 | T234: =N234/M234 -> 0.59095701 | U234: =L234/M234 -> 0.26769063 | V234: 2023 | W234: YES
A235: 902 | B235: Residential | C235: United Arab Emirates | D235: Dubai | E235: Al Barsha South | F235: Project 23.1 | G235: Dubai Hills Estate | H235: Emaar | I235: Multiple | J235: Award | K235: Lump Sum | L235: 2904714 | M235: 10851011 | N235: 6412481 | O235: Ground Investigation | P235: 0 | Q235: =$P235/L235 -> 0 | R235: =$P235/M235 -> 0 | S235: =$P235/N235 -> 0 | T235: =N235/M235 -> 0.59095701 | U235: =L235/M235 -> 0.26769063 | V235: 2023 | W235: YES
A236: 903 | B236: Residential | C236: United Arab Emirates | D236: Dubai | E236: Al Barsha South | F236: Project 23.1 | G236: Dubai Hills Estate | H236: Emaar | I236: Multiple | J236: Award | K236: Lump Sum | L236: 2904714 | M236: 10851011 | N236: 6412481 | O236: Demolition & Site Clearance | P236: 70929000 | Q236: =$P236/L236 -> 24.418583 | R236: =$P236/M236 -> 6.5366259 | S236: =$P236/N236 -> 11.061085 | T236: =N236/M236 -> 0.59095701 | U236: =L236/M236 -> 0.26769063 | V236: 2023 | W236: YES
A237: 904 | B237: Residential | C237: United Arab Emirates | D237: Dubai | E237: Al Barsha South | F237: Project 23.1 | G237: Dubai Hills Estate | H237: Emaar | I237: Multiple | J237: Award | K237: Lump Sum | L237: 2904714 | M237: 10851011 | N237: 6412481 | O237: Earthworks | P237: 1.2149271e+08 | Q237: =$P237/L237 -> 41.82605 | R237: =$P237/M237 -> 11.196442 | S237: =$P237/N237 -> 18.946288 | T237: =N237/M237 -> 0.59095701 | U237: =L237/M237 -> 0.26769063 | V237: 2023 | W237: YES
A238: 905 | B238: Residential | C238: United Arab Emirates | D238: Dubai | E238: Al Barsha South | F238: Project 23.1 | G238: Dubai Hills Estate | H238: Emaar | I238: Multiple | J238: Award | K238: Lump Sum | L238: 2904714 | M238: 10851011 | N238: 6412481 | O238: Sewerage | P238: 4.4648258e+08 | Q238: =$P238/L238 -> 153.70965 | R238: =$P238/M238 -> 41.146634 | S238: =$P238/N238 -> 69.62712 | T238: =N238/M238 -> 0.59095701 | U238: =L238/M238 -> 0.26769063 | V238: 2023 | W238: YES
A239: 906 | B239: Residential | C239: United Arab Emirates | D239: Dubai | E239: Al Barsha South | F239: Project 23.1 | G239: Dubai Hills Estate | H239: Emaar | I239: Multiple | J239: Award | K239: Lump Sum | L239: 2904714 | M239: 10851011 | N239: 6412481 | O239: Stormwater | P239: 3.1362699e+08 | Q239: =$P239/L239 -> 107.97173 | R239: =$P239/M239 -> 28.90302 | S239: =$P239/N239 -> 48.908837 | T239: =N239/M239 -> 0.59095701 | U239: =L239/M239 -> 0.26769063 | V239: 2023 | W239: YES
A240: 907 | B240: Residential | C240: United Arab Emirates | D240: Dubai | E240: Al Barsha South | F240: Project 23.1 | G240: Dubai Hills Estate | H240: Emaar | I240: Multiple | J240: Award | K240: Lump Sum | L240: 2904714 | M240: 10851011 | N240: 6412481 | O240: Potable Water | P240: 2.2054716e+08 | Q240: =$P240/L240 -> 75.927323 | R240: =$P240/M240 -> 20.325033 | S240: =$P240/N240 -> 34.393421 | T240: =N240/M240 -> 0.59095701 | U240: =L240/M240 -> 0.26769063 | V240: 2023 | W240: YES
A241: 908 | B241: Residential | C241: United Arab Emirates | D241: Dubai | E241: Al Barsha South | F241: Project 23.1 | G241: Dubai Hills Estate | H241: Emaar | I241: Multiple | J241: Award | K241: Lump Sum | L241: 2904714 | M241: 10851011 | N241: 6412481 | O241: Irrigation | P241: 2.246335e+08 | Q241: =$P241/L241 -> 77.334118 | R241: =$P241/M241 -> 20.701619 | S241: =$P241/N241 -> 35.030668 | T241: =N241/M241 -> 0.59095701 | U241: =L241/M241 -> 0.26769063 | V241: 2023 | W241: YES
... A271: 1009 | B271: Residential | C271: United Arab Emirates | D271: Dubai | E271: Jebel Ali | F271: Project 24.1 | G271: PJA Fronds I to P | H271: Nakheel | I271: TBA | J271: Tender | K271: Remeasure | L271: 180376 | M271: 1771721 | N271: 827528 | O271: Chilled Water | P271: 0 | Q271: =$P271/L271 -> 0 | R271: =$P271/M271 -> 0 | S271: =$P271/N271 -> 0 | T271: =N271/M271 -> 0.4670758 | U271: =L271/M271 -> 0.10180835 | V271: 2024 | W271: YES
A272: 1010 | B272: Residential | C272: United Arab Emirates | D272: Dubai | E272: Jebel Ali | F272: Project 24.1 | G272: PJA Fronds I to P | H272: Nakheel | I272: TBA | J272: Tender | K272: Remeasure | L272: 180376 | M272: 1771721 | N272: 827528 | O272: Gas | P272: 32804051 | Q272: =$P272/L272 -> 181.86483 | R272: =$P272/M272 -> 18.515359 | S272: =$P272/N272 -> 39.641016 | T272: =N272/M272 -> 0.4670758 | U272: =L272/M272 -> 0.10180835 | V272: 2024 | W272: YES | Y272: =P272/8 -> 4100506.3
A273: 1011 | B273: Residential | C273: United Arab Emirates | D273: Dubai | E273: Jebel Ali | F273: Project 24.1 | G273: PJA Fronds I to P | H273: Nakheel | I273: TBA | J273: Tender | K273: Remeasure | L273: 180376 | M273: 1771721 | N273: 827528 | O273: Electrical | P273: 21714756 | Q273: =$P273/L273 -> 120.38606 | R273: =$P273/M273 -> 12.256306 | S273: =$P273/N273 -> 26.240509 | T273: =N273/M273 -> 0.4670758 | U273: =L273/M273 -> 0.10180835 | V273: 2024 | W273: YES
A274: 1012 | B274: Residential | C274: United Arab Emirates | D274: Dubai | E274: Jebel Ali | F274: Project 24.1 | G274: PJA Fronds I to P | H274: Nakheel | I274: TBA | J274: Tender | K274: Remeasure | L274: 180376 | M274: 1771721 | N274: 827528 | O274: Telecom | P274: 12358840 | Q274: =$P274/L274 -> 68.517098 | R274: =$P274/M274 -> 6.9756131 | S274: =$P274/N274 -> 14.934649 | T274: =N274/M274 -> 0.4670758 | U274: =L274/M274 -> 0.10180835 | V274: 2024 | W274: YES
A275: 1013 | B275: Residential | C275: United Arab Emirates | D275: Dubai | E275: Jebel Ali | F275: Project 24.1 | G275: PJA Fronds I to P | H275: Nakheel | I275: TBA | J275: Tender | K275: Remeasure | L275: 180376 | M275: 1771721 | N275: 827528 | O275: Security | P275: 9810209.7 | Q275: =$P275/L275 -> 54.387555 | R275: =$P275/M275 -> 5.5371075 | S275: =$P275/N275 -> 11.854837 | T275: =N275/M275 -> 0.4670758 | U275: =L275/M275 -> 0.10180835 | V275: 2024 | W275: YES
A276: 1014 | B276: Residential | C276: United Arab Emirates | D276: Dubai | E276: Jebel Ali | F276: Project 24.1 | G276: PJA Fronds I to P | H276: Nakheel | I276: TBA | J276: Tender | K276: Remeasure | L276: 180376 | M276: 1771721 | N276: 827528 | O276: Streetlighting | P276: 16089678 | Q276: =$P276/L276 -> 89.200768 | R276: =$P276/M276 -> 9.0813834 | S276: =$P276/N276 -> 19.443061 | T276: =N276/M276 -> 0.4670758 | U276: =L276/M276 -> 0.10180835 | V276: 2024 | W276: YES
A277: 1015 | B277: Residential | C277: United Arab Emirates | D277: Dubai | E277: Jebel Ali | F277: Project 24.1 | G277: PJA Fronds I to P | H277: Nakheel | I277: TBA | J277: Tender | K277: Remeasure | L277: 180376 | M277: 1771721 | N277: 827528 | O277: Employer's Network | P277: 0 | Q277: =$P277/L277 -> 0 | R277: =$P277/M277 -> 0 | S277: =$P277/N277 -> 0 | T277: =N277/M277 -> 0.4670758 | U277: =L277/M277 -> 0.10180835 | V277: 2024 | W277: YES
A278: 1016 | B278: Residential | C278: United Arab Emirates | D278: Dubai | E278: Jebel Ali | F278: Project 24.1 | G278: PJA Fronds I to P | H278: Nakheel | I278: TBA | J278: Tender | K278: Remeasure | L278: 180376 | M278: 1771721 | N278: 827528 | O278: Offsite Utility Connections | P278: 0 | Q278: =$P278/L278 -> 0 | R278: =$P278/M278 -> 0 | S278: =$P278/N278 -> 0 | T278: =N278/M278 -> 0.4670758 | U278: =L278/M278 -> 0.10180835 | V278: 2024 | W278: YES
A279: 1017 | B279: Residential | C279: United Arab Emirates | D279: Dubai | E279: Jebel Ali | F279: Project 24.1 | G279: PJA Fronds I to P | H279: Nakheel | I279: TBA | J279: Tender | K279: Remeasure | L279: 180376 | M279: 1771721 | N279: 827528 | O279: Sewerage Treatment Plant | P279: 0 | Q279: =$P279/L279 -> 0 | R279: =$P279/M279 -> 0 | S279: =$P279/N279 -> 0 | T279: =N279/M279 -> 0.4670758 | U279: =L279/M279 -> 0.10180835 | V279: 2024 | W279: YES
A280: 1018 | B280: Residential | C280: United Arab Emirates | D280: Dubai | E280: Jebel Ali | F280: Project 24.1 | G280: PJA Fronds I to P | H280: Nakheel | I280: TBA | J280: Tender | K280: Remeasure | L280: 180376 | M280: 1771721 | N280: 827528 | O280: Irrigation Pumping Station | P280: 0 | Q280: =$P280/L280 -> 0 | R280: =$P280/M280 -> 0 | S280: =$P280/N280 -> 0 | T280: =N280/M280 -> 0.4670758 | U280: =L280/M280 -> 0.10180835 | V280: 2024 | W280: YES
A281: 1019 | B281: Residential | C281: United Arab Emirates | D281: Dubai | E281: Jebel Ali | F281: Project 24.1 | G281: PJA Fronds I to P | H281: Nakheel | I281: TBA | J281: Tender | K281: Remeasure | L281: 180376 | M281: 1771721 | N281: 827528 | O281: Potable Water Pumping Station | P281: 0 | Q281: =$P281/L281 -> 0 | R281: =$P281/M281 -> 0 | S281: =$P281/N281 -> 0 | T281: =N281/M281 -> 0.4670758 | U281: =L281/M281 -> 0.10180835 | V281: 2024 | W281: YES
A282: 1020 | B282: Residential | C282: United Arab Emirates | D282: Dubai | E282: Jebel Ali | F282: Project 24.1 | G282: PJA Fronds I to P | H282: Nakheel | I282: TBA | J282: Tender | K282: Remeasure | L282: 180376 | M282: 1771721 | N282: 827528 | O282: District Cooling Plant | P282: 0 | Q282: =$P282/L282 -> 0 | R282: =$P282/M282 -> 0 | S282: =$P282/N282 -> 0 | T282: =N282/M282 -> 0.4670758 | U282: =L282/M282 -> 0.10180835 | V282: 2024 | W282: YES
A283: 1021 | B283: Residential | C283: United Arab Emirates | D283: Dubai | E283: Jebel Ali | F283: Project 24.1 | G283: PJA Fronds I to P | H283: Nakheel | I283: TBA | J283: Tender | K283: Remeasure | L283: 180376 | M283: 1771721 | N283: 827528 | O283: Substation - 132kV | P283: 0 | Q283: =$P283/L283 -> 0 | R283: =$P283/M283 -> 0 | S283: =$P283/N283 -> 0 | T283: =N283/M283 -> 0.4670758 | U283: =L283/M283 -> 0.10180835 | V283: 2024 | W283: YES
A284: 1022 | B284: Residential | C284: United Arab Emirates | D284: Dubai | E284: Jebel Ali | F284: Project 24.1 | G284: PJA Fronds I to P | H284: Nakheel | I284: TBA | J284: Tender | K284: Remeasure | L284: 180376 | M284: 1771721 | N284: 827528 | O284: Substation - 0.4/11-22kV | P284: 0 | Q284: =$P284/L284 -> 0 | R284: =$P284/M284 -> 0 | S284: =$P284/N284 -> 0 | T284: =N284/M284 -> 0.4670758 | U284: =L284/M284 -> 0.10180835 | V284: 2024 | W284: YES
... A349: 1229 | B349: Residential | C349: United Arab Emirates | D349: Dubai | E349: Jebel Ali | F349: Project 24.3 | G349: PJA Spine District | H349: Nakheel | I349: TBA | J349: Tender | K349: Lump Sum | L349: 240859 | M349: 1049984 | N349: 613513 | O349: Land Reclamation & Marine | P349: 0 | Q349: =$P349/L349 -> 0 | R349: =$P349/M349 -> 0 | S349: =$P349/N349 -> 0 | T349: =N349/M349 -> 0.584307 | U349: =L349/M349 -> 0.22939302 | V349: 2024 | W349: YES
L351: ROW | M351: GLA | N351: GFA | P351: Total Cost | Q351: ROW Rate | R351: GLA Rate | S351: GFA Rate | T351: FAR | U351: ROW/GLA | V351: Year
L352: =SUMIF($G$2:$G$349,$O352,L$2:L$349)/29 -> 100434 | M352: =SUMIF($G$2:$G$349,$O352,M$2:M$349)/29 -> 223475 | N352: =SUMIF($G$2:$G$349,$O352,N$2:N$349)/29 -> 150223 | O352: Al Ghadeer | P352: =SUMIF($G$2:$G$349,$O352,P$2:P$349) -> 58882382 | Q352: =SUMIF($G$2:$G$349,$O352,Q$2:Q$349) -> 586.27937 | R352: =SUMIF($G$2:$G$349,$O352,R$2:R$349) -> 263.48532 | S352: =SUMIF($G$2:$G$349,$O352,S$2:S$349) -> 391.96649 | T352: =SUMIF($G$2:$G$349,$O352,T$2:T$349)/29 -> 0.67221389 | U352: =SUMIF($G$2:$G$349,$O352,U$2:U$349)/29 -> 0.4494194 | V352: =SUMIF($G$2:$G$349,$O352,V$2:V$349)/29 -> 2016 | W352: =COUNTIF(W$2:W$349,"NO")/29 -> 5
L353: =SUMIF($G$2:$G$349,$O353,L$2:L$349)/29 -> 222037 | M353: =SUMIF($G$2:$G$349,$O353,M$2:M$349)/29 -> 645627 | N353: =SUMIF($G$2:$G$349,$O353,N$2:N$349)/29 -> 310994 | O353: Merief | P353: =SUMIF($G$2:$G$349,$O353,P$2:P$349) -> 223918692 | Q353: =SUMIF($G$2:$G$349,$O353,Q$2:Q$349) -> 1008.4747 | R353: =SUMIF($G$2:$G$349,$O353,R$2:R$349) -> 346.82362 | S353: =SUMIF($G$2:$G$349,$O353,S$2:S$349) -> 720.00969 | T353: =SUMIF($G$2:$G$349,$O353,T$2:T$349)/29 -> 0.48169299 | U353: =SUMIF($G$2:$G$349,$O353,U$2:U$349)/29 -> 0.3439091 | V353: =SUMIF($G$2:$G$349,$O353,V$2:V$349)/29 -> 2016
L354: =SUMIF($G$2:$G$349,$O354,L$2:L$349)/29 -> 121133 | M354: =SUMIF($G$2:$G$349,$O354,M$2:M$349)/29 -> 446985 | N354: =SUMIF($G$2:$G$349,$O354,N$2:N$349)/29 -> 282420 | O354: Nareel Island | P354: =SUMIF($G$2:$G$349,$O354,P$2:P$349) -> 171010585 | Q354: =SUMIF($G$2:$G$349,$O354,Q$2:Q$349) -> 1411.7589 | R354: =SUMIF($G$2:$G$349,$O354,R$2:R$349) -> 382.58685 | S354: =SUMIF($G$2:$G$349,$O354,S$2:S$349) -> 605.51868 | T354: =SUMIF($G$2:$G$349,$O354,T$2:T$349)/29 -> 0.63183328 | U354: =SUMIF($G$2:$G$349,$O354,U$2:U$349)/29 -> 0.27100015 | V354: =SUMIF($G$2:$G$349,$O354,V$2:V$349)/29 -> 2016
L355: =SUMIF($G$2:$G$349,$O355,L$2:L$349)/29 -> 580094 | M355: =SUMIF($G$2:$G$349,$O355,M$2:M$349)/29 -> 2044670 | N355: =SUMIF($G$2:$G$349,$O355,N$2:N$349)/29 -> 710886 | O355: West Yas | P355: =SUMIF($G$2:$G$349,$O355,P$2:P$349) -> 584876141 | Q355: =SUMIF($G$2:$G$349,$O355,Q$2:Q$349) -> 1008.2437 | R355: =SUMIF($G$2:$G$349,$O355,R$2:R$349) -> 286.04916 | S355: =SUMIF($G$2:$G$349,$O355,S$2:S$349) -> 822.74252 | T355: =SUMIF($G$2:$G$349,$O355,T$2:T$349)/29 -> 0.34767762 | U355: =SUMIF($G$2:$G$349,$O355,U$2:U$349)/29 -> 0.28371033 | V355: =SUMIF($G$2:$G$349,$O355,V$2:V$349)/29 -> 2016
L356: =SUMIF($G$2:$G$349,$O356,L$2:L$349)/29 -> 362564 | M356: =SUMIF($G$2:$G$349,$O356,M$2:M$349)/29 -> 830616 | N356: =SUMIF($G$2:$G$349,$O356,N$2:N$349)/29 -> 230390 | O356: Precinct G, H & D | P356: =SUMIF($G$2:$G$349,$O356,P$2:P$349) -> 413153267 | Q356: =SUMIF($G$2:$G$349,$O356,Q$2:Q$349) -> 1139.532 | R356: =SUMIF($G$2:$G$349,$O356,R$2:R$349) -> 497.40586 | S356: =SUMIF($G$2:$G$349,$O356,S$2:S$349) -> 1793.2778 | T356: =SUMIF($G$2:$G$349,$O356,T$2:T$349)/29 -> 0.27737246 | U356: =SUMIF($G$2:$G$349,$O356,U$2:U$349)/29 -> 0.43650014 | V356: =SUMIF($G$2:$G$349,$O356,V$2:V$349)/29 -> 2016
L357: =SUMIF($G$2:$G$349,$O357,L$2:L$349)/29 -> 157951 | M357: =SUMIF($G$2:$G$349,$O357,M$2:M$349)/29 -> 557289 | N357: =SUMIF($G$2:$G$349,$O357,N$2:N$349)/29 -> 119039 | O357: Al Jurf | P357: =SUMIF($G$2:$G$349,$O357,P$2:P$349) -> 181845675 | Q357: =SUMIF($G$2:$G$349,$O357,Q$2:Q$349) -> 1151.279 | R357: =SUMIF($G$2:$G$349,$O357,R$2:R$349) -> 326.30408 | S357: =SUMIF($G$2:$G$349,$O357,S$2:S$349) -> 1527.6143 | T357: =SUMIF($G$2:$G$349,$O357,T$2:T$349)/29 -> 0.21360371 | U357: =SUMIF($G$2:$G$349,$O357,U$2:U$349)/29 -> 0.28342745 | V357: =SUMIF($G$2:$G$349,$O357,V$2:V$349)/29 -> 2019 | W357: =COUNTIF(W$2:W$349,"YES")/29 -> 7
L358: =SUMIF($G$2:$G$349,$O358,L$2:L$349)/29 -> 76187 | M358: =SUMIF($G$2:$G$349,$O358,M$2:M$349)/29 -> 224528 | N358: =SUMIF($G$2:$G$349,$O358,N$2:N$349)/29 -> 89355 | O358: Al Furjan Package 3 | P358: =SUMIF($G$2:$G$349,$O358,P$2:P$349) -> 65252058 | Q358: =SUMIF($G$2:$G$349,$O358,Q$2:Q$349) -> 856.47234 | R358: =SUMIF($G$2:$G$349,$O358,R$2:R$349) -> 290.6188 | S358: =SUMIF($G$2:$G$349,$O358,S$2:S$349) -> 730.25637 | T358: =SUMIF($G$2:$G$349,$O358,T$2:T$349)/29 -> 0.39796818 | U358: =SUMIF($G$2:$G$349,$O358,U$2:U$349)/29 -> 0.33932071 | V358: =SUMIF($G$2:$G$349,$O358,V$2:V$349)/29 -> 2021
L359: =SUMIF($G$2:$G$349,$O359,L$2:L$349)/29 -> 80570 | M359: =SUMIF($G$2:$G$349,$O359,M$2:M$349)/29 -> 233506 | N359: =SUMIF($G$2:$G$349,$O359,N$2:N$349)/29 -> 79924 | O359: Al Furjan Package 5 | P359: =SUMIF($G$2:$G$349,$O359,P$2:P$349) -> 68635668 | Q359: =SUMIF($G$2:$G$349,$O359,Q$2:Q$349) -> 851.87623 | R359: =SUMIF($G$2:$G$349,$O359,R$2:R$349) -> 293.93535 | S359: =SUMIF($G$2:$G$349,$O359,S$2:S$349) -> 858.76168 | T359: =SUMIF($G$2:$G$349,$O359,T$2:T$349)/29 -> 0.34227814 | U359: =SUMIF($G$2:$G$349,$O359,U$2:U$349)/29 -> 0.34504467 | V359: =SUMIF($G$2:$G$349,$O359,V$2:V$349)/29 -> 2021
L360: =SUMIF($G$2:$G$349,$O360,L$2:L$349)/29 -> 2904714 | M360: =SUMIF($G$2:$G$349,$O360,M$2:M$349)/29 -> 10851011 | N360: =SUMIF($G$2:$G$349,$O360,N$2:N$349)/29 -> 6412481 | O360: Dubai Hills Estate | P360: =SUMIF($G$2:$G$349,$O360,P$2:P$349) -> 6.5192526e+09 | Q360: =SUMIF($G$2:$G$349,$O360,Q$2:Q$349) -> 2244.3699 | R360: =SUMIF($G$2:$G$349,$O360,R$2:R$349) -> 600.79679 | S360: =SUMIF($G$2:$G$349,$O360,S$2:S$349) -> 1016.6506 | T360: =SUMIF($G$2:$G$349,$O360,T$2:T$349)/29 -> 0.59095701 | U360: =SUMIF($G$2:$G$349,$O360,U$2:U$349)/29 -> 0.26769063 | V360: =SUMIF($G$2:$G$349,$O360,V$2:V$349)/29 -> 2023
L361: =SUMIF($G$2:$G$349,$O361,L$2:L$349)/29 -> 180376 | M361: =SUMIF($G$2:$G$349,$O361,M$2:M$349)/29 -> 1771721 | N361: =SUMIF($G$2:$G$349,$O361,N$2:N$349)/29 -> 827528 | O361: PJA Fronds I to P | P361: =SUMIF($G$2:$G$349,$O361,P$2:P$349) -> 5.58787e+08 | Q361: =SUMIF($G$2:$G$349,$O361,Q$2:Q$349) -> 3097.9011 | R361: =SUMIF($G$2:$G$349,$O361,R$2:R$349) -> 315.39221 | S361: =SUMIF($G$2:$G$349,$O361,S$2:S$349) -> 675.24845 | T361: =SUMIF($G$2:$G$349,$O361,T$2:T$349)/29 -> 0.4670758 | U361: =SUMIF($G$2:$G$349,$O361,U$2:U$349)/29 -> 0.10180835 | V361: =SUMIF($G$2:$G$349,$O361,V$2:V$349)/29 -> 2024
L362: =SUMIF($G$2:$G$349,$O362,L$2:L$349)/29 -> 106864 | M362: =SUMIF($G$2:$G$349,$O362,M$2:M$349)/29 -> 737134 | N362: =SUMIF($G$2:$G$349,$O362,N$2:N$349)/29 -> 777670 | O362: Ghaf Woods | P362: =SUMIF($G$2:$G$349,$O362,P$2:P$349) -> 2.927849e+08 | Q362: =SUMIF($G$2:$G$349,$O362,Q$2:Q$349) -> 2739.7898 | R362: =SUMIF($G$2:$G$349,$O362,R$2:R$349) -> 397.19359 | S362: =SUMIF($G$2:$G$349,$O362,S$2:S$349) -> 376.4899 | T362: =SUMIF($G$2:$G$349,$O362,T$2:T$349)/29 -> 1.0549914 | U362: =SUMIF($G$2:$G$349,$O362,U$2:U$349)/29 -> 0.14497228 | V362: =SUMIF($G$2:$G$349,$O362,V$2:V$349)/29 -> 2024
L363: =SUMIF($G$2:$G$349,$O363,L$2:L$349)/29 -> 240859 | M363: =SUMIF($G$2:$G$349,$O363,M$2:M$349)/29 -> 1049984 | N363: =SUMIF($G$2:$G$349,$O363,N$2:N$349)/29 -> 613513 | O363: PJA Spine District | P363: =SUMIF($G$2:$G$349,$O363,P$2:P$349) -> 4.0442456e+08 | Q363: =SUMIF($G$2:$G$349,$O363,Q$2:Q$349) -> 1679.0926 | R363: =SUMIF($G$2:$G$349,$O363,R$2:R$349) -> 385.17211 | S363: =SUMIF($G$2:$G$349,$O363,S$2:S$349) -> 659.19476 | T363: =SUMIF($G$2:$G$349,$O363,T$2:T$349)/29 -> 0.584307 | U363: =SUMIF($G$2:$G$349,$O363,U$2:U$349)/29 -> 0.22939302 | V363: =SUMIF($G$2:$G$349,$O363,V$2:V$349)/29 -> 2024
Q934: ='Infrastructure Benchmarks'!$B2:$V262/'Infrastructure Benchmarks'!$B2:$V262 -> #VALUE!
Q935: ='Infrastructure Benchmarks'!$B2:$V262/'Infrastructure Benchmarks'!$B2:$V262 -> #VALUE!
Q936: ='Infrastructure Benchmarks'!$B2:$V262/'Infrastructure Benchmarks'!$B2:$V262 -> #VALUE!
Q937: ='Infrastructure Benchmarks'!$B2:$V262/'Infrastructure Benchmarks'!$B2:$V262 -> #VALUE!
Q938: ='Infrastructure Benchmarks'!$B2:$V262/'Infrastructure Benchmarks'!$B2:$V262 -> #VALUE!
Q939: ='Infrastructure Benchmarks'!$B2:$V262/'Infrastructure Benchmarks'!$B2:$V262 -> #VALUE!
Q940: ='Infrastructure Benchmarks'!$B2:$V262/'Infrastructure Benchmarks'!$B2:$V262 -> #VALUE!
Q941: ='Infrastructure Benchmarks'!$B2:$V262/'Infrastructure Benchmarks'!$B2:$V262 -> #VALUE!
Q942: ='Infrastructure Benchmarks'!$B2:$V262/'Infrastructure Benchmarks'!$B2:$V262 -> #VALUE!
Q943: ='Infrastructure Benchmarks'!$B2:$V262/'Infrastructure Benchmarks'!$B2:$V262 -> #VALUE!
Q944: ='Infrastructure Benchmarks'!$B2:$V262/'Infrastructure Benchmarks'!$B2:$V262 -> #VALUE!
Q945: ='Infrastructure Benchmarks'!$B2:$V262/'Infrastructure Benchmarks'!$B2:$V262 -> #VALUE!
Q946: ='Infrastructure Benchmarks'!$B2:$V262/'Infrastructure Benchmarks'!$B2:$V262 -> #VALUE!
Q947: ='Infrastructure Benchmarks'!$B2:$V262/'Infrastructure Benchmarks'!$B2:$V262 -> #VALUE!
Q948: ='Infrastructure Benchmarks'!$B2:$V262/'Infrastructure Benchmarks'!$B2:$V262 -> #VALUE!
Q949: ='Infrastructure Benchmarks'!$B2:$V262/'Infrastructure Benchmarks'!$B2:$V262 -> #VALUE!
Q950: ='Infrastructure Benchmarks'!$B2:$V262/'Infrastructure Benchmarks'!$B2:$V262 -> #VALUE!
Q951: ='Infrastructure Benchmarks'!$B2:$V262/'Infrastructure Benchmarks'!$B2:$V262 -> #VALUE!
Q952: ='Infrastructure Benchmarks'!$B2:$V262/'Infrastructure Benchmarks'!$B2:$V262 -> #VALUE!
Q953: ='Infrastructure Benchmarks'!$B2:$V262/'Infrastructure Benchmarks'!$B2:$V262 -> #VALUE!
Q954: ='Infrastructure Benchmarks'!$B2:$V262/'Infrastructure Benchmarks'!$B2:$V262 -> #VALUE!
Q955: ='Infrastructure Benchmarks'!$B2:$V262/'Infrastructure Benchmarks'!$B2:$V262 -> #VALUE!
Q956: ='Infrastructure Benchmarks'!$B2:$V262/'Infrastructure Benchmarks'!$B2:$V262 -> #VALUE!
Q957: ='Infrastructure Benchmarks'!$B2:$V262/'Infrastructure Benchmarks'!$B2:$V262 -> #VALUE!
Q958: ='Infrastructure Benchmarks'!$B2:$V262/'Infrastructure Benchmarks'!$B2:$V262 -> #VALUE!
Q959: ='Infrastructure Benchmarks'!$B2:$V262/'Infrastructure Benchmarks'!$B2:$V262 -> #VALUE!
Q960: ='Infrastructure Benchmarks'!$B2:$V262/'Infrastructure Benchmarks'!$B2:$V262 -> #VALUE!
Q961: ='Infrastructure Benchmarks'!$B2:$V262/'Infrastructure Benchmarks'!$B2:$V262 -> #VALUE!
Q962: ='Infrastructure Benchmarks'!$B2:$V262/'Infrastructure Benchmarks'!$B2:$V262 -> #VALUE!
Q963: ='Infrastructure Benchmarks'!$B2:$V262/'Infrastructure Benchmarks'!$B2:$V262 -> #VALUE!
Q964: ='Infrastructure Benchmarks'!$B2:$V262/'Infrastructure Benchmarks'!$B2:$V262 -> #VALUE!
...

Sheet Sheet1
B4: Al Ghadeer | C4: Merief | D4: Nareel Island | E4: West Yas | F4: Precinct G, H & D | G4: Al Jurf | H4: Al Furjan Package 3 | I4: Al Furjan Package 5 | J4: Dubai Hills Estate | K4: PJA Fronds I to P | L4: Ghaf Woods | M4: PJA Spine District
A5: Preliminaries
A6: Ground Investigation
A7: Demolition & Site Clearance
A8: Earthworks
A9: Sewerage
A10: Stormwater
A11: Potable Water
A12: Irrigation
A13: Chilled Water
A14: Gas
A15: Electrical
A16: Telecom
... A33: Land Reclamation & Marine

Sheet Infrastructure Benchmarks-ref
A1: Asset | B1: Country | C1: City | D1: Area | E1: Column1 | F1: Project | G1: Employer | H1: Contractor | I1: Status | J1: Contract | K1: Right of Way Area | L1: GLA | M1: GFA | N1: Element | O1: Total Cost | P1: ROW Rate | Q1: GLA Rate | R1: GFA Rate | S1: Year
A2: Residential | B2: United Arab Emirates | C2: Dubai | D2: Jebel Ali | F2: Fronds I | G2: The Palm Jebel Ali CO. LLC | I2: Tender Return | J2: Lump Sum | N2: Preliminaries | P2: ='Infrastructure Benchmarks-ref'!$O2/'Infrastructure Benchmarks-ref'!$K2 -> #DIV/0! | Q2: ='Infrastructure Benchmarks-ref'!$O2/'Infrastructure Benchmarks-ref'!$L2 -> #DIV/0! | R2: ='Infrastructure Benchmarks-ref'!$O2/'Infrastructure Benchmarks-ref'!$M2 -> #DIV/0!
A3: Residential | B3: United Arab Emirates | C3: Dubai | D3: Jebel Ali | F3: Fronds I | G3: The Palm Jebel Ali CO. LLC | I3: Tender Return | J3: Lump Sum | N3: Ground Investigation | P3: ='Infrastructure Benchmarks-ref'!$O3/'Infrastructure Benchmarks-ref'!$K3 -> #DIV/0! | Q3: ='Infrastructure Benchmarks-ref'!$O3/'Infrastructure Benchmarks-ref'!$L3 -> #DIV/0! | R3: ='Infrastructure Benchmarks-ref'!$O3/'Infrastructure Benchmarks-ref'!$M3 -> #DIV/0!
A4: Residential | B4: United Arab Emirates | C4: Dubai | D4: Jebel Ali | F4: Fronds I | G4: The Palm Jebel Ali CO. LLC | I4: Tender Return | J4: Lump Sum | N4: Demolition & Site Clearance | O4: 29999 | P4: ='Infrastructure Benchmarks-ref'!$O4/'Infrastructure Benchmarks-ref'!$K4 -> #DIV/0! | Q4: ='Infrastructure Benchmarks-ref'!$O4/'Infrastructure Benchmarks-ref'!$L4 -> #DIV/0! | R4: ='Infrastructure Benchmarks-ref'!$O4/'Infrastructure Benchmarks-ref'!$M4 -> #DIV/0!
A5: Residential | B5: United Arab Emirates | C5: Dubai | D5: Jebel Ali | F5: Fronds I | G5: The Palm Jebel Ali CO. LLC | I5: Tender Return | J5: Lump Sum | N5: Earthworks | O5: 3122614 | P5: ='Infrastructure Benchmarks-ref'!$O5/'Infrastructure Benchmarks-ref'!$K5 -> #DIV/0! | Q5: ='Infrastructure Benchmarks-ref'!$O5/'Infrastructure Benchmarks-ref'!$L5 -> #DIV/0! | R5: ='Infrastructure Benchmarks-ref'!$O5/'Infrastructure Benchmarks-ref'!$M5 -> #DIV/0!
A6: Residential | B6: United Arab Emirates | C6: Dubai | D6: Jebel Ali | F6: Fronds I | G6: The Palm Jebel Ali CO. LLC | I6: Tender Return | J6: Lump Sum | N6: Sewerage | O6: =2227597.75+4329962 -> 6557559.8 | P6: ='Infrastructure Benchmarks-ref'!$O6/'Infrastructure Benchmarks-ref'!$K6 -> #DIV/0! | Q6: ='Infrastructure Benchmarks-ref'!$O6/'Infrastructure Benchmarks-ref'!$L6 -> #DIV/0! | R6: ='Infrastructure Benchmarks-ref'!$O6/'Infrastructure Benchmarks-ref'!$M6 -> #DIV/0!
A7: Residential | B7: United Arab Emirates | C7: Dubai | D7: Jebel Ali | F7: Fronds I | G7: The Palm Jebel Ali CO. LLC | I7: Tender Return | J7: Lump Sum | N7: Stormwater | O7: 2781340 | P7: ='Infrastructure Benchmarks-ref'!$O7/'Infrastructure Benchmarks-ref'!$K7 -> #DIV/0! | Q7: ='Infrastructure Benchmarks-ref'!$O7/'Infrastructure Benchmarks-ref'!$L7 -> #DIV/0! | R7: ='Infrastructure Benchmarks-ref'!$O7/'Infrastructure Benchmarks-ref'!$M7 -> #DIV/0!
A8: Residential | B8: United Arab Emirates | C8: Dubai | D8: Jebel Ali | F8: Fronds I | G8: The Palm Jebel Ali CO. LLC | I8: Tender Return | J8: Lump Sum | N8: Potable Water | O8: =3626597+2074818 -> 5701415 | P8: ='Infrastructure Benchmarks-ref'!$O8/'Infrastructure Benchmarks-ref'!$K8 -> #DIV/0! | Q8: ='Infrastructure Benchmarks-ref'!$O8/'Infrastructure Benchmarks-ref'!$L8 -> #DIV/0! | R8: ='Infrastructure Benchmarks-ref'!$O8/'Infrastructure Benchmarks-ref'!$M8 -> #DIV/0!
A9: Residential | B9: United Arab Emirates | C9: Dubai | D9: Jebel Ali | F9: Fronds I | G9: The Palm Jebel Ali CO. LLC | I9: Tender Return | J9: Lump Sum | N9: Irrigation | O9: 1220969 | P9: ='Infrastructure Benchmarks-ref'!$O9/'Infrastructure Benchmarks-ref'!$K9 -> #DIV/0! | Q9: ='Infrastructure Benchmarks-ref'!$O9/'Infrastructure Benchmarks-ref'!$L9 -> #DIV/0! | R9: ='Infrastructure Benchmarks-ref'!$O9/'Infrastructure Benchmarks-ref'!$M9 -> #DIV/0!
A10: Residential | B10: United Arab Emirates | C10: Dubai | D10: Jebel Ali | F10: Fronds I | G10: The Palm Jebel Ali CO. LLC | I10: Tender Return | J10: Lump Sum | N10: Chilled Water | P10: ='Infrastructure Benchmarks-ref'!$O10/'Infrastructure Benchmarks-ref'!$K10 -> #DIV/0! | Q10: ='Infrastructure Benchmarks-ref'!$O10/'Infrastructure Benchmarks-ref'!$L10 -> #DIV/0! | R10: ='Infrastructure Benchmarks-ref'!$O10/'Infrastructure Benchmarks-ref'!$M10 -> #DIV/0!
A11: Residential | B11: United Arab Emirates | C11: Dubai | D11: Jebel Ali | F11: Fronds I | G11: The Palm Jebel Ali CO. LLC | I11: Tender Return | J11: Lump Sum | N11: Gas | O11: =146516+3750000 -> 3896516 | P11: ='Infrastructure Benchmarks-ref'!$O11/'Infrastructure Benchmarks-ref'!$K11 -> #DIV/0! | Q11: ='Infrastructure Benchmarks-ref'!$O11/'Infrastructure Benchmarks-ref'!$L11 -> #DIV/0! | R11: ='Infrastructure Benchmarks-ref'!$O11/'Infrastructure Benchmarks-ref'!$M11 -> #DIV/0!
A12: Residential | B12: United Arab Emirates | C12: Dubai | D12: Jebel Ali | F12: Fronds I | G12: The Palm Jebel Ali CO. LLC | I12: Tender Return | J12: Lump Sum | N12: Electrical | O12: 2493989 | P12: ='Infrastructure Benchmarks-ref'!$O12/'Infrastructure Benchmarks-ref'!$K12 -> #DIV/0! | Q12: ='Infrastructure Benchmarks-ref'!$O12/'Infrastructure Benchmarks-ref'!$L12 -> #DIV/0! | R12: ='Infrastructure Benchmarks-ref'!$O12/'Infrastructure Benchmarks-ref'!$M12 -> #DIV/0!
A13: Residential | B13: United Arab Emirates | C13: Dubai | D13: Jebel Ali | F13: Fronds I | G13: The Palm Jebel Ali CO. LLC | I13: Tender Return | J13: Lump Sum | N13: Telecom | O13: 841204 | P13: ='Infrastructure Benchmarks-ref'!$O13/'Infrastructure Benchmarks-ref'!$K13 -> #DIV/0! | Q13: ='Infrastructure Benchmarks-ref'!$O13/'Infrastructure Benchmarks-ref'!$L13 -> #DIV/0! | R13: ='Infrastructure Benchmarks-ref'!$O13/'Infrastructure Benchmarks-ref'!$M13 -> #DIV/0!
A14: Residential | B14: United Arab Emirates | C14: Dubai | D14: Jebel Ali | F14: Fronds I | G14: The Palm Jebel Ali CO. LLC | I14: Tender Return | J14: Lump Sum | N14: Security | O14: 757152 | P14: ='Infrastructure Benchmarks-ref'!$O14/'Infrastructure Benchmarks-ref'!$K14 -> #DIV/0! | Q14: ='Infrastructure Benchmarks-ref'!$O14/'Infrastructure Benchmarks-ref'!$L14 -> #DIV/0! | R14: ='Infrastructure Benchmarks-ref'!$O14/'Infrastructure Benchmarks-ref'!$M14 -> #DIV/0!
A15: Residential | B15: United Arab Emirates | C15: Dubai | D15: Jebel Ali | F15: Fronds I | G15: The Palm Jebel Ali CO. LLC | I15: Tender Return | J15: Lump Sum | N15: Streetlighting | O15: 1919942 | P15: ='Infrastructure Benchmarks-ref'!$O15/'Infrastructure Benchmarks-ref'!$K15 -> #DIV/0! | Q15: ='Infrastructure Benchmarks-ref'!$O15/'Infrastructure Benchmarks-ref'!$L15 -> #DIV/0! | R15: ='Infrastructure Benchmarks-ref'!$O15/'Infrastructure Benchmarks-ref'!$M15 -> #DIV/0!
A16: Residential | B16: United Arab Emirates | C16: Dubai | D16: Jebel Ali | F16: Fronds I | G16: The Palm Jebel Ali CO. LLC | I16: Tender Return | J16: Lump Sum | N16: Employer's Network | P16: ='Infrastructure Benchmarks-ref'!$O16/'Infrastructure Benchmarks-ref'!$K16 -> #DIV/0! | Q16: ='Infrastructure Benchmarks-ref'!$O16/'Infrastructure Benchmarks-ref'!$L16 -> #DIV/0! | R16: ='Infrastructure Benchmarks-ref'!$O16/'Infrastructure Benchmarks-ref'!$M16 -> #DIV/0!
A17: Residential | B17: United Arab Emirates | C17: Dubai | D17: Jebel Ali | F17: Fronds I | G17: The Palm Jebel Ali CO. LLC | I17: Tender Return | J17: Lump Sum | N17: Offsite Utility Connections | P17: ='Infrastructure Benchmarks-ref'!$O17/'Infrastructure Benchmarks-ref'!$K17 -> #DIV/0! | Q17: ='Infrastructure Benchmarks-ref'!$O17/'Infrastructure Benchmarks-ref'!$L17 -> #DIV/0! | R17: ='Infrastructure Benchmarks-ref'!$O17/'Infrastructure Benchmarks-ref'!$M17 -> #DIV/0!
A18: Residential | B18: United Arab Emirates | C18: Dubai | D18: Jebel Ali | F18: Fronds I | G18: The Palm Jebel Ali CO. LLC | I18: Tender Return | J18: Lump Sum | N18: Sewerage Treatment Plant | P18: ='Infrastructure Benchmarks-ref'!$O18/'Infrastructure Benchmarks-ref'!$K18 -> #DIV/0! | Q18: ='Infrastructure Benchmarks-ref'!$O18/'Infrastructure Benchmarks-ref'!$L18 -> #DIV/0! | R18: ='Infrastructure Benchmarks-ref'!$O18/'Infrastructure Benchmarks-ref'!$M18 -> #DIV/0!
A19: Residential | B19: United Arab Emirates | C19: Dubai | D19: Jebel Ali | F19: Fronds I | G19: The Palm Jebel Ali CO. LLC | I19: Tender Return | J19: Lump Sum | N19: Irrigation Pumping Station | P19: ='Infrastructure Benchmarks-ref'!$O19/'Infrastructure Benchmarks-ref'!$K19 -> #DIV/0! | Q19: ='Infrastructure Benchmarks-ref'!$O19/'Infrastructure Benchmarks-ref'!$L19 -> #DIV/0! | R19: ='Infrastructure Benchmarks-ref'!$O19/'Infrastructure Benchmarks-ref'!$M19 -> #DIV/0!
A20: Residential | B20: United Arab Emirates | C20: Dubai | D20: Jebel Ali | F20: Fronds I | G20: The Palm Jebel Ali CO. LLC | I20: Tender Return | J20: Lump Sum | N20: Potable Water Pumping Station | P20: ='Infrastructure Benchmarks-ref'!$O20/'Infrastructure Benchmarks-ref'!$K20 -> #DIV/0! | Q20: ='Infrastructure Benchmarks-ref'!$O20/'Infrastructure Benchmarks-ref'!$L20 -> #DIV/0! | R20: ='Infrastructure Benchmarks-ref'!$O20/'Infrastructure Benchmarks-ref'!$M20 -> #DIV/0!
A21: Residential | B21: United Arab Emirates | C21: Dubai | D21: Jebel Ali | F21: Fronds I | G21: The Palm Jebel Ali CO. LLC | I21: Tender Return | J21: Lump Sum | N21: District Cooling Plant | P21: ='Infrastructure Benchmarks-ref'!$O21/'Infrastructure Benchmarks-ref'!$K21 -> #DIV/0! | Q21: ='Infrastructure Benchmarks-ref'!$O21/'Infrastructure Benchmarks-ref'!$L21 -> #DIV/0! | R21: ='Infrastructure Benchmarks-ref'!$O21/'Infrastructure Benchmarks-ref'!$M21 -> #DIV/0!
A22: Residential | B22: United Arab Emirates | C22: Dubai | D22: Jebel Ali | F22: Fronds I | G22: The Palm Jebel Ali CO. LLC | I22: Tender Return | J22: Lump Sum | N22: Substation - 132kV | P22: ='Infrastructure Benchmarks-ref'!$O22/'Infrastructure Benchmarks-ref'!$K22 -> #DIV/0! | Q22: ='Infrastructure Benchmarks-ref'!$O22/'Infrastructure Benchmarks-ref'!$L22 -> #DIV/0! | R22: ='Infrastructure Benchmarks-ref'!$O22/'Infrastructure Benchmarks-ref'!$M22 -> #DIV/0!
A23: Residential | B23: United Arab Emirates | C23: Dubai | D23: Jebel Ali | F23: Fronds I | G23: The Palm Jebel Ali CO. LLC | I23: Tender Return | J23: Lump Sum | N23: Substation - 0.4/11-22kV | P23: ='Infrastructure Benchmarks-ref'!$O23/'Infrastructure Benchmarks-ref'!$K23 -> #DIV/0! | Q23: ='Infrastructure Benchmarks-ref'!$O23/'Infrastructure Benchmarks-ref'!$L23 -> #DIV/0! | R23: ='Infrastructure Benchmarks-ref'!$O23/'Infrastructure Benchmarks-ref'!$M23 -> #DIV/0!
A24: Residential | B24: United Arab Emirates | C24: Dubai | D24: Jebel Ali | F24: Fronds I | G24: The Palm Jebel Ali CO. LLC | I24: Tender Return | J24: Lump Sum | N24: Other Utility Buildings | P24: ='Infrastructure Benchmarks-ref'!$O24/'Infrastructure Benchmarks-ref'!$K24 -> #DIV/0! | Q24: ='Infrastructure Benchmarks-ref'!$O24/'Infrastructure Benchmarks-ref'!$L24 -> #DIV/0! | R24: ='Infrastructure Benchmarks-ref'!$O24/'Infrastructure Benchmarks-ref'!$M24 -> #DIV/0!
A25: Residential | B25: United Arab Emirates | C25: Dubai | D25: Jebel Ali | F25: Fronds I | G25: The Palm Jebel Ali CO. LLC | I25: Tender Return | J25: Lump Sum | N25: Roads | O25: =4432975+15979 -> 4448954 | P25: ='Infrastructure Benchmarks-ref'!$O25/'Infrastructure Benchmarks-ref'!$K25 -> #DIV/0! | Q25: ='Infrastructure Benchmarks-ref'!$O25/'Infrastructure Benchmarks-ref'!$L25 -> #DIV/0! | R25: ='Infrastructure Benchmarks-ref'!$O25/'Infrastructure Benchmarks-ref'!$M25 -> #DIV/0!
A26: Residential | B26: United Arab Emirates | C26: Dubai | D26: Jebel Ali | F26: Fronds I | G26: The Palm Jebel Ali CO. LLC | I26: Tender Return | J26: Lump Sum | N26: Streetscape | P26: ='Infrastructure Benchmarks-ref'!$O26/'Infrastructure Benchmarks-ref'!$K26 -> #DIV/0! | Q26: ='Infrastructure Benchmarks-ref'!$O26/'Infrastructure Benchmarks-ref'!$L26 -> #DIV/0! | R26: ='Infrastructure Benchmarks-ref'!$O26/'Infrastructure Benchmarks-ref'!$M26 -> #DIV/0!
A27: Residential | B27: United Arab Emirates | C27: Dubai | D27: Jebel Ali | F27: Fronds I | G27: The Palm Jebel Ali CO. LLC | I27: Tender Return | J27: Lump Sum | N27: Public Realm - Open Space | P27: ='Infrastructure Benchmarks-ref'!$O27/'Infrastructure Benchmarks-ref'!$K27 -> #DIV/0! | Q27: ='Infrastructure Benchmarks-ref'!$O27/'Infrastructure Benchmarks-ref'!$L27 -> #DIV/0! | R27: ='Infrastructure Benchmarks-ref'!$O27/'Infrastructure Benchmarks-ref'!$M27 -> #DIV/0!
A28: Residential | B28: United Arab Emirates | C28: Dubai | D28: Jebel Ali | F28: Fronds I | G28: The Palm Jebel Ali CO. LLC | I28: Tender Return | J28: Lump Sum | N28: Public Realm - Park | P28: ='Infrastructure Benchmarks-ref'!$O28/'Infrastructure Benchmarks-ref'!$K28 -> #DIV/0! | Q28: ='Infrastructure Benchmarks-ref'!$O28/'Infrastructure Benchmarks-ref'!$L28 -> #DIV/0! | R28: ='Infrastructure Benchmarks-ref'!$O28/'Infrastructure Benchmarks-ref'!$M28 -> #DIV/0!
A29: Residential | B29: United Arab Emirates | C29: Dubai | D29: Jebel Ali | F29: Fronds I | G29: The Palm Jebel Ali CO. LLC | I29: Tender Return | J29: Lump Sum | N29: Bridges & Tunnels | P29: ='Infrastructure Benchmarks-ref'!$O29/'Infrastructure Benchmarks-ref'!$K29 -> #DIV/0! | Q29: ='Infrastructure Benchmarks-ref'!$O29/'Infrastructure Benchmarks-ref'!$L29 -> #DIV/0! | R29: ='Infrastructure Benchmarks-ref'!$O29/'Infrastructure Benchmarks-ref'!$M29 -> #DIV/0!
A30: Residential | B30: United Arab Emirates | C30: Dubai | D30: Jebel Ali | F30: Fronds I | G30: The Palm Jebel Ali CO. LLC | I30: Tender Return | J30: Lump Sum | N30: Land Reclamation & Marine | P30: ='Infrastructure Benchmarks-ref'!$O30/'Infrastructure Benchmarks-ref'!$K30 -> #DIV/0! | Q30: ='Infrastructure Benchmarks-ref'!$O30/'Infrastructure Benchmarks-ref'!$L30 -> #DIV/0! | R30: ='Infrastructure Benchmarks-ref'!$O30/'Infrastructure Benchmarks-ref'!$M30 -> #DIV/0!
A32: Residential | B32: United Arab Emirates | C32: Dubai | D32: Jebel Ali | F32: Fronds J | G32: The Palm Jebel Ali CO. LLC | I32: Tender Return | J32: Lump Sum | N32: Potable Water | O32: =3504195+3085106 -> 6589301 | P32: ='Infrastructure Benchmarks-ref'!$O32/'Infrastructure Benchmarks-ref'!$K32 -> #DIV/0! | Q32: ='Infrastructure Benchmarks-ref'!$O32/'Infrastructure Benchmarks-ref'!$L32 -> #DIV/0! | R32: ='Infrastructure Benchmarks-ref'!$O32/'Infrastructure Benchmarks-ref'!$M32 -> #DIV/0!
A33: Residential | B33: United Arab Emirates | C33: Dubai | D33: Jebel Ali | F33: Fronds J | G33: The Palm Jebel Ali CO. LLC | I33: Tender Return | J33: Lump Sum | N33: Irrigation | O33: 2232935 | P33: ='Infrastructure Benchmarks-ref'!$O33/'Infrastructure Benchmarks-ref'!$K33 -> #DIV/0! | Q33: ='Infrastructure Benchmarks-ref'!$O33/'Infrastructure Benchmarks-ref'!$L33 -> #DIV/0! | R33: ='Infrastructure Benchmarks-ref'!$O33/'Infrastructure Benchmarks-ref'!$M33 -> #DIV/0!
A34: Residential | B34: United Arab Emirates | C34: Dubai | D34: Jebel Ali | F34: Fronds J | G34: The Palm Jebel Ali CO. LLC | I34: Tender Return | J34: Lump Sum | N34: Chilled Water | P34: ='Infrastructure Benchmarks-ref'!$O34/'Infrastructure Benchmarks-ref'!$K34 -> #DIV/0! | Q34: ='Infrastructure Benchmarks-ref'!$O34/'Infrastructure Benchmarks-ref'!$L34 -> #DIV/0! | R34: ='Infrastructure Benchmarks-ref'!$O34/'Infrastructure Benchmarks-ref'!$M34 -> #DIV/0!
A35: Residential | B35: United Arab Emirates | C35: Dubai | D35: Jebel Ali | F35: Fronds J | G35: The Palm Jebel Ali CO. LLC | I35: Tender Return | J35: Lump Sum | N35: Gas | O35: =233148+3750000 -> 3983148 | P35: ='Infrastructure Benchmarks-ref'!$O35/'Infrastructure Benchmarks-ref'!$K35 -> #DIV/0! | Q35: ='Infrastructure Benchmarks-ref'!$O35/'Infrastructure Benchmarks-ref'!$L35 -> #DIV/0! | R35: ='Infrastructure Benchmarks-ref'!$O35/'Infrastructure Benchmarks-ref'!$M35 -> #DIV/0!
A36: Residential | B36: United Arab Emirates | C36: Dubai | D36: Jebel Ali | F36: Fronds J | G36: The Palm Jebel Ali CO. LLC | I36: Tender Return | J36: Lump Sum | N36: Electrical | O36: 3804956 | P36: ='Infrastructure Benchmarks-ref'!$O36/'Infrastructure Benchmarks-ref'!$K36 -> #DIV/0! | Q36: ='Infrastructure Benchmarks-ref'!$O36/'Infrastructure Benchmarks-ref'!$L36 -> #DIV/0! | R36: ='Infrastructure Benchmarks-ref'!$O36/'Infrastructure Benchmarks-ref'!$M36 -> #DIV/0!
A37: Residential | B37: United Arab Emirates | C37: Dubai | D37: Jebel Ali | F37: Fronds J | G37: The Palm Jebel Ali CO. LLC | I37: Tender Return | J37: Lump Sum | N37: Telecom | O37: 1299229 | P37: ='Infrastructure Benchmarks-ref'!$O37/'Infrastructure Benchmarks-ref'!$K37 -> #DIV/0! | Q37: ='Infrastructure Benchmarks-ref'!$O37/'Infrastructure Benchmarks-ref'!$L37 -> #DIV/0! | R37: ='Infrastructure Benchmarks-ref'!$O37/'Infrastructure Benchmarks-ref'!$M37 -> #DIV/0!
A38: Residential | B38: United Arab Emirates | C38: Dubai | D38: Jebel Ali | F38: Fronds J | G38: The Palm Jebel Ali CO. LLC | I38: Tender Return | J38: Lump Sum | N38: Security | O38: 1165033 | P38: ='Infrastructure Benchmarks-ref'!$O38/'Infrastructure Benchmarks-ref'!$K38 -> #DIV/0! | Q38: ='Infrastructure Benchmarks-ref'!$O38/'Infrastructure Benchmarks-ref'!$L38 -> #DIV/0! | R38: ='Infrastructure Benchmarks-ref'!$O38/'Infrastructure Benchmarks-ref'!$M38 -> #DIV/0!
A39: Residential | B39: United Arab Emirates | C39: Dubai | D39: Jebel Ali | F39: Fronds J | G39: The Palm Jebel Ali CO. LLC | I39: Tender Return | J39: Lump Sum | N39: Streetlighting | O39: 3121561 | P39: ='Infrastructure Benchmarks-ref'!$O39/'Infrastructure Benchmarks-ref'!$K39 -> #DIV/0! | Q39: ='Infrastructure Benchmarks-ref'!$O39/'Infrastructure Benchmarks-ref'!$L39 -> #DIV/0! | R39: ='Infrastructure Benchmarks-ref'!$O39/'Infrastructure Benchmarks-ref'!$M39 -> #DIV/0!
A40: Residential | B40: United Arab Emirates | C40: Dubai | D40: Jebel Ali | F40: Fronds J | G40: The Palm Jebel Ali CO. LLC | I40: Tender Return | J40: Lump Sum | N40: Employer's Network | P40: ='Infrastructure Benchmarks-ref'!$O40/'Infrastructure Benchmarks-ref'!$K40 -> #DIV/0! | Q40: ='Infrastructure Benchmarks-ref'!$O40/'Infrastructure Benchmarks-ref'!$L40 -> #DIV/0! | R40: ='Infrastructure Benchmarks-ref'!$O40/'Infrastructure Benchmarks-ref'!$M40 -> #DIV/0!
A41: Residential | B41: United Arab Emirates | C41: Dubai | D41: Jebel Ali | F41: Fronds J | G41: The Palm Jebel Ali CO. LLC | I41: Tender Return | J41: Lump Sum | N41: Offsite Utility Connections | P41: ='Infrastructure Benchmarks-ref'!$O41/'Infrastructure Benchmarks-ref'!$K41 -> #DIV/0! | Q41: ='Infrastructure Benchmarks-ref'!$O41/'Infrastructure Benchmarks-ref'!$L41 -> #DIV/0! | R41: ='Infrastructure Benchmarks-ref'!$O41/'Infrastructure Benchmarks-ref'!$M41 -> #DIV/0!
A42: Residential | B42: United Arab Emirates | C42: Dubai | D42: Jebel Ali | F42: Fronds J | G42: The Palm Jebel Ali CO. LLC | I42: Tender Return | J42: Lump Sum | N42: Sewerage Treatment Plant | P42: ='Infrastructure Benchmarks-ref'!$O42/'Infrastructure Benchmarks-ref'!$K42 -> #DIV/0! | Q42: ='Infrastructure Benchmarks-ref'!$O42/'Infrastructure Benchmarks-ref'!$L42 -> #DIV/0! | R42: ='Infrastructure Benchmarks-ref'!$O42/'Infrastructure Benchmarks-ref'!$M42 -> #DIV/0!
A43: Residential | B43: United Arab Emirates | C43: Dubai | D43: Jebel Ali | F43: Fronds J | G43: The Palm Jebel Ali CO. LLC | I43: Tender Return | J43: Lump Sum | N43: Irrigation Pumping Station | P43: ='Infrastructure Benchmarks-ref'!$O43/'Infrastructure Benchmarks-ref'!$K43 -> #DIV/0! | Q43: ='Infrastructure Benchmarks-ref'!$O43/'Infrastructure Benchmarks-ref'!$L43 -> #DIV/0! | R43: ='Infrastructure Benchmarks-ref'!$O43/'Infrastructure Benchmarks-ref'!$M43 -> #DIV/0!
A44: Residential | B44: United Arab Emirates | C44: Dubai | D44: Jebel Ali | F44: Fronds J | G44: The Palm Jebel Ali CO. LLC | I44: Tender Return | J44: Lump Sum | N44: Potable Water Pumping Station | P44: ='Infrastructure Benchmarks-ref'!$O44/'Infrastructure Benchmarks-ref'!$K44 -> #DIV/0! | Q44: ='Infrastructure Benchmarks-ref'!$O44/'Infrastructure Benchmarks-ref'!$L44 -> #DIV/0! | R44: ='Infrastructure Benchmarks-ref'!$O44/'Infrastructure Benchmarks-ref'!$M44 -> #DIV/0!
A45: Residential | B45: United Arab Emirates | C45: Dubai | D45: Jebel Ali | F45: Fronds J | G45: The Palm Jebel Ali CO. LLC | I45: Tender Return | J45: Lump Sum | N45: District Cooling Plant | P45: ='Infrastructure Benchmarks-ref'!$O45/'Infrastructure Benchmarks-ref'!$K45 -> #DIV/0! | Q45: ='Infrastructure Benchmarks-ref'!$O45/'Infrastructure Benchmarks-ref'!$L45 -> #DIV/0! | R45: ='Infrastructure Benchmarks-ref'!$O45/'Infrastructure Benchmarks-ref'!$M45 -> #DIV/0!
A46: Residential | B46: United Arab Emirates | C46: Dubai | D46: Jebel Ali | F46: Fronds J | G46: The Palm Jebel Ali CO. LLC | I46: Tender Return | J46: Lump Sum | N46: Substation - 132kV | P46: ='Infrastructure Benchmarks-ref'!$O46/'Infrastructure Benchmarks-ref'!$K46 -> #DIV/0! | Q46: ='Infrastructure Benchmarks-ref'!$O46/'Infrastructure Benchmarks-ref'!$L46 -> #DIV/0! | R46: ='Infrastructure Benchmarks-ref'!$O46/'Infrastructure Benchmarks-ref'!$M46 -> #DIV/0!
A47: Residential | B47: United Arab Emirates | C47: Dubai | D47: Jebel Ali | F47: Fronds J | G47: The Palm Jebel Ali CO. LLC | I47: Tender Return | J47: Lump Sum | N47: Substation - 0.4/11-22kV | P47: ='Infrastructure Benchmarks-ref'!$O47/'Infrastructure Benchmarks-ref'!$K47 -> #DIV/0! | Q47: ='Infrastructure Benchmarks-ref'!$O47/'Infrastructure Benchmarks-ref'!$L47 -> #DIV/0! | R47: ='Infrastructure Benchmarks-ref'!$O47/'Infrastructure Benchmarks-ref'!$M47 -> #DIV/0!
A48: Residential | B48: United Arab Emirates | C48: Dubai | D48: Jebel Ali | F48: Fronds J | G48: The Palm Jebel Ali CO. LLC | I48: Tender Return | J48: Lump Sum | N48: Other Utility Buildings | P48: ='Infrastructure Benchmarks-ref'!$O48/'Infrastructure Benchmarks-ref'!$K48 -> #DIV/0! | Q48: ='Infrastructure Benchmarks-ref'!$O48/'Infrastructure Benchmarks-ref'!$L48 -> #DIV/0! | R48: ='Infrastructure Benchmarks-ref'!$O48/'Infrastructure Benchmarks-ref'!$M48 -> #DIV/0!
A49: Residential | B49: United Arab Emirates | C49: Dubai | D49: Jebel Ali | F49: Fronds J | G49: The Palm Jebel Ali CO. LLC | I49: Tender Return | J49: Lump Sum | N49: Roads | O49: =7833827+23576 -> 7857403 | P49: ='Infrastructure Benchmarks-ref'!$O49/'Infrastructure Benchmarks-ref'!$K49 -> #DIV/0! | Q49: ='Infrastructure Benchmarks-ref'!$O49/'Infrastructure Benchmarks-ref'!$L49 -> #DIV/0! | R49: ='Infrastructure Benchmarks-ref'!$O49/'Infrastructure Benchmarks-ref'!$M49 -> #DIV/0!
A50: Residential | B50: United Arab Emirates | C50: Dubai | D50: Jebel Ali | F50: Fronds J | G50: The Palm Jebel Ali CO. LLC | I50: Tender Return | J50: Lump Sum | N50: Streetscape | P50: ='Infrastructure Benchmarks-ref'!$O50/'Infrastructure Benchmarks-ref'!$K50 -> #DIV/0! | Q50: ='Infrastructure Benchmarks-ref'!$O50/'Infrastructure Benchmarks-ref'!$L50 -> #DIV/0! | R50: ='Infrastructure Benchmarks-ref'!$O50/'Infrastructure Benchmarks-ref'!$M50 -> #DIV/0!
A51: Residential | B51: United Arab Emirates | C51: Dubai | D51: Jebel Ali | F51: Fronds J | G51: The Palm Jebel Ali CO. LLC | I51: Tender Return | J51: Lump Sum | N51: Public Realm - Open Space | P51: ='Infrastructure Benchmarks-ref'!$O51/'Infrastructure Benchmarks-ref'!$K51 -> #DIV/0! | Q51: ='Infrastructure Benchmarks-ref'!$O51/'Infrastructure Benchmarks-ref'!$L51 -> #DIV/0! | R51: ='Infrastructure Benchmarks-ref'!$O51/'Infrastructure Benchmarks-ref'!$M51 -> #DIV/0!
A52: Residential | B52: United Arab Emirates | C52: Dubai | D52: Jebel Ali | F52: Fronds J | G52: The Palm Jebel Ali CO. LLC | I52: Tender Return | J52: Lump Sum | N52: Public Realm - Park | P52: ='Infrastructure Benchmarks-ref'!$O52/'Infrastructure Benchmarks-ref'!$K52 -> #DIV/0! | Q52: ='Infrastructure Benchmarks-ref'!$O52/'Infrastructure Benchmarks-ref'!$L52 -> #DIV/0! | R52: ='Infrastructure Benchmarks-ref'!$O52/'Infrastructure Benchmarks-ref'!$M52 -> #DIV/0!
A53: Residential | B53: United Arab Emirates | C53: Dubai | D53: Jebel Ali | F53: Fronds J | G53: The Palm Jebel Ali CO. LLC | I53: Tender Return | J53: Lump Sum | N53: Bridges & Tunnels | P53: ='Infrastructure Benchmarks-ref'!$O53/'Infrastructure Benchmarks-ref'!$K53 -> #DIV/0! | Q53: ='Infrastructure Benchmarks-ref'!$O53/'Infrastructure Benchmarks-ref'!$L53 -> #DIV/0! | R53: ='Infrastructure Benchmarks-ref'!$O53/'Infrastructure Benchmarks-ref'!$M53 -> #DIV/0!
A54: Residential | B54: United Arab Emirates | C54: Dubai | D54: Jebel Ali | F54: Fronds J | G54: The Palm Jebel Ali CO. LLC | I54: Tender Return | J54: Lump Sum | N54: Land Reclamation & Marine | P54: ='Infrastructure Benchmarks-ref'!$O54/'Infrastructure Benchmarks-ref'!$K54 -> #DIV/0! | Q54: ='Infrastructure Benchmarks-ref'!$O54/'Infrastructure Benchmarks-ref'!$L54 -> #DIV/0! | R54: ='Infrastructure Benchmarks-ref'!$O54/'Infrastructure Benchmarks-ref'!$M54 -> #DIV/0!
A56: Residential | B56: United Arab Emirates | C56: Dubai | D56: Jebel Ali | F56: Fronds P | G56: The Palm Jebel Ali CO. LLC | I56: Tender Return | J56: Lump Sum | N56: Preliminaries | P56: ='Infrastructure Benchmarks-ref'!$O56/'Infrastructure Benchmarks-ref'!$K56 -> #DIV/0! | Q56: ='Infrastructure Benchmarks-ref'!$O56/'Infrastructure Benchmarks-ref'!$L56 -> #DIV/0! | R56: ='Infrastructure Benchmarks-ref'!$O56/'Infrastructure Benchmarks-ref'!$M56 -> #DIV/0!
A57: Residential | B57: United Arab Emirates | C57: Dubai | D57: Jebel Ali | F57: Fronds P | G57: The Palm Jebel Ali CO. LLC | I57: Tender Return | J57: Lump Sum | N57: Ground Investigation | P57: ='Infrastructure Benchmarks-ref'!$O57/'Infrastructure Benchmarks-ref'!$K57 -> #DIV/0! | Q57: ='Infrastructure Benchmarks-ref'!$O57/'Infrastructure Benchmarks-ref'!$L57 -> #DIV/0! | R57: ='Infrastructure Benchmarks-ref'!$O57/'Infrastructure Benchmarks-ref'!$M57 -> #DIV/0!
A58: Residential | B58: United Arab Emirates | C58: Dubai | D58: Jebel Ali | F58: Fronds P | G58: The Palm Jebel Ali CO. LLC | I58: Tender Return | J58: Lump Sum | N58: Demolition & Site Clearance | O58: 95520 | P58: ='Infrastructure Benchmarks-ref'!$O58/'Infrastructure Benchmarks-ref'!$K58 -> #DIV/0! | Q58: ='Infrastructure Benchmarks-ref'!$O58/'Infrastructure Benchmarks-ref'!$L58 -> #DIV/0! | R58: ='Infrastructure Benchmarks-ref'!$O58/'Infrastructure Benchmarks-ref'!$M58 -> #DIV/0!
A59: Residential | B59: United Arab Emirates | C59: Dubai | D59: Jebel Ali | F59: Fronds P | G59: The Palm Jebel Ali CO. LLC | I59: Tender Return | J59: Lump Sum | N59: Earthworks | O59: 395176.25 | P59: ='Infrastructure Benchmarks-ref'!$O59/'Infrastructure Benchmarks-ref'!$K59 -> #DIV/0! | Q59: ='Infrastructure Benchmarks-ref'!$O59/'Infrastructure Benchmarks-ref'!$L59 -> #DIV/0! | R59: ='Infrastructure Benchmarks-ref'!$O59/'Infrastructure Benchmarks-ref'!$M59 -> #DIV/0!
A60: Residential | B60: United Arab Emirates | C60: Dubai | D60: Jebel Ali | F60: Fronds P | G60: The Palm Jebel Ali CO. LLC | I60: Tender Return | J60: Lump Sum | N60: Sewerage | O60: =4663986+8520738 -> 13184724 | P60: ='Infrastructure Benchmarks-ref'!$O60/'Infrastructure Benchmarks-ref'!$K60 -> #DIV/0! | Q60: ='Infrastructure Benchmarks-ref'!$O60/'Infrastructure Benchmarks-ref'!$L60 -> #DIV/0! | R60: ='Infrastructure Benchmarks-ref'!$O60/'Infrastructure Benchmarks-ref'!$M60 -> #DIV/0!
A61: Residential | B61: United Arab Emirates | C61: Dubai | D61: Jebel Ali | F61: Fronds P | G61: The Palm Jebel Ali CO. LLC | I61: Tender Return | J61: Lump Sum | N61: Stormwater | O61: 5967965 | P61: ='Infrastructure Benchmarks-ref'!$O61/'Infrastructure Benchmarks-ref'!$K61 -> #DIV/0! | Q61: ='Infrastructure Benchmarks-ref'!$O61/'Infrastructure Benchmarks-ref'!$L61 -> #DIV/0! | R61: ='Infrastructure Benchmarks-ref'!$O61/'Infrastructure Benchmarks-ref'!$M61 -> #DIV/0!
A62: Residential | B62: United Arab Emirates | C62: Dubai | D62: Jebel Ali | F62: Fronds P | G62: The Palm Jebel Ali CO. LLC | I62: Tender Return | J62: Lump Sum | N62: Potable Water | O62: =4063050+3591465 -> 7654515 | P62: ='Infrastructure Benchmarks-ref'!$O62/'Infrastructure Benchmarks-ref'!$K62 -> #DIV/0! | Q62: ='Infrastructure Benchmarks-ref'!$O62/'Infrastructure Benchmarks-ref'!$L62 -> #DIV/0! | R62: ='Infrastructure Benchmarks-ref'!$O62/'Infrastructure Benchmarks-ref'!$M62 -> #DIV/0!
A63: Residential | B63: United Arab Emirates | C63: Dubai | D63: Jebel Ali | F63: Fronds P | G63: The Palm Jebel Ali CO. LLC | I63: Tender Return | J63: Lump Sum | N63: Irrigation | O63: 2785980 | P63: ='Infrastructure Benchmarks-ref'!$O63/'Infrastructure Benchmarks-ref'!$K63 -> #DIV/0! | Q63: ='Infrastructure Benchmarks-ref'!$O63/'Infrastructure Benchmarks-ref'!$L63 -> #DIV/0! | R63: ='Infrastructure Benchmarks-ref'!$O63/'Infrastructure Benchmarks-ref'!$M63 -> #DIV/0!
A64: Residential | B64: United Arab Emirates | C64: Dubai | D64: Jebel Ali | F64: Fronds P | G64: The Palm Jebel Ali CO. LLC | I64: Tender Return | J64: Lump Sum | N64: Chilled Water | P64: ='Infrastructure Benchmarks-ref'!$O64/'Infrastructure Benchmarks-ref'!$K64 -> #DIV/0! | Q64: ='Infrastructure Benchmarks-ref'!$O64/'Infrastructure Benchmarks-ref'!$L64 -> #DIV/0! | R64: ='Infrastructure Benchmarks-ref'!$O64/'Infrastructure Benchmarks-ref'!$M64 -> #DIV/0!
A65: Residential | B65: United Arab Emirates | C65: Dubai | D65: Jebel Ali | F65: Fronds P | G65: The Palm Jebel Ali CO. LLC | I65: Tender Return | J65: Lump Sum | N65: Gas | O65: =280650+3750000 -> 4030650 | P65: ='Infrastructure Benchmarks-ref'!$O65/'Infrastructure Benchmarks-ref'!$K65 -> #DIV/0! | Q65: ='Infrastructure Benchmarks-ref'!$O65/'Infrastructure Benchmarks-ref'!$L65 -> #DIV/0! | R65: ='Infrastructure Benchmarks-ref'!$O65/'Infrastructure Benchmarks-ref'!$M65 -> #DIV/0!
A66: Residential | B66: United Arab Emirates | C66: Dubai | D66: Jebel Ali | F66: Fronds P | G66: The Palm Jebel Ali CO. LLC | I66: Tender Return | J66: Lump Sum | N66: Electrical | O66: 2893495 | P66: ='Infrastructure Benchmarks-ref'!$O66/'Infrastructure Benchmarks-ref'!$K66 -> #DIV/0! | Q66: ='Infrastructure Benchmarks-ref'!$O66/'Infrastructure Benchmarks-ref'!$L66 -> #DIV/0! | R66: ='Infrastructure Benchmarks-ref'!$O66/'Infrastructure Benchmarks-ref'!$M66 -> #DIV/0!
A67: Residential | B67: United Arab Emirates | C67: Dubai | D67: Jebel Ali | F67: Fronds P | G67: The Palm Jebel Ali CO. LLC | I67: Tender Return | J67: Lump Sum | N67: Telecom | O67: 1566361 | P67: ='Infrastructure Benchmarks-ref'!$O67/'Infrastructure Benchmarks-ref'!$K67 -> #DIV/0! | Q67: ='Infrastructure Benchmarks-ref'!$O67/'Infrastructure Benchmarks-ref'!$L67 -> #DIV/0! | R67: ='Infrastructure Benchmarks-ref'!$O67/'Infrastructure Benchmarks-ref'!$M67 -> #DIV/0!
A68: Residential | B68: United Arab Emirates | C68: Dubai | D68: Jebel Ali | F68: Fronds P | G68: The Palm Jebel Ali CO. LLC | I68: Tender Return | J68: Lump Sum | N68: Security | O68: 1235277 | P68: ='Infrastructure Benchmarks-ref'!$O68/'Infrastructure Benchmarks-ref'!$K68 -> #DIV/0! | Q68: ='Infrastructure Benchmarks-ref'!$O68/'Infrastructure Benchmarks-ref'!$L68 -> #DIV/0! | R68: ='Infrastructure Benchmarks-ref'!$O68/'Infrastructure Benchmarks-ref'!$M68 -> #DIV/0!
A69: Residential | B69: United Arab Emirates | C69: Dubai | D69: Jebel Ali | F69: Fronds P | G69: The Palm Jebel Ali CO. LLC | I69: Tender Return | J69: Lump Sum | N69: Streetlighting | O69: 1428586 | P69: ='Infrastructure Benchmarks-ref'!$O69/'Infrastructure Benchmarks-ref'!$K69 -> #DIV/0! | Q69: ='Infrastructure Benchmarks-ref'!$O69/'Infrastructure Benchmarks-ref'!$L69 -> #DIV/0! | R69: ='Infrastructure Benchmarks-ref'!$O69/'Infrastructure Benchmarks-ref'!$M69 -> #DIV/0!
A70: Residential | B70: United Arab Emirates | C70: Dubai | D70: Jebel Ali | F70: Fronds P | G70: The Palm Jebel Ali CO. LLC | I70: Tender Return | J70: Lump Sum | N70: Employer's Network | P70: ='Infrastructure Benchmarks-ref'!$O70/'Infrastructure Benchmarks-ref'!$K70 -> #DIV/0! | Q70: ='Infrastructure Benchmarks-ref'!$O70/'Infrastructure Benchmarks-ref'!$L70 -> #DIV/0! | R70: ='Infrastructure Benchmarks-ref'!$O70/'Infrastructure Benchmarks-ref'!$M70 -> #DIV/0!
A71: Residential | B71: United Arab Emirates | C71: Dubai | D71: Jebel Ali | F71: Fronds P | G71: The Palm Jebel Ali CO. LLC | I71: Tender Return | J71: Lump Sum | N71: Offsite Utility Connections | P71: ='Infrastructure Benchmarks-ref'!$O71/'Infrastructure Benchmarks-ref'!$K71 -> #DIV/0! | Q71: ='Infrastructure Benchmarks-ref'!$O71/'Infrastructure Benchmarks-ref'!$L71 -> #DIV/0! | R71: ='Infrastructure Benchmarks-ref'!$O71/'Infrastructure Benchmarks-ref'!$M71 -> #DIV/0!
A72: Residential | B72: United Arab Emirates | C72: Dubai | D72: Jebel Ali | F72: Fronds P | G72: The Palm Jebel Ali CO. LLC | I72: Tender Return | J72: Lump Sum | N72: Sewerage Treatment Plant | P72: ='Infrastructure Benchmarks-ref'!$O72/'Infrastructure Benchmarks-ref'!$K72 -> #DIV/0! | Q72: ='Infrastructure Benchmarks-ref'!$O72/'Infrastructure Benchmarks-ref'!$L72 -> #DIV/0! | R72: ='Infrastructure Benchmarks-ref'!$O72/'Infrastructure Benchmarks-ref'!$M72 -> #DIV/0!
A73: Residential | B73: United Arab Emirates | C73: Dubai | D73: Jebel Ali | F73: Fronds P | G73: The Palm Jebel Ali CO. LLC | I73: Tender Return | J73: Lump Sum | N73: Irrigation Pumping Station | P73: ='Infrastructure Benchmarks-ref'!$O73/'Infrastructure Benchmarks-ref'!$K73 -> #DIV/0! | Q73: ='Infrastructure Benchmarks-ref'!$O73/'Infrastructure Benchmarks-ref'!$L73 -> #DIV/0! | R73: ='Infrastructure Benchmarks-ref'!$O73/'Infrastructure Benchmarks-ref'!$M73 -> #DIV/0!
A74: Residential | B74: United Arab Emirates | C74: Dubai | D74: Jebel Ali | F74: Fronds P | G74: The Palm Jebel Ali CO. LLC | I74: Tender Return | J74: Lump Sum | N74: Potable Water Pumping Station | P74: ='Infrastructure Benchmarks-ref'!$O74/'Infrastructure Benchmarks-ref'!$K74 -> #DIV/0! | Q74: ='Infrastructure Benchmarks-ref'!$O74/'Infrastructure Benchmarks-ref'!$L74 -> #DIV/0! | R74: ='Infrastructure Benchmarks-ref'!$O74/'Infrastructure Benchmarks-ref'!$M74 -> #DIV/0!
A75: Residential | B75: United Arab Emirates | C75: Dubai | D75: Jebel Ali | F75: Fronds P | G75: The Palm Jebel Ali CO. LLC | I75: Tender Return | J75: Lump Sum | N75: District Cooling Plant | P75: ='Infrastructure Benchmarks-ref'!$O75/'Infrastructure Benchmarks-ref'!$K75 -> #DIV/0! | Q75: ='Infrastructure Benchmarks-ref'!$O75/'Infrastructure Benchmarks-ref'!$L75 -> #DIV/0! | R75: ='Infrastructure Benchmarks-ref'!$O75/'Infrastructure Benchmarks-ref'!$M75 -> #DIV/0!
A76: Residential | B76: United Arab Emirates | C76: Dubai | D76: Jebel Ali | F76: Fronds P | G76: The Palm Jebel Ali CO. LLC | I76: Tender Return | J76: Lump Sum | N76: Substation - 132kV | P76: ='Infrastructure Benchmarks-ref'!$O76/'Infrastructure Benchmarks-ref'!$K76 -> #DIV/0! | Q76: ='Infrastructure Benchmarks-ref'!$O76/'Infrastructure Benchmarks-ref'!$L76 -> #DIV/0! | R76: ='Infrastructure Benchmarks-ref'!$O76/'Infrastructure Benchmarks-ref'!$M76 -> #DIV/0!
A77: Residential | B77: United Arab Emirates | C77: Dubai | D77: Jebel Ali | F77: Fronds P | G77: The Palm Jebel Ali CO. LLC | I77: Tender Return | J77: Lump Sum | N77: Substation - 0.4/11-22kV | P77: ='Infrastructure Benchmarks-ref'!$O77/'Infrastructure Benchmarks-ref'!$K77 -> #DIV/0! | Q77: ='Infrastructure Benchmarks-ref'!$O77/'Infrastructure Benchmarks-ref'!$L77 -> #DIV/0! | R77: ='Infrastructure Benchmarks-ref'!$O77/'Infrastructure Benchmarks-ref'!$M77 -> #DIV/0!
A78: Residential | B78: United Arab Emirates | C78: Dubai | D78: Jebel Ali | F78: Fronds P | G78: The Palm Jebel Ali CO. LLC | I78: Tender Return | J78: Lump Sum | N78: Other Utility Buildings | P78: ='Infrastructure Benchmarks-ref'!$O78/'Infrastructure Benchmarks-ref'!$K78 -> #DIV/0! | Q78: ='Infrastructure Benchmarks-ref'!$O78/'Infrastructure Benchmarks-ref'!$L78 -> #DIV/0! | R78: ='Infrastructure Benchmarks-ref'!$O78/'Infrastructure Benchmarks-ref'!$M78 -> #DIV/0!
A79: Residential | B79: United Arab Emirates | C79: Dubai | D79: Jebel Ali | F79: Fronds P | G79: The Palm Jebel Ali CO. LLC | I79: Tender Return | J79: Lump Sum | N79: Roads | O79: =2968359+25665 -> 2994024 | P79: ='Infrastructure Benchmarks-ref'!$O79/'Infrastructure Benchmarks-ref'!$K79 -> #DIV/0! | Q79: ='Infrastructure Benchmarks-ref'!$O79/'Infrastructure Benchmarks-ref'!$L79 -> #DIV/0! | R79: ='Infrastructure Benchmarks-ref'!$O79/'Infrastructure Benchmarks-ref'!$M79 -> #DIV/0!
A80: Residential | B80: United Arab Emirates | C80: Dubai | D80: Jebel Ali | F80: Fronds P | G80: The Palm Jebel Ali CO. LLC | I80: Tender Return | J80: Lump Sum | N80: Streetscape | P80: ='Infrastructure Benchmarks-ref'!$O80/'Infrastructure Benchmarks-ref'!$K80 -> #DIV/0! | Q80: ='Infrastructure Benchmarks-ref'!$O80/'Infrastructure Benchmarks-ref'!$L80 -> #DIV/0! | R80: ='Infrastructure Benchmarks-ref'!$O80/'Infrastructure Benchmarks-ref'!$M80 -> #DIV/0!
A81: Residential | B81: United Arab Emirates | C81: Dubai | D81: Jebel Ali | F81: Fronds P | G81: The Palm Jebel Ali CO. LLC | I81: Tender Return | J81: Lump Sum | N81: Public Realm - Open Space | O81: 22900000 | P81: ='Infrastructure Benchmarks-ref'!$O81/'Infrastructure Benchmarks-ref'!$K81 -> #DIV/0! | Q81: ='Infrastructure Benchmarks-ref'!$O81/'Infrastructure Benchmarks-ref'!$L81 -> #DIV/0! | R81: ='Infrastructure Benchmarks-ref'!$O81/'Infrastructure Benchmarks-ref'!$M81 -> #DIV/0!
A82: Residential | B82: United Arab Emirates | C82: Dubai | D82: Jebel Ali | F82: Fronds P | G82: The Palm Jebel Ali CO. LLC | I82: Tender Return | J82: Lump Sum | N82: Public Realm - Park | P82: ='Infrastructure Benchmarks-ref'!$O82/'Infrastructure Benchmarks-ref'!$K82 -> #DIV/0! | Q82: ='Infrastructure Benchmarks-ref'!$O82/'Infrastructure Benchmarks-ref'!$L82 -> #DIV/0! | R82: ='Infrastructure Benchmarks-ref'!$O82/'Infrastructure Benchmarks-ref'!$M82 -> #DIV/0!
A83: Residential | B83: United Arab Emirates | C83: Dubai | D83: Jebel Ali | F83: Fronds P | G83: The Palm Jebel Ali CO. LLC | I83: Tender Return | J83: Lump Sum | N83: Bridges & Tunnels | P83: ='Infrastructure Benchmarks-ref'!$O83/'Infrastructure Benchmarks-ref'!$K83 -> #DIV/0! | Q83: ='Infrastructure Benchmarks-ref'!$O83/'Infrastructure Benchmarks-ref'!$L83 -> #DIV/0! | R83: ='Infrastructure Benchmarks-ref'!$O83/'Infrastructure Benchmarks-ref'!$M83 -> #DIV/0!
A84: Residential | B84: United Arab Emirates | C84: Dubai | D84: Jebel Ali | F84: Fronds P | G84: The Palm Jebel Ali CO. LLC | I84: Tender Return | J84: Lump Sum | N84: Land Reclamation & Marine | P84: ='Infrastructure Benchmarks-ref'!$O84/'Infrastructure Benchmarks-ref'!$K84 -> #DIV/0! | Q84: ='Infrastructure Benchmarks-ref'!$O84/'Infrastructure Benchmarks-ref'!$L84 -> #DIV/0! | R84: ='Infrastructure Benchmarks-ref'!$O84/'Infrastructure Benchmarks-ref'!$M84 -> #DIV/0!
A86: Residential | B86: United Arab Emirates | C86: Dubai | D86: Jebel Ali | F86: Fronds O | G86: The Palm Jebel Ali CO. LLC | I86: Tender Return | J86: Lump Sum | N86: Preliminaries | P86: ='Infrastructure Benchmarks-ref'!$O86/'Infrastructure Benchmarks-ref'!$K86 -> #DIV/0! | Q86: ='Infrastructure Benchmarks-ref'!$O86/'Infrastructure Benchmarks-ref'!$L86 -> #DIV/0! | R86: ='Infrastructure Benchmarks-ref'!$O86/'Infrastructure Benchmarks-ref'!$M86 -> #DIV/0!
A87: Residential | B87: United Arab Emirates | C87: Dubai | D87: Jebel Ali | F87: Fronds O | G87: The Palm Jebel Ali CO. LLC | I87: Tender Return | J87: Lump Sum | N87: Ground Investigation | P87: ='Infrastructure Benchmarks-ref'!$O87/'Infrastructure Benchmarks-ref'!$K87 -> #DIV/0! | Q87: ='Infrastructure Benchmarks-ref'!$O87/'Infrastructure Benchmarks-ref'!$L87 -> #DIV/0! | R87: ='Infrastructure Benchmarks-ref'!$O87/'Infrastructure Benchmarks-ref'!$M87 -> #DIV/0!
A88: Residential | B88: United Arab Emirates | C88: Dubai | D88: Jebel Ali | F88: Fronds O | G88: The Palm Jebel Ali CO. LLC | I88: Tender Return | J88: Lump Sum | N88: Demolition & Site Clearance | O88: 105084 | P88: ='Infrastructure Benchmarks-ref'!$O88/'Infrastructure Benchmarks-ref'!$K88 -> #DIV/0! | Q88: ='Infrastructure Benchmarks-ref'!$O88/'Infrastructure Benchmarks-ref'!$L88 -> #DIV/0! | R88: ='Infrastructure Benchmarks-ref'!$O88/'Infrastructure Benchmarks-ref'!$M88 -> #DIV/0!
A89: Residential | B89: United Arab Emirates | C89: Dubai | D89: Jebel Ali | F89: Fronds O | G89: The Palm Jebel Ali CO. LLC | I89: Tender Return | J89: Lump Sum | N89: Earthworks | O89: 176392.5 | P89: ='Infrastructure Benchmarks-ref'!$O89/'Infrastructure Benchmarks-ref'!$K89 -> #DIV/0! | Q89: ='Infrastructure Benchmarks-ref'!$O89/'Infrastructure Benchmarks-ref'!$L89 -> #DIV/0! | R89: ='Infrastructure Benchmarks-ref'!$O89/'Infrastructure Benchmarks-ref'!$M89 -> #DIV/0!
A90: Residential | B90: United Arab Emirates | C90: Dubai | D90: Jebel Ali | F90: Fronds O | G90: The Palm Jebel Ali CO. LLC | I90: Tender Return | J90: Lump Sum | N90: Sewerage | O90: =4782333+9893005 -> 14675338 | P90: ='Infrastructure Benchmarks-ref'!$O90/'Infrastructure Benchmarks-ref'!$K90 -> #DIV/0! | Q90: ='Infrastructure Benchmarks-ref'!$O90/'Infrastructure Benchmarks-ref'!$L90 -> #DIV/0! | R90: ='Infrastructure Benchmarks-ref'!$O90/'Infrastructure Benchmarks-ref'!$M90 -> #DIV/0!
A91: Residential | B91: United Arab Emirates | C91: Dubai | D91: Jebel Ali | F91: Fronds O | G91: The Palm Jebel Ali CO. LLC | I91: Tender Return | J91: Lump Sum | N91: Stormwater | O91: 6671260 | P91: ='Infrastructure Benchmarks-ref'!$O91/'Infrastructure Benchmarks-ref'!$K91 -> #DIV/0! | Q91: ='Infrastructure Benchmarks-ref'!$O91/'Infrastructure Benchmarks-ref'!$L91 -> #DIV/0! | R91: ='Infrastructure Benchmarks-ref'!$O91/'Infrastructure Benchmarks-ref'!$M91 -> #DIV/0!
A92: Residential | B92: United Arab Emirates | C92: Dubai | D92: Jebel Ali | F92: Fronds O | G92: The Palm Jebel Ali CO. LLC | I92: Tender Return | J92: Lump Sum | N92: Potable Water | O92: =4472232+4066980 -> 8539212 | P92: ='Infrastructure Benchmarks-ref'!$O92/'Infrastructure Benchmarks-ref'!$K92 -> #DIV/0! | Q92: ='Infrastructure Benchmarks-ref'!$O92/'Infrastructure Benchmarks-ref'!$L92 -> #DIV/0! | R92: ='Infrastructure Benchmarks-ref'!$O92/'Infrastructure Benchmarks-ref'!$M92 -> #DIV/0!
A93: Residential | B93: United Arab Emirates | C93: Dubai | D93: Jebel Ali | F93: Fronds O | G93: The Palm Jebel Ali CO. LLC | I93: Tender Return | J93: Lump Sum | N93: Irrigation | O93: 3243765 | P93: ='Infrastructure Benchmarks-ref'!$O93/'Infrastructure Benchmarks-ref'!$K93 -> #DIV/0! | Q93: ='Infrastructure Benchmarks-ref'!$O93/'Infrastructure Benchmarks-ref'!$L93 -> #DIV/0! | R93: ='Infrastructure Benchmarks-ref'!$O93/'Infrastructure Benchmarks-ref'!$M93 -> #DIV/0!
A94: Residential | B94: United Arab Emirates | C94: Dubai | D94: Jebel Ali | F94: Fronds O | G94: The Palm Jebel Ali CO. LLC | I94: Tender Return | J94: Lump Sum | N94: Chilled Water | P94: ='Infrastructure Benchmarks-ref'!$O94/'Infrastructure Benchmarks-ref'!$K94 -> #DIV/0! | Q94: ='Infrastructure Benchmarks-ref'!$O94/'Infrastructure Benchmarks-ref'!$L94 -> #DIV/0! | R94: ='Infrastructure Benchmarks-ref'!$O94/'Infrastructure Benchmarks-ref'!$M94 -> #DIV/0!
A95: Residential | B95: United Arab Emirates | C95: Dubai | D95: Jebel Ali | F95: Fronds O | G95: The Palm Jebel Ali CO. LLC | I95: Tender Return | J95: Lump Sum | N95: Gas | O95: =317730+3750000 -> 4067730 | P95: ='Infrastructure Benchmarks-ref'!$O95/'Infrastructure Benchmarks-ref'!$K95 -> #DIV/0! | Q95: ='Infrastructure Benchmarks-ref'!$O95/'Infrastructure Benchmarks-ref'!$L95 -> #DIV/0! | R95: ='Infrastructure Benchmarks-ref'!$O95/'Infrastructure Benchmarks-ref'!$M95 -> #DIV/0!
A96: Residential | B96: United Arab Emirates | C96: Dubai | D96: Jebel Ali | F96: Fronds O | G96: The Palm Jebel Ali CO. LLC | I96: Tender Return | J96: Lump Sum | N96: Electrical | O96: 2886690 | P96: ='Infrastructure Benchmarks-ref'!$O96/'Infrastructure Benchmarks-ref'!$K96 -> #DIV/0! | Q96: ='Infrastructure Benchmarks-ref'!$O96/'Infrastructure Benchmarks-ref'!$L96 -> #DIV/0! | R96: ='Infrastructure Benchmarks-ref'!$O96/'Infrastructure Benchmarks-ref'!$M96 -> #DIV/0!
A97: Residential | B97: United Arab Emirates | C97: Dubai | D97: Jebel Ali | F97: Fronds O | G97: The Palm Jebel Ali CO. LLC | I97: Tender Return | J97: Lump Sum | N97: Telecom | O97: 1688445 | P97: ='Infrastructure Benchmarks-ref'!$O97/'Infrastructure Benchmarks-ref'!$K97 -> #DIV/0! | Q97: ='Infrastructure Benchmarks-ref'!$O97/'Infrastructure Benchmarks-ref'!$L97 -> #DIV/0! | R97: ='Infrastructure Benchmarks-ref'!$O97/'Infrastructure Benchmarks-ref'!$M97 -> #DIV/0!
A98: Residential | B98: United Arab Emirates | C98: Dubai | D98: Jebel Ali | F98: Fronds O | G98: The Palm Jebel Ali CO. LLC | I98: Tender Return | J98: Lump Sum | N98: Security | O98: 1350892 | P98: ='Infrastructure Benchmarks-ref'!$O98/'Infrastructure Benchmarks-ref'!$K98 -> #DIV/0! | Q98: ='Infrastructure Benchmarks-ref'!$O98/'Infrastructure Benchmarks-ref'!$L98 -> #DIV/0! | R98: ='Infrastructure Benchmarks-ref'!$O98/'Infrastructure Benchmarks-ref'!$M98 -> #DIV/0!
A99: Residential | B99: United Arab Emirates | C99: Dubai | D99: Jebel Ali | F99: Fronds O | G99: The Palm Jebel Ali CO. LLC | I99: Tender Return | J99: Lump Sum | N99: Streetlighting | O99: 1583788 | P99: ='Infrastructure Benchmarks-ref'!$O99/'Infrastructure Benchmarks-ref'!$K99 -> #DIV/0! | Q99: ='Infrastructure Benchmarks-ref'!$O99/'Infrastructure Benchmarks-ref'!$L99 -> #DIV/0! | R99: ='Infrastructure Benchmarks-ref'!$O99/'Infrastructure Benchmarks-ref'!$M99 -> #DIV/0!
A100: Residential | B100: United Arab Emirates | C100: Dubai | D100: Jebel Ali | F100: Fronds O | G100: The Palm Jebel Ali CO. LLC | I100: Tender Return | J100: Lump Sum | N100: Employer's Network | P100: ='Infrastructure Benchmarks-ref'!$O100/'Infrastructure Benchmarks-ref'!$K100 -> #DIV/0! | Q100: ='Infrastructure Benchmarks-ref'!$O100/'Infrastructure Benchmarks-ref'!$L100 -> #DIV/0! | R100: ='Infrastructure Benchmarks-ref'!$O100/'Infrastructure Benchmarks-ref'!$M100 -> #DIV/0!
A101: Residential | B101: United Arab Emirates | C101: Dubai | D101: Jebel Ali | F101: Fronds O | G101: The Palm Jebel Ali CO. LLC | I101: Tender Return | J101: Lump Sum | N101: Offsite Utility Connections | P101: ='Infrastructure Benchmarks-ref'!$O101/'Infrastructure Benchmarks-ref'!$K101 -> #DIV/0! | Q101: ='Infrastructure Benchmarks-ref'!$O101/'Infrastructure Benchmarks-ref'!$L101 -> #DIV/0! | R101: ='Infrastructure Benchmarks-ref'!$O101/'Infrastructure Benchmarks-ref'!$M101 -> #DIV/0!
A102: Residential | B102: United Arab Emirates | C102: Dubai | D102: Jebel Ali | F102: Fronds O | G102: The Palm Jebel Ali CO. LLC | I102: Tender Return | J102: Lump Sum | N102: Sewerage Treatment Plant | P102: ='Infrastructure Benchmarks-ref'!$O102/'Infrastructure Benchmarks-ref'!$K102 -> #DIV/0! | Q102: ='Infrastructure Benchmarks-ref'!$O102/'Infrastructure Benchmarks-ref'!$L102 -> #DIV/0! | R102: ='Infrastructure Benchmarks-ref'!$O102/'Infrastructure Benchmarks-ref'!$M102 -> #DIV/0!
A103: Residential | B103: United Arab Emirates | C103: Dubai | D103: Jebel Ali | F103: Fronds O | G103: The Palm Jebel Ali CO. LLC | I103: Tender Return | J103: Lump Sum | N103: Irrigation Pumping Station | P103: ='Infrastructure Benchmarks-ref'!$O103/'Infrastructure Benchmarks-ref'!$K103 -> #DIV/0! | Q103: ='Infrastructure Benchmarks-ref'!$O103/'Infrastructure Benchmarks-ref'!$L103 -> #DIV/0! | R103: ='Infrastructure Benchmarks-ref'!$O103/'Infrastructure Benchmarks-ref'!$M103 -> #DIV/0!
...

Sheet Infrastructure Benchmarks - ref
A1: Asset | B1: Country | C1: City | D1: Area | E1: Column1 | F1: Project | G1: Employer | H1: Contractor | I1: Status | J1: Contract | K1: Right of Way Area | L1: GLA | M1: GFA | N1: Element | O1: Total Cost | P1: ROW Rate | Q1: GLA Rate | R1: GFA Rate | S1: Year
A2: Residential | B2: United Arab Emirates | C2: Abu Dhabi | D2: Ghantoot | E2: Project B | F2: Al Jurf | G2: IMKAN | H2: Nael & Bin Harmal Hydroexport | I2: Award | J2: Lump Sum | K2: 157951 | L2: 557289 | M2: 119039 | N2: Preliminaries | O2: =8271141+1800000 -> 10071141 | P2: ='Infrastructure Benchmarks - ref'!$O2/'Infrastructure Benchmarks - ref'!$K2 -> 63.761173 | Q2: ='Infrastructure Benchmarks - ref'!$O2/'Infrastructure Benchmarks - ref'!$L2 -> 18.071667 | R2: ='Infrastructure Benchmarks - ref'!$O2/'Infrastructure Benchmarks - ref'!$M2 -> 84.60371 | S2: 2019
A3: Residential | B3: United Arab Emirates | C3: Abu Dhabi | D3: Ghantoot | E3: Project B | F3: Al Jurf | G3: IMKAN | H3: Nael & Bin Harmal Hydroexport | I3: Award | J3: Lump Sum | K3: 157951 | L3: 557289 | M3: 119039 | N3: Ground Investigation | O3: 0 | P3: 0 | Q3: 0 | R3: 0 | S3: 2019
A4: Residential | B4: United Arab Emirates | C4: Abu Dhabi | D4: Ghantoot | E4: Project B | F4: Al Jurf | G4: IMKAN | H4: Nael & Bin Harmal Hydroexport | I4: Award | J4: Lump Sum | K4: 157951 | L4: 557289 | M4: 119039 | N4: Demolition & Site Clearance | O4: 2581835 | P4: ='Infrastructure Benchmarks - ref'!$O4/'Infrastructure Benchmarks - ref'!$K4 -> 16.345797 | Q4: ='Infrastructure Benchmarks - ref'!$O4/'Infrastructure Benchmarks - ref'!$L4 -> 4.6328476 | R4: ='Infrastructure Benchmarks - ref'!$O4/'Infrastructure Benchmarks - ref'!$M4 -> 21.688984 | S4: 2019
A5: Residential | B5: United Arab Emirates | C5: Abu Dhabi | D5: Ghantoot | E5: Project B | F5: Al Jurf | G5: IMKAN | H5: Nael & Bin Harmal Hydroexport | I5: Award | J5: Lump Sum | K5: 157951 | L5: 557289 | M5: 119039 | N5: Earthworks | O5: =2470109+588937 -> 3059046 | P5: ='Infrastructure Benchmarks - ref'!$O5/'Infrastructure Benchmarks - ref'!$K5 -> 19.367057 | Q5: ='Infrastructure Benchmarks - ref'!$O5/'Infrastructure Benchmarks - ref'!$L5 -> 5.4891555 | R5: ='Infrastructure Benchmarks - ref'!$O5/'Infrastructure Benchmarks - ref'!$M5 -> 25.697847 | S5: 2019
A6: Residential | B6: United Arab Emirates | C6: Abu Dhabi | D6: Ghantoot | E6: Project B | F6: Al Jurf | G6: IMKAN | H6: Nael & Bin Harmal Hydroexport | I6: Award | J6: Lump Sum | K6: 157951 | L6: 557289 | M6: 119039 | N6: Sewerage | O6: 10577574 | P6: ='Infrastructure Benchmarks - ref'!$O6/'Infrastructure Benchmarks - ref'!$K6 -> 66.967439 | Q6: ='Infrastructure Benchmarks - ref'!$O6/'Infrastructure Benchmarks - ref'!$L6 -> 18.980411 | R6: ='Infrastructure Benchmarks - ref'!$O6/'Infrastructure Benchmarks - ref'!$M6 -> 88.858055 | S6: 2019
A7: Residential | B7: United Arab Emirates | C7: Abu Dhabi | D7: Ghantoot | E7: Project B | F7: Al Jurf | G7: IMKAN | H7: Nael & Bin Harmal Hydroexport | I7: Award | J7: Lump Sum | K7: 157951 | L7: 557289 | M7: 119039 | N7: Stormwater | O7: 12917468 | P7: ='Infrastructure Benchmarks - ref'!$O7/'Infrastructure Benchmarks - ref'!$K7 -> 81.781489 | Q7: ='Infrastructure Benchmarks - ref'!$O7/'Infrastructure Benchmarks - ref'!$L7 -> 23.179119 | R7: ='Infrastructure Benchmarks - ref'!$O7/'Infrastructure Benchmarks - ref'!$M7 -> 108.51459 | S7: 2019
A8: Residential | B8: United Arab Emirates | C8: Abu Dhabi | D8: Ghantoot | E8: Project B | F8: Al Jurf | G8: IMKAN | H8: Nael & Bin Harmal Hydroexport | I8: Award | J8: Lump Sum | K8: 157951 | L8: 557289 | M8: 119039 | N8: Potable Water | O8: =14515264+1154862 -> 15670126 | P8: ='Infrastructure Benchmarks - ref'!$O8/'Infrastructure Benchmarks - ref'!$K8 -> 99.20878 | Q8: ='Infrastructure Benchmarks - ref'!$O8/'Infrastructure Benchmarks - ref'!$L8 -> 28.118491 | R8: ='Infrastructure Benchmarks - ref'!$O8/'Infrastructure Benchmarks - ref'!$M8 -> 131.63859 | S8: 2019
A9: Residential | B9: United Arab Emirates | C9: Abu Dhabi | D9: Ghantoot | E9: Project B | F9: Al Jurf | G9: IMKAN | H9: Nael & Bin Harmal Hydroexport | I9: Award | J9: Lump Sum | K9: 157951 | L9: 557289 | M9: 119039 | N9: Irrigation | O9: =2308327+989147 -> 3297474 | P9: ='Infrastructure Benchmarks - ref'!$O9/'Infrastructure Benchmarks - ref'!$K9 -> 20.876563 | Q9: ='Infrastructure Benchmarks - ref'!$O9/'Infrastructure Benchmarks - ref'!$L9 -> 5.916991 | R9: ='Infrastructure Benchmarks - ref'!$O9/'Infrastructure Benchmarks - ref'!$M9 -> 27.700787 | S9: 2019
A10: Residential | B10: United Arab Emirates | C10: Abu Dhabi | D10: Ghantoot | E10: Project B | F10: Al Jurf | G10: IMKAN | H10: Nael & Bin Harmal Hydroexport | I10: Award | J10: Lump Sum | K10: 157951 | L10: 557289 | M10: 119039 | N10: Chilled Water | O10: 0 | P10: 0 | Q10: 0 | R10: 0 | S10: 2019
A11: Residential | B11: United Arab Emirates | C11: Abu Dhabi | D11: Ghantoot | E11: Project B | F11: Al Jurf | G11: IMKAN | H11: Nael & Bin Harmal Hydroexport | I11: Award | J11: Lump Sum | K11: 157951 | L11: 557289 | M11: 119039 | N11: Gas | O11: 0 | P11: 0 | Q11: 0 | R11: 0 | S11: 2019
A12: Residential | B12: United Arab Emirates | C12: Abu Dhabi | D12: Ghantoot | E12: Project B | F12: Al Jurf | G12: IMKAN | H12: Nael & Bin Harmal Hydroexport | I12: Award | J12: Lump Sum | K12: 157951 | L12: 557289 | M12: 119039 | N12: Electrical | O12: =9592149+5368538 -> 14960687 | P12: ='Infrastructure Benchmarks - ref'!$O12/'Infrastructure Benchmarks - ref'!$K12 -> 94.717267 | Q12: ='Infrastructure Benchmarks - ref'!$O12/'Infrastructure Benchmarks - ref'!$L12 -> 26.845473 | R12: ='Infrastructure Benchmarks - ref'!$O12/'Infrastructure Benchmarks - ref'!$M12 -> 125.67887 | S12: 2019
A13: Residential | B13: United Arab Emirates | C13: Abu Dhabi | D13: Ghantoot | E13: Project B | F13: Al Jurf | G13: IMKAN | H13: Nael & Bin Harmal Hydroexport | I13: Award | J13: Lump Sum | K13: 157951 | L13: 557289 | M13: 119039 | N13: Telecom | O13: =4038113+291267 -> 4329380 | P13: ='Infrastructure Benchmarks - ref'!$O13/'Infrastructure Benchmarks - ref'!$K13 -> 27.40964 | Q13: ='Infrastructure Benchmarks - ref'!$O13/'Infrastructure Benchmarks - ref'!$L13 -> 7.7686443 | R13: ='Infrastructure Benchmarks - ref'!$O13/'Infrastructure Benchmarks - ref'!$M13 -> 36.369425 | S13: 2019
A14: Residential | B14: United Arab Emirates | C14: Abu Dhabi | D14: Ghantoot | E14: Project B | F14: Al Jurf | G14: IMKAN | H14: Nael & Bin Harmal Hydroexport | I14: Award | J14: Lump Sum | K14: 157951 | L14: 557289 | M14: 119039 | N14: Security | O14: 0 | P14: 0 | Q14: 0 | R14: 0 | S14: 2019
A15: Residential | B15: United Arab Emirates | C15: Abu Dhabi | D15: Ghantoot | E15: Project B | F15: Al Jurf | G15: IMKAN | H15: Nael & Bin Harmal Hydroexport | I15: Award | J15: Lump Sum | K15: 157951 | L15: 557289 | M15: 119039 | N15: Streetlighting | O15: 4319911 | P15: ='Infrastructure Benchmarks - ref'!$O15/'Infrastructure Benchmarks - ref'!$K15 -> 27.349691 | Q15: ='Infrastructure Benchmarks - ref'!$O15/'Infrastructure Benchmarks - ref'!$L15 -> 7.7516531 | R15: ='Infrastructure Benchmarks - ref'!$O15/'Infrastructure Benchmarks - ref'!$M15 -> 36.28988 | S15: 2019
A16: Residential | B16: United Arab Emirates | C16: Abu Dhabi | D16: Ghantoot | E16: Project B | F16: Al Jurf | G16: IMKAN | H16: Nael & Bin Harmal Hydroexport | I16: Award | J16: Lump Sum | K16: 157951 | L16: 557289 | M16: 119039 | N16: Employer's Network | O16: 0 | P16: 0 | Q16: 0 | R16: 0 | S16: 2019
A17: Residential | B17: United Arab Emirates | C17: Abu Dhabi | D17: Ghantoot | E17: Project B | F17: Al Jurf | G17: IMKAN | H17: Nael & Bin Harmal Hydroexport | I17: Award | J17: Lump Sum | K17: 157951 | L17: 557289 | M17: 119039 | N17: Offsite Utility Connections | O17: =3968636+10801402 -> 14770038 | P17: ='Infrastructure Benchmarks - ref'!$O17/'Infrastructure Benchmarks - ref'!$K17 -> 93.510253 | Q17: ='Infrastructure Benchmarks - ref'!$O17/'Infrastructure Benchmarks - ref'!$L17 -> 26.503373 | R17: ='Infrastructure Benchmarks - ref'!$O17/'Infrastructure Benchmarks - ref'!$M17 -> 124.0773 | S17: 2019
A18: Residential | B18: United Arab Emirates | C18: Abu Dhabi | D18: Ghantoot | E18: Project B | F18: Al Jurf | G18: IMKAN | H18: Nael & Bin Harmal Hydroexport | I18: Award | J18: Lump Sum | K18: 157951 | L18: 557289 | M18: 119039 | N18: Sewerage Treatment Plant | O18: 3900000 | P18: ='Infrastructure Benchmarks - ref'!$O18/'Infrastructure Benchmarks - ref'!$K18 -> 24.691202 | Q18: ='Infrastructure Benchmarks - ref'!$O18/'Infrastructure Benchmarks - ref'!$L18 -> 6.9981643 | R18: ='Infrastructure Benchmarks - ref'!$O18/'Infrastructure Benchmarks - ref'!$M18 -> 32.762372 | S18: 2019
A19: Residential | B19: United Arab Emirates | C19: Abu Dhabi | D19: Ghantoot | E19: Project B | F19: Al Jurf | G19: IMKAN | H19: Nael & Bin Harmal Hydroexport | I19: Award | J19: Lump Sum | K19: 157951 | L19: 557289 | M19: 119039 | N19: Irrigation Pumping Station | O19: 2700000 | P19: ='Infrastructure Benchmarks - ref'!$O19/'Infrastructure Benchmarks - ref'!$K19 -> 17.093909 | Q19: ='Infrastructure Benchmarks - ref'!$O19/'Infrastructure Benchmarks - ref'!$L19 -> 4.844883 | R19: ='Infrastructure Benchmarks - ref'!$O19/'Infrastructure Benchmarks - ref'!$M19 -> 22.681642 | S19: 2019
A20: Residential | B20: United Arab Emirates | C20: Abu Dhabi | D20: Ghantoot | E20: Project B | F20: Al Jurf | G20: IMKAN | H20: Nael & Bin Harmal Hydroexport | I20: Award | J20: Lump Sum | K20: 157951 | L20: 557289 | M20: 119039 | N20: Potable Water Pumping Station | O20: 0 | P20: 0 | Q20: 0 | R20: 0 | S20: 2019
A21: Residential | B21: United Arab Emirates | C21: Abu Dhabi | D21: Ghantoot | E21: Project B | F21: Al Jurf | G21: IMKAN | H21: Nael & Bin Harmal Hydroexport | I21: Award | J21: Lump Sum | K21: 157951 | L21: 557289 | M21: 119039 | N21: District Cooling Plant | O21: 0 | P21: 0 | Q21: 0 | R21: 0 | S21: 2019
A22: Residential | B22: United Arab Emirates | C22: Abu Dhabi | D22: Ghantoot | E22: Project B | F22: Al Jurf | G22: IMKAN | H22: Nael & Bin Harmal Hydroexport | I22: Award | J22: Lump Sum | K22: 157951 | L22: 557289 | M22: 119039 | N22: Substation - 132kV | O22: 0 | P22: 0 | Q22: 0 | R22: 0 | S22: 2019
A23: Residential | B23: United Arab Emirates | C23: Abu Dhabi | D23: Ghantoot | E23: Project B | F23: Al Jurf | G23: IMKAN | H23: Nael & Bin Harmal Hydroexport | I23: Award | J23: Lump Sum | K23: 157951 | L23: 557289 | M23: 119039 | N23: Substation - 0.4/11-22kV | O23: 9438518 | P23: ='Infrastructure Benchmarks - ref'!$O23/'Infrastructure Benchmarks - ref'!$K23 -> 59.755988 | Q23: ='Infrastructure Benchmarks - ref'!$O23/'Infrastructure Benchmarks - ref'!$L23 -> 16.936487 | R23: ='Infrastructure Benchmarks - ref'!$O23/'Infrastructure Benchmarks - ref'!$M23 -> 79.289292 | S23: 2019
A24: Residential | B24: United Arab Emirates | C24: Abu Dhabi | D24: Ghantoot | E24: Project B | F24: Al Jurf | G24: IMKAN | H24: Nael & Bin Harmal Hydroexport | I24: Award | J24: Lump Sum | K24: 157951 | L24: 557289 | M24: 119039 | N24: Other Utility Buildings | O24: 0 | P24: 0 | Q24: 0 | R24: 0 | S24: 2019
A25: Residential | B25: United Arab Emirates | C25: Abu Dhabi | D25: Ghantoot | E25: Project B | F25: Al Jurf | G25: IMKAN | H25: Nael & Bin Harmal Hydroexport | I25: Award | J25: Lump Sum | K25: 157951 | L25: 557289 | M25: 119039 | N25: Roads | O25: 8852560 | P25: ='Infrastructure Benchmarks - ref'!$O25/'Infrastructure Benchmarks - ref'!$K25 -> 56.046242 | Q25: ='Infrastructure Benchmarks - ref'!$O25/'Infrastructure Benchmarks - ref'!$L25 -> 15.885043 | R25: ='Infrastructure Benchmarks - ref'!$O25/'Infrastructure Benchmarks - ref'!$M25 -> 74.366888 | S25: 2019
A26: Residential | B26: United Arab Emirates | C26: Abu Dhabi | D26: Ghantoot | E26: Project B | F26: Al Jurf | G26: IMKAN | H26: Nael & Bin Harmal Hydroexport | I26: Award | J26: Lump Sum | K26: 157951 | L26: 557289 | M26: 119039 | N26: Streetscape | O26: 30334415 | P26: ='Infrastructure Benchmarks - ref'!$O26/'Infrastructure Benchmarks - ref'!$K26 -> 192.04953 | Q26: ='Infrastructure Benchmarks - ref'!$O26/'Infrastructure Benchmarks - ref'!$L26 -> 54.432108 | R26: ='Infrastructure Benchmarks - ref'!$O26/'Infrastructure Benchmarks - ref'!$M26 -> 254.82754 | S26: 2019
A27: Residential | B27: United Arab Emirates | C27: Abu Dhabi | D27: Ghantoot | E27: Project B | F27: Al Jurf | G27: IMKAN | H27: Nael & Bin Harmal Hydroexport | I27: Estimate | J27: Lump Sum | K27: 157951 | L27: 557289 | M27: 119039 | N27: Public Realm - Open Space | O27: 18545787 | P27: ='Infrastructure Benchmarks - ref'!$O27/'Infrastructure Benchmarks - ref'!$K27 -> 117.41481 | Q27: ='Infrastructure Benchmarks - ref'!$O27/'Infrastructure Benchmarks - ref'!$L27 -> 33.278581 | R27: ='Infrastructure Benchmarks - ref'!$O27/'Infrastructure Benchmarks - ref'!$M27 -> 155.79589 | S27: 2019
A28: Residential | B28: United Arab Emirates | C28: Abu Dhabi | D28: Ghantoot | E28: Project B | F28: Al Jurf | G28: IMKAN | H28: Nael & Bin Harmal Hydroexport | I28: Estimate | J28: Lump Sum | K28: 157951 | L28: 557289 | M28: 119039 | N28: Public Realm - Park | O28: 11519715 | P28: ='Infrastructure Benchmarks - ref'!$O28/'Infrastructure Benchmarks - ref'!$K28 -> 72.932207 | Q28: ='Infrastructure Benchmarks - ref'!$O28/'Infrastructure Benchmarks - ref'!$L28 -> 20.670989 | R28: ='Infrastructure Benchmarks - ref'!$O28/'Infrastructure Benchmarks - ref'!$M28 -> 96.772612 | S28: 2019
A29: Residential | B29: United Arab Emirates | C29: Abu Dhabi | D29: Ghantoot | E29: Project B | F29: Al Jurf | G29: IMKAN | H29: Nael & Bin Harmal Hydroexport | I29: Award | J29: Lump Sum | K29: 157951 | L29: 557289 | M29: 119039 | N29: Bridges & Tunnels | O29: 0 | P29: 0 | Q29: 0 | R29: 0 | S29: 2019
A30: Residential | B30: United Arab Emirates | C30: Abu Dhabi | D30: Ghantoot | E30: Project B | F30: Al Jurf | G30: IMKAN | H30: Nael & Bin Harmal Hydroexport | I30: Award | J30: Lump Sum | K30: 157951 | L30: 557289 | M30: 119039 | N30: Land Reclamation & Marine | O30: 0 | P30: 0 | Q30: 0 | R30: 0 | S30: 2019
A31: Residential | B31: United Arab Emirates | C31: Abu Dhabi | D31: Yas Island | E31: Project H | F31: West Yas | G31: Aldar | H31: Unknown | I31: Award | J31: Lump Sum | K31: 580094 | L31: 2044670 | M31: 710886 | N31: Preliminaries | O31: 19449911 | P31: ='Infrastructure Benchmarks - ref'!$O31/'Infrastructure Benchmarks - ref'!$K31 -> 33.528895 | Q31: ='Infrastructure Benchmarks - ref'!$O31/'Infrastructure Benchmarks - ref'!$L31 -> 9.5124939 | R31: ='Infrastructure Benchmarks - ref'!$O31/'Infrastructure Benchmarks - ref'!$M31 -> 27.360099 | S31: 2016
A32: Residential | B32: United Arab Emirates | C32: Abu Dhabi | D32: Yas Island | E32: Project H | F32: West Yas | G32: Aldar | H32: Unknown | I32: Award | J32: Lump Sum | K32: 580094 | L32: 2044670 | M32: 710886 | N32: Ground Investigation | O32: 0 | P32: 0 | Q32: 0 | R32: 0 | S32: 2016
A33: Residential | B33: United Arab Emirates | C33: Abu Dhabi | D33: Yas Island | E33: Project H | F33: West Yas | G33: Aldar | H33: Unknown | I33: Award | J33: Lump Sum | K33: 580094 | L33: 2044670 | M33: 710886 | N33: Demolition & Site Clearance | O33: 0 | P33: ='Infrastructure Benchmarks - ref'!$O33/'Infrastructure Benchmarks - ref'!$K33 -> 0 | Q33: ='Infrastructure Benchmarks - ref'!$O33/'Infrastructure Benchmarks - ref'!$L33 -> 0 | R33: ='Infrastructure Benchmarks - ref'!$O33/'Infrastructure Benchmarks - ref'!$M33 -> 0 | S33: 2016
A34: Residential | B34: United Arab Emirates | C34: Abu Dhabi | D34: Yas Island | E34: Project H | F34: West Yas | G34: Aldar | H34: Unknown | I34: Award | J34: Lump Sum | K34: 580094 | L34: 2044670 | M34: 710886 | N34: Earthworks | O34: 33077291 | P34: ='Infrastructure Benchmarks - ref'!$O34/'Infrastructure Benchmarks - ref'!$K34 -> 57.020571 | Q34: ='Infrastructure Benchmarks - ref'!$O34/'Infrastructure Benchmarks - ref'!$L34 -> 16.177325 | R34: ='Infrastructure Benchmarks - ref'!$O34/'Infrastructure Benchmarks - ref'!$M34 -> 46.52967 | S34: 2016
A35: Residential | B35: United Arab Emirates | C35: Abu Dhabi | D35: Yas Island | E35: Project H | F35: West Yas | G35: Aldar | H35: Unknown | I35: Award | J35: Lump Sum | K35: 580094 | L35: 2044670 | M35: 710886 | N35: Sewerage | O35: 33797356 | P35: ='Infrastructure Benchmarks - ref'!$O35/'Infrastructure Benchmarks - ref'!$K35 -> 58.261861 | Q35: ='Infrastructure Benchmarks - ref'!$O35/'Infrastructure Benchmarks - ref'!$L35 -> 16.529492 | R35: ='Infrastructure Benchmarks - ref'!$O35/'Infrastructure Benchmarks - ref'!$M35 -> 47.542582 | S35: 2016
A36: Residential | B36: United Arab Emirates | C36: Abu Dhabi | D36: Yas Island | E36: Project H | F36: West Yas | G36: Aldar | H36: Unknown | I36: Award | J36: Lump Sum | K36: 580094 | L36: 2044670 | M36: 710886 | N36: Stormwater | O36: 27138491 | P36: ='Infrastructure Benchmarks - ref'!$O36/'Infrastructure Benchmarks - ref'!$K36 -> 46.78292 | Q36: ='Infrastructure Benchmarks - ref'!$O36/'Infrastructure Benchmarks - ref'!$L36 -> 13.272798 | R36: ='Infrastructure Benchmarks - ref'!$O36/'Infrastructure Benchmarks - ref'!$M36 -> 38.175588 | S36: 2016
A37: Residential | B37: United Arab Emirates | C37: Abu Dhabi | D37: Yas Island | E37: Project H | F37: West Yas | G37: Aldar | H37: Unknown | I37: Award | J37: Lump Sum | K37: 580094 | L37: 2044670 | M37: 710886 | N37: Potable Water | O37: 23519786 | P37: ='Infrastructure Benchmarks - ref'!$O37/'Infrastructure Benchmarks - ref'!$K37 -> 40.544784 | Q37: ='Infrastructure Benchmarks - ref'!$O37/'Infrastructure Benchmarks - ref'!$L37 -> 11.502974 | R37: ='Infrastructure Benchmarks - ref'!$O37/'Infrastructure Benchmarks - ref'!$M37 -> 33.085173 | S37: 2016
A38: Residential | B38: United Arab Emirates | C38: Abu Dhabi | D38: Yas Island | E38: Project H | F38: West Yas | G38: Aldar | H38: Unknown | I38: Award | J38: Lump Sum | K38: 580094 | L38: 2044670 | M38: 710886 | N38: Irrigation | O38: 22532960 | P38: ='Infrastructure Benchmarks - ref'!$O38/'Infrastructure Benchmarks - ref'!$K38 -> 38.843636 | Q38: ='Infrastructure Benchmarks - ref'!$O38/'Infrastructure Benchmarks - ref'!$L38 -> 11.020341 | R38: ='Infrastructure Benchmarks - ref'!$O38/'Infrastructure Benchmarks - ref'!$M38 -> 31.697009 | S38: 2016
A39: Residential | B39: United Arab Emirates | C39: Abu Dhabi | D39: Yas Island | E39: Project H | F39: West Yas | G39: Aldar | H39: Unknown | I39: Award | J39: Lump Sum | K39: 580094 | L39: 2044670 | M39: 710886 | N39: Chilled Water | O39: 0 | P39: 0 | Q39: 0 | R39: 0 | S39: 2016
A40: Residential | B40: United Arab Emirates | C40: Abu Dhabi | D40: Yas Island | E40: Project H | F40: West Yas | G40: Aldar | H40: Unknown | I40: Award | J40: Lump Sum | K40: 580094 | L40: 2044670 | M40: 710886 | N40: Gas | O40: 4878211 | P40: ='Infrastructure Benchmarks - ref'!$O40/'Infrastructure Benchmarks - ref'!$K40 -> 8.4093457 | Q40: ='Infrastructure Benchmarks - ref'!$O40/'Infrastructure Benchmarks - ref'!$L40 -> 2.3858182 | R40: ='Infrastructure Benchmarks - ref'!$O40/'Infrastructure Benchmarks - ref'!$M40 -> 6.8621565 | S40: 2016
A41: Residential | B41: United Arab Emirates | C41: Abu Dhabi | D41: Yas Island | E41: Project H | F41: West Yas | G41: Aldar | H41: Unknown | I41: Award | J41: Lump Sum | K41: 580094 | L41: 2044670 | M41: 710886 | N41: Electrical | O41: 112094638 | P41: ='Infrastructure Benchmarks - ref'!$O41/'Infrastructure Benchmarks - ref'!$K41 -> 193.2353 | Q41: ='Infrastructure Benchmarks - ref'!$O41/'Infrastructure Benchmarks - ref'!$L41 -> 54.822851 | R41: ='Infrastructure Benchmarks - ref'!$O41/'Infrastructure Benchmarks - ref'!$M41 -> 157.683 | S41: 2016
A42: Residential | B42: United Arab Emirates | C42: Abu Dhabi | D42: Yas Island | E42: Project H | F42: West Yas | G42: Aldar | H42: Unknown | I42: Award | J42: Lump Sum | K42: 580094 | L42: 2044670 | M42: 710886 | N42: Telecom | O42: 13398795 | P42: ='Infrastructure Benchmarks - ref'!$O42/'Infrastructure Benchmarks - ref'!$K42 -> 23.097627 | Q42: ='Infrastructure Benchmarks - ref'!$O42/'Infrastructure Benchmarks - ref'!$L42 -> 6.5530355 | R42: ='Infrastructure Benchmarks - ref'!$O42/'Infrastructure Benchmarks - ref'!$M42 -> 18.848022 | S42: 2016
A43: Residential | B43: United Arab Emirates | C43: Abu Dhabi | D43: Yas Island | E43: Project H | F43: West Yas | G43: Aldar | H43: Unknown | I43: Award | J43: Lump Sum | K43: 580094 | L43: 2044670 | M43: 710886 | N43: Security | O43: 0 | P43: 0 | Q43: 0 | R43: 0 | S43: 2016
A44: Residential | B44: United Arab Emirates | C44: Abu Dhabi | D44: Yas Island | E44: Project H | F44: West Yas | G44: Aldar | H44: Unknown | I44: Award | J44: Lump Sum | K44: 580094 | L44: 2044670 | M44: 710886 | N44: Streetlighting | O44: 17874792 | P44: ='Infrastructure Benchmarks - ref'!$O44/'Infrastructure Benchmarks - ref'!$K44 -> 30.813613 | Q44: ='Infrastructure Benchmarks - ref'!$O44/'Infrastructure Benchmarks - ref'!$L44 -> 8.7421403 | R44: ='Infrastructure Benchmarks - ref'!$O44/'Infrastructure Benchmarks - ref'!$M44 -> 25.144386 | S44: 2016
A45: Residential | B45: United Arab Emirates | C45: Abu Dhabi | D45: Yas Island | E45: Project H | F45: West Yas | G45: Aldar | H45: Unknown | I45: Award | J45: Lump Sum | K45: 580094 | L45: 2044670 | M45: 710886 | N45: Employer's Network | O45: 0 | P45: 0 | Q45: 0 | R45: 0 | S45: 2016
A46: Residential | B46: United Arab Emirates | C46: Abu Dhabi | D46: Yas Island | E46: Project H | F46: West Yas | G46: Aldar | H46: Unknown | I46: Award | J46: Lump Sum | K46: 580094 | L46: 2044670 | M46: 710886 | N46: Offsite Utility Connections | O46: 0 | P46: 0 | Q46: 0 | R46: 0 | S46: 2016
A47: Residential | B47: United Arab Emirates | C47: Abu Dhabi | D47: Yas Island | E47: Project H | F47: West Yas | G47: Aldar | H47: Unknown | I47: Award | J47: Lump Sum | K47: 580094 | L47: 2044670 | M47: 710886 | N47: Sewerage Treatment Plant | O47: 0 | P47: 0 | Q47: 0 | R47: 0 | S47: 2016
A48: Residential | B48: United Arab Emirates | C48: Abu Dhabi | D48: Yas Island | E48: Project H | F48: West Yas | G48: Aldar | H48: Unknown | I48: Award | J48: Lump Sum | K48: 580094 | L48: 2044670 | M48: 710886 | N48: Irrigation Pumping Station | O48: 0 | P48: 0 | Q48: 0 | R48: 0 | S48: 2016
A49: Residential | B49: United Arab Emirates | C49: Abu Dhabi | D49: Yas Island | E49: Project H | F49: West Yas | G49: Aldar | H49: Unknown | I49: Award | J49: Lump Sum | K49: 580094 | L49: 2044670 | M49: 710886 | N49: Potable Water Pumping Station | O49: 0 | P49: 0 | Q49: 0 | R49: 0 | S49: 2016
A50: Residential | B50: United Arab Emirates | C50: Abu Dhabi | D50: Yas Island | E50: Project H | F50: West Yas | G50: Aldar | H50: Unknown | I50: Award | J50: Lump Sum | K50: 580094 | L50: 2044670 | M50: 710886 | N50: District Cooling Plant | O50: 0 | P50: 0 | Q50: 0 | R50: 0 | S50: 2016
A51: Residential | B51: United Arab Emirates | C51: Abu Dhabi | D51: Yas Island | E51: Project H | F51: West Yas | G51: Aldar | H51: Unknown | I51: Award | J51: Lump Sum | K51: 580094 | L51: 2044670 | M51: 710886 | N51: Substation - 0.4/11-22kV | O51: 0 | P51: 0 | Q51: 0 | R51: 0 | S51: 2016
A52: Residential | B52: United Arab Emirates | C52: Abu Dhabi | D52: Yas Island | E52: Project H | F52: West Yas | G52: Aldar | H52: Unknown | I52: Award | J52: Lump Sum | K52: 580094 | L52: 2044670 | M52: 710886 | N52: Substation - 132kV | O52: 0 | P52: 0 | Q52: 0 | R52: 0 | S52: 2016
A53: Residential | B53: United Arab Emirates | C53: Abu Dhabi | D53: Yas Island | E53: Project H | F53: West Yas | G53: Aldar | H53: Unknown | I53: Award | J53: Lump Sum | K53: 580094 | L53: 2044670 | M53: 710886 | N53: Other Utility Buildings | O53: 0 | P53: 0 | Q53: 0 | R53: 0 | S53: 2016
A54: Residential | B54: United Arab Emirates | C54: Abu Dhabi | D54: Yas Island | E54: Project H | F54: West Yas | G54: Aldar | H54: Unknown | I54: Award | J54: Lump Sum | K54: 580094 | L54: 2044670 | M54: 710886 | N54: Roads | O54: =50278070+15532735 -> 65810805 | P54: ='Infrastructure Benchmarks - ref'!$O54/'Infrastructure Benchmarks - ref'!$K54 -> 113.44852 | Q54: ='Infrastructure Benchmarks - ref'!$O54/'Infrastructure Benchmarks - ref'!$L54 -> 32.186517 | R54: ='Infrastructure Benchmarks - ref'!$O54/'Infrastructure Benchmarks - ref'!$M54 -> 92.575751 | S54: 2016
A55: Residential | B55: United Arab Emirates | C55: Abu Dhabi | D55: Yas Island | E55: Project H | F55: West Yas | G55: Aldar | H55: Unknown | I55: Award | J55: Lump Sum | K55: 580094 | L55: 2044670 | M55: 710886 | N55: Streetscape | O55: 75000000 | P55: ='Infrastructure Benchmarks - ref'!$O55/'Infrastructure Benchmarks - ref'!$K55 -> 129.28939 | Q55: ='Infrastructure Benchmarks - ref'!$O55/'Infrastructure Benchmarks - ref'!$L55 -> 36.680736 | R55: ='Infrastructure Benchmarks - ref'!$O55/'Infrastructure Benchmarks - ref'!$M55 -> 105.50215 | S55: 2016
A56: Residential | B56: United Arab Emirates | C56: Abu Dhabi | D56: Yas Island | E56: Project H | F56: West Yas | G56: Aldar | H56: Unknown | I56: Award | J56: Lump Sum | K56: 580094 | L56: 2044670 | M56: 710886 | N56: Public Realm - Open Space | O56: =159576008-(O57+O55) -> 45000000 | P56: ='Infrastructure Benchmarks - ref'!$O56/'Infrastructure Benchmarks - ref'!$K56 -> 77.573635 | Q56: ='Infrastructure Benchmarks - ref'!$O56/'Infrastructure Benchmarks - ref'!$L56 -> 22.008441 | R56: ='Infrastructure Benchmarks - ref'!$O56/'Infrastructure Benchmarks - ref'!$M56 -> 63.301289 | S56: 2016
A57: Residential | B57: United Arab Emirates | C57: Abu Dhabi | D57: Yas Island | E57: Project H | F57: West Yas | G57: Aldar | H57: Unknown | I57: Award | J57: Lump Sum | K57: 580094 | L57: 2044670 | M57: 710886 | N57: Public Realm - Park | O57: 39576008 | P57: ='Infrastructure Benchmarks - ref'!$O57/'Infrastructure Benchmarks - ref'!$K57 -> 68.22344 | Q57: ='Infrastructure Benchmarks - ref'!$O57/'Infrastructure Benchmarks - ref'!$L57 -> 19.355695 | R57: ='Infrastructure Benchmarks - ref'!$O57/'Infrastructure Benchmarks - ref'!$M57 -> 55.671385 | S57: 2016
A58: Residential | B58: United Arab Emirates | C58: Abu Dhabi | D58: Yas Island | E58: Project H | F58: West Yas | G58: Aldar | H58: Unknown | I58: Award | J58: Lump Sum | K58: 580094 | L58: 2044670 | M58: 710886 | N58: Bridges & Tunnels | O58: 0 | P58: 0 | Q58: 0 | R58: 0 | S58: 2016
A59: Residential | B59: United Arab Emirates | C59: Abu Dhabi | D59: Yas Island | E59: Project H | F59: West Yas | G59: Aldar | H59: Unknown | I59: Award | J59: Lump Sum | K59: 580094 | L59: 2044670 | M59: 710886 | N59: Land Reclamation & Marine | O59: 51727097 | P59: ='Infrastructure Benchmarks - ref'!$O59/'Infrastructure Benchmarks - ref'!$K59 -> 89.170198 | Q59: ='Infrastructure Benchmarks - ref'!$O59/'Infrastructure Benchmarks - ref'!$L59 -> 25.298506 | R59: ='Infrastructure Benchmarks - ref'!$O59/'Infrastructure Benchmarks - ref'!$M59 -> 72.764265 | S59: 2016
A60: Residential | B60: United Arab Emirates | C60: Abu Dhabi | D60: Yas Island | E60: Project F | F60: Precinct G, H & D | G60: Aldar | H60: Unknown | I60: Award | J60: Lump Sum | K60: 362564 | L60: 830616 | M60: 230390 | N60: Preliminaries | O60: 40271257 | P60: ='Infrastructure Benchmarks - ref'!$O60/'Infrastructure Benchmarks - ref'!$K60 -> 111.07351 | Q60: ='Infrastructure Benchmarks - ref'!$O60/'Infrastructure Benchmarks - ref'!$L60 -> 48.483604 | R60: ='Infrastructure Benchmarks - ref'!$O60/'Infrastructure Benchmarks - ref'!$M60 -> 174.79603 | S60: 2016
A61: Residential | B61: United Arab Emirates | C61: Abu Dhabi | D61: Yas Island | E61: Project F | F61: Precinct G, H & D | G61: Aldar | H61: Unknown | I61: Award | J61: Lump Sum | K61: 362564 | L61: 830616 | M61: 230390 | N61: Ground Investigation | O61: 0 | P61: 0 | Q61: 0 | R61: 0 | S61: 2016
A62: Residential | B62: United Arab Emirates | C62: Abu Dhabi | D62: Yas Island | E62: Project F | F62: Precinct G, H & D | G62: Aldar | H62: Unknown | I62: Award | J62: Lump Sum | K62: 362564 | L62: 830616 | M62: 230390 | N62: Demolition & Site Clearance | O62: 0 | P62: 0 | Q62: 0 | R62: 0 | S62: 2016
A63: Residential | B63: United Arab Emirates | C63: Abu Dhabi | D63: Yas Island | E63: Project F | F63: Precinct G, H & D | G63: Aldar | H63: Unknown | I63: Award | J63: Lump Sum | K63: 362564 | L63: 830616 | M63: 230390 | N63: Earthworks | O63: 12725794 | P63: ='Infrastructure Benchmarks - ref'!$O63/'Infrastructure Benchmarks - ref'!$K63 -> 35.099442 | Q63: ='Infrastructure Benchmarks - ref'!$O63/'Infrastructure Benchmarks - ref'!$L63 -> 15.320911 | R63: ='Infrastructure Benchmarks - ref'!$O63/'Infrastructure Benchmarks - ref'!$M63 -> 55.235878 | S63: 2016
A64: Residential | B64: United Arab Emirates | C64: Abu Dhabi | D64: Yas Island | E64: Project F | F64: Precinct G, H & D | G64: Aldar | H64: Unknown | I64: Award | J64: Lump Sum | K64: 362564 | L64: 830616 | M64: 230390 | N64: Sewerage | O64: 30688575 | P64: ='Infrastructure Benchmarks - ref'!$O64/'Infrastructure Benchmarks - ref'!$K64 -> 84.643194 | Q64: ='Infrastructure Benchmarks - ref'!$O64/'Infrastructure Benchmarks - ref'!$L64 -> 36.946766 | R64: ='Infrastructure Benchmarks - ref'!$O64/'Infrastructure Benchmarks - ref'!$M64 -> 133.20272 | S64: 2016
A65: Residential | B65: United Arab Emirates | C65: Abu Dhabi | D65: Yas Island | E65: Project F | F65: Precinct G, H & D | G65: Aldar | H65: Unknown | I65: Award | J65: Lump Sum | K65: 362564 | L65: 830616 | M65: 230390 | N65: Stormwater | O65: 26997114 | P65: ='Infrastructure Benchmarks - ref'!$O65/'Infrastructure Benchmarks - ref'!$K65 -> 74.461651 | Q65: ='Infrastructure Benchmarks - ref'!$O65/'Infrastructure Benchmarks - ref'!$L65 -> 32.502521 | R65: ='Infrastructure Benchmarks - ref'!$O65/'Infrastructure Benchmarks - ref'!$M65 -> 117.18006 | S65: 2016
A66: Residential | B66: United Arab Emirates | C66: Abu Dhabi | D66: Yas Island | E66: Project F | F66: Precinct G, H & D | G66: Aldar | H66: Unknown | I66: Award | J66: Lump Sum | K66: 362564 | L66: 830616 | M66: 230390 | N66: Potable Water | O66: 25316052 | P66: ='Infrastructure Benchmarks - ref'!$O66/'Infrastructure Benchmarks - ref'!$K66 -> 69.825057 | Q66: ='Infrastructure Benchmarks - ref'!$O66/'Infrastructure Benchmarks - ref'!$L66 -> 30.478647 | R66: ='Infrastructure Benchmarks - ref'!$O66/'Infrastructure Benchmarks - ref'!$M66 -> 109.88347 | S66: 2016
A67: Residential | B67: United Arab Emirates | C67: Abu Dhabi | D67: Yas Island | E67: Project F | F67: Precinct G, H & D | G67: Aldar | H67: Unknown | I67: Award | J67: Lump Sum | K67: 362564 | L67: 830616 | M67: 230390 | N67: Irrigation | O67: 26781419 | P67: ='Infrastructure Benchmarks - ref'!$O67/'Infrastructure Benchmarks - ref'!$K67 -> 73.866735 | Q67: ='Infrastructure Benchmarks - ref'!$O67/'Infrastructure Benchmarks - ref'!$L67 -> 32.24284 | R67: ='Infrastructure Benchmarks - ref'!$O67/'Infrastructure Benchmarks - ref'!$M67 -> 116.24384 | S67: 2016
A68: Residential | B68: United Arab Emirates | C68: Abu Dhabi | D68: Yas Island | E68: Project F | F68: Precinct G, H & D | G68: Aldar | H68: Unknown | I68: Award | J68: Lump Sum | K68: 362564 | L68: 830616 | M68: 230390 | N68: Chilled Water | O68: 0 | P68: 0 | Q68: 0 | R68: 0 | S68: 2016
A69: Residential | B69: United Arab Emirates | C69: Abu Dhabi | D69: Yas Island | E69: Project F | F69: Precinct G, H & D | G69: Aldar | H69: Unknown | I69: Award | J69: Lump Sum | K69: 362564 | L69: 830616 | M69: 230390 | N69: Gas | O69: 7571767 | P69: ='Infrastructure Benchmarks - ref'!$O69/'Infrastructure Benchmarks - ref'!$K69 -> 20.883946 | Q69: ='Infrastructure Benchmarks - ref'!$O69/'Infrastructure Benchmarks - ref'!$L69 -> 9.1158453 | R69: ='Infrastructure Benchmarks - ref'!$O69/'Infrastructure Benchmarks - ref'!$M69 -> 32.864998 | S69: 2016
A70: Residential | B70: United Arab Emirates | C70: Abu Dhabi | D70: Yas Island | E70: Project F | F70: Precinct G, H & D | G70: Aldar | H70: Unknown | I70: Award | J70: Lump Sum | K70: 362564 | L70: 830616 | M70: 230390 | N70: Electrical | O70: 79549870 | P70: ='Infrastructure Benchmarks - ref'!$O70/'Infrastructure Benchmarks - ref'!$K70 -> 219.40918 | Q70: ='Infrastructure Benchmarks - ref'!$O70/'Infrastructure Benchmarks - ref'!$L70 -> 95.772138 | R70: ='Infrastructure Benchmarks - ref'!$O70/'Infrastructure Benchmarks - ref'!$M70 -> 345.28352 | S70: 2016
A71: Residential | B71: United Arab Emirates | C71: Abu Dhabi | D71: Yas Island | E71: Project F | F71: Precinct G, H & D | G71: Aldar | H71: Unknown | I71: Award | J71: Lump Sum | K71: 362564 | L71: 830616 | M71: 230390 | N71: Telecom | O71: 13192103 | P71: ='Infrastructure Benchmarks - ref'!$O71/'Infrastructure Benchmarks - ref'!$K71 -> 36.385584 | Q71: ='Infrastructure Benchmarks - ref'!$O71/'Infrastructure Benchmarks - ref'!$L71 -> 15.882313 | R71: ='Infrastructure Benchmarks - ref'!$O71/'Infrastructure Benchmarks - ref'!$M71 -> 57.259877 | S71: 2016
A72: Residential | B72: United Arab Emirates | C72: Abu Dhabi | D72: Yas Island | E72: Project F | F72: Precinct G, H & D | G72: Aldar | H72: Unknown | I72: Award | J72: Lump Sum | K72: 362564 | L72: 830616 | M72: 230390 | N72: Security | O72: 2298374 | P72: ='Infrastructure Benchmarks - ref'!$O72/'Infrastructure Benchmarks - ref'!$K72 -> 6.3392229 | Q72: ='Infrastructure Benchmarks - ref'!$O72/'Infrastructure Benchmarks - ref'!$L72 -> 2.7670717 | R72: ='Infrastructure Benchmarks - ref'!$O72/'Infrastructure Benchmarks - ref'!$M72 -> 9.9760146 | S72: 2016
A73: Residential | B73: United Arab Emirates | C73: Abu Dhabi | D73: Yas Island | E73: Project F | F73: Precinct G, H & D | G73: Aldar | H73: Unknown | I73: Award | J73: Lump Sum | K73: 362564 | L73: 830616 | M73: 230390 | N73: Streetlighting | O73: 6484521 | P73: ='Infrastructure Benchmarks - ref'!$O73/'Infrastructure Benchmarks - ref'!$K73 -> 17.885176 | Q73: ='Infrastructure Benchmarks - ref'!$O73/'Infrastructure Benchmarks - ref'!$L73 -> 7.8068819 | R73: ='Infrastructure Benchmarks - ref'!$O73/'Infrastructure Benchmarks - ref'!$M73 -> 28.145844 | S73: 2016
A74: Residential | B74: United Arab Emirates | C74: Abu Dhabi | D74: Yas Island | E74: Project F | F74: Precinct G, H & D | G74: Aldar | H74: Unknown | I74: Award | J74: Lump Sum | K74: 362564 | L74: 830616 | M74: 230390 | N74: Employer's Network | O74: 0 | P74: 0 | Q74: 0 | R74: 0 | S74: 2016
A75: Residential | B75: United Arab Emirates | C75: Abu Dhabi | D75: Yas Island | E75: Project F | F75: Precinct G, H & D | G75: Aldar | H75: Unknown | I75: Award | J75: Lump Sum | K75: 362564 | L75: 830616 | M75: 230390 | N75: Offsite Utility Connections | O75: 0 | P75: 0 | Q75: 0 | R75: 0 | S75: 2016
A76: Residential | B76: United Arab Emirates | C76: Abu Dhabi | D76: Yas Island | E76: Project F | F76: Precinct G, H & D | G76: Aldar | H76: Unknown | I76: Award | J76: Lump Sum | K76: 362564 | L76: 830616 | M76: 230390 | N76: Sewerage Treatment Plant | O76: 0 | P76: 0 | Q76: 0 | R76: 0 | S76: 2016
A77: Residential | B77: United Arab Emirates | C77: Abu Dhabi | D77: Yas Island | E77: Project F | F77: Precinct G, H & D | G77: Aldar | H77: Unknown | I77: Award | J77: Lump Sum | K77: 362564 | L77: 830616 | M77: 230390 | N77: Irrigation Pumping Station | O77: 14574097 | P77: ='Infrastructure Benchmarks - ref'!$O77/'Infrastructure Benchmarks - ref'!$K77 -> 40.197309 | Q77: ='Infrastructure Benchmarks - ref'!$O77/'Infrastructure Benchmarks - ref'!$L77 -> 17.546131 | R77: ='Infrastructure Benchmarks - ref'!$O77/'Infrastructure Benchmarks - ref'!$M77 -> 63.258375 | S77: 2016
A78: Residential | B78: United Arab Emirates | C78: Abu Dhabi | D78: Yas Island | E78: Project F | F78: Precinct G, H & D | G78: Aldar | H78: Unknown | I78: Award | J78: Lump Sum | K78: 362564 | L78: 830616 | M78: 230390 | N78: Potable Water Pumping Station | O78: 11973767 | P78: ='Infrastructure Benchmarks - ref'!$O78/'Infrastructure Benchmarks - ref'!$K78 -> 33.025251 | Q78: ='Infrastructure Benchmarks - ref'!$O78/'Infrastructure Benchmarks - ref'!$L78 -> 14.415527 | R78: ='Infrastructure Benchmarks - ref'!$O78/'Infrastructure Benchmarks - ref'!$M78 -> 51.971731 | S78: 2016
A79: Residential | B79: United Arab Emirates | C79: Abu Dhabi | D79: Yas Island | E79: Project F | F79: Precinct G, H & D | G79: Aldar | H79: Unknown | I79: Award | J79: Lump Sum | K79: 362564 | L79: 830616 | M79: 230390 | N79: District Cooling Plant | O79: 0 | P79: 0 | Q79: 0 | R79: 0 | S79: 2016
A80: Residential | B80: United Arab Emirates | C80: Abu Dhabi | D80: Yas Island | E80: Project F | F80: Precinct G, H & D | G80: Aldar | H80: Unknown | I80: Award | J80: Lump Sum | K80: 362564 | L80: 830616 | M80: 230390 | N80: Substation - 0.4/11-22kV | O80: 0 | P80: 0 | Q80: 0 | R80: 0 | S80: 2016
A81: Residential | B81: United Arab Emirates | C81: Abu Dhabi | D81: Yas Island | E81: Project F | F81: Precinct G, H & D | G81: Aldar | H81: Unknown | I81: Award | J81: Lump Sum | K81: 362564 | L81: 830616 | M81: 230390 | N81: Substation - 132kV | O81: 0 | P81: 0 | Q81: 0 | R81: 0 | S81: 2016
A82: Residential | B82: United Arab Emirates | C82: Abu Dhabi | D82: Yas Island | E82: Project F | F82: Precinct G, H & D | G82: Aldar | H82: Unknown | I82: Award | J82: Lump Sum | K82: 362564 | L82: 830616 | M82: 230390 | N82: Other Utility Buildings | O82: 0 | P82: 0 | Q82: 0 | R82: 0 | S82: 2016
A83: Residential | B83: United Arab Emirates | C83: Abu Dhabi | D83: Yas Island | E83: Project F | F83: Precinct G, H & D | G83: Aldar | H83: Unknown | I83: Award | J83: Lump Sum | K83: 362564 | L83: 830616 | M83: 230390 | N83: Roads | O83: =24307731+6017634 -> 30325365 | P83: ='Infrastructure Benchmarks - ref'!$O83/'Infrastructure Benchmarks - ref'!$K83 -> 83.641412 | Q83: ='Infrastructure Benchmarks - ref'!$O83/'Infrastructure Benchmarks - ref'!$L83 -> 36.509488 | R83: ='Infrastructure Benchmarks - ref'!$O83/'Infrastructure Benchmarks - ref'!$M83 -> 131.62622 | S83: 2016
A84: Residential | B84: United Arab Emirates | C84: Abu Dhabi | D84: Yas Island | E84: Project F | F84: Precinct G, H & D | G84: Aldar | H84: Unknown | I84: Award | J84: Lump Sum | K84: 362564 | L84: 830616 | M84: 230390 | N84: Streetscape | O84: 36000000 | P84: ='Infrastructure Benchmarks - ref'!$O84/'Infrastructure Benchmarks - ref'!$K84 -> 99.292815 | Q84: ='Infrastructure Benchmarks - ref'!$O84/'Infrastructure Benchmarks - ref'!$L84 -> 43.341327 | R84: ='Infrastructure Benchmarks - ref'!$O84/'Infrastructure Benchmarks - ref'!$M84 -> 156.25678 | S84: 2016
A85: Residential | B85: United Arab Emirates | C85: Abu Dhabi | D85: Yas Island | E85: Project F | F85: Precinct G, H & D | G85: Aldar | H85: Unknown | I85: Award | J85: Lump Sum | K85: 362564 | L85: 830616 | M85: 230390 | N85: Public Realm - Open Space | O85: =(73276983)-(O86+O84) -> 25276983 | P85: ='Infrastructure Benchmarks - ref'!$O85/'Infrastructure Benchmarks - ref'!$K85 -> 69.7173 | Q85: ='Infrastructure Benchmarks - ref'!$O85/'Infrastructure Benchmarks - ref'!$L85 -> 30.431611 | R85: ='Infrastructure Benchmarks - ref'!$O85/'Infrastructure Benchmarks - ref'!$M85 -> 109.71389 | S85: 2016
A86: Residential | B86: United Arab Emirates | C86: Abu Dhabi | D86: Yas Island | E86: Project F | F86: Precinct G, H & D | G86: Aldar | H86: Unknown | I86: Award | J86: Lump Sum | K86: 362564 | L86: 830616 | M86: 230390 | N86: Public Realm - Park | O86: 12000000 | P86: ='Infrastructure Benchmarks - ref'!$O86/'Infrastructure Benchmarks - ref'!$K86 -> 33.097605 | Q86: ='Infrastructure Benchmarks - ref'!$O86/'Infrastructure Benchmarks - ref'!$L86 -> 14.447109 | R86: ='Infrastructure Benchmarks - ref'!$O86/'Infrastructure Benchmarks - ref'!$M86 -> 52.085594 | S86: 2016
A87: Residential | B87: United Arab Emirates | C87: Abu Dhabi | D87: Yas Island | E87: Project F | F87: Precinct G, H & D | G87: Aldar | H87: Unknown | I87: Award | J87: Lump Sum | K87: 362564 | L87: 830616 | M87: 230390 | N87: Bridges & Tunnels | O87: 11126209 | P87: ='Infrastructure Benchmarks - ref'!$O87/'Infrastructure Benchmarks - ref'!$K87 -> 30.687572 | Q87: ='Infrastructure Benchmarks - ref'!$O87/'Infrastructure Benchmarks - ref'!$L87 -> 13.39513 | R87: ='Infrastructure Benchmarks - ref'!$O87/'Infrastructure Benchmarks - ref'!$M87 -> 48.292934 | S87: 2016
A88: Residential | B88: United Arab Emirates | C88: Abu Dhabi | D88: Yas Island | E88: Project F | F88: Precinct G, H & D | G88: Aldar | H88: Unknown | I88: Award | J88: Lump Sum | K88: 362564 | L88: 830616 | M88: 230390 | N88: Land Reclamation & Marine | O88: 0 | P88: 0 | Q88: 0 | R88: 0 | S88: 2016
A89: Residential | B89: United Arab Emirates | C89: Abu Dhabi | D89: Nareel Island | E89: Project E | F89: Nareel Island | G89: Aldar | H89: Unknown | I89: Award | J89: Lump Sum | K89: 121133 | L89: 446985 | M89: 282420 | N89: Preliminaries | O89: 19630039 | P89: ='Infrastructure Benchmarks - ref'!$O89/'Infrastructure Benchmarks - ref'!$K89 -> 162.0536 | Q89: ='Infrastructure Benchmarks - ref'!$O89/'Infrastructure Benchmarks - ref'!$L89 -> 43.91655 | R89: ='Infrastructure Benchmarks - ref'!$O89/'Infrastructure Benchmarks - ref'!$M89 -> 69.506547 | S89: 2016
A90: Residential | B90: United Arab Emirates | C90: Abu Dhabi | D90: Nareel Island | E90: Project E | F90: Nareel Island | G90: Aldar | H90: Unknown | I90: Award | J90: Lump Sum | K90: 121133 | L90: 446985 | M90: 282420 | N90: Ground Investigation | O90: 0 | P90: 0 | Q90: 0 | R90: 0 | S90: 2016
A91: Residential | B91: United Arab Emirates | C91: Abu Dhabi | D91: Nareel Island | E91: Project E | F91: Nareel Island | G91: Aldar | H91: Unknown | I91: Award | J91: Lump Sum | K91: 121133 | L91: 446985 | M91: 282420 | N91: Demolition & Site Clearance | O91: 121770 | P91: ='Infrastructure Benchmarks - ref'!$O91/'Infrastructure Benchmarks - ref'!$K91 -> 1.0052587 | Q91: ='Infrastructure Benchmarks - ref'!$O91/'Infrastructure Benchmarks - ref'!$L91 -> 0.27242525 | R91: ='Infrastructure Benchmarks - ref'!$O91/'Infrastructure Benchmarks - ref'!$M91 -> 0.43116635 | S91: 2016
A92: Residential | B92: United Arab Emirates | C92: Abu Dhabi | D92: Nareel Island | E92: Project E | F92: Nareel Island | G92: Aldar | H92: Unknown | I92: Award | J92: Lump Sum | K92: 121133 | L92: 446985 | M92: 282420 | N92: Earthworks | O92: 530184 | P92: ='Infrastructure Benchmarks - ref'!$O92/'Infrastructure Benchmarks - ref'!$K92 -> 4.376875 | Q92: ='Infrastructure Benchmarks - ref'!$O92/'Infrastructure Benchmarks - ref'!$L92 -> 1.1861338 | R92: ='Infrastructure Benchmarks - ref'!$O92/'Infrastructure Benchmarks - ref'!$M92 -> 1.8772891 | S92: 2016
A93: Residential | B93: United Arab Emirates | C93: Abu Dhabi | D93: Nareel Island | E93: Project E | F93: Nareel Island | G93: Aldar | H93: Unknown | I93: Award | J93: Lump Sum | K93: 121133 | L93: 446985 | M93: 282420 | N93: Sewerage | O93: 7580384 | P93: ='Infrastructure Benchmarks - ref'!$O93/'Infrastructure Benchmarks - ref'!$K93 -> 62.579016 | Q93: ='Infrastructure Benchmarks - ref'!$O93/'Infrastructure Benchmarks - ref'!$L93 -> 16.958923 | R93: ='Infrastructure Benchmarks - ref'!$O93/'Infrastructure Benchmarks - ref'!$M93 -> 26.840819 | S93: 2016
A94: Residential | B94: United Arab Emirates | C94: Abu Dhabi | D94: Nareel Island | E94: Project E | F94: Nareel Island | G94: Aldar | H94: Unknown | I94: Award | J94: Lump Sum | K94: 121133 | L94: 446985 | M94: 282420 | N94: Stormwater | O94: 7444687 | P94: ='Infrastructure Benchmarks - ref'!$O94/'Infrastructure Benchmarks - ref'!$K94 -> 61.458785 | Q94: ='Infrastructure Benchmarks - ref'!$O94/'Infrastructure Benchmarks - ref'!$L94 -> 16.65534 | R94: ='Infrastructure Benchmarks - ref'!$O94/'Infrastructure Benchmarks - ref'!$M94 -> 26.360339 | S94: 2016
A95: Residential | B95: United Arab Emirates | C95: Abu Dhabi | D95: Nareel Island | E95: Project E | F95: Nareel Island | G95: Aldar | H95: Unknown | I95: Award | J95: Lump Sum | K95: 121133 | L95: 446985 | M95: 282420 | N95: Potable Water | O95: 6907053 | P95: ='Infrastructure Benchmarks - ref'!$O95/'Infrastructure Benchmarks - ref'!$K95 -> 57.020407 | Q95: ='Infrastructure Benchmarks - ref'!$O95/'Infrastructure Benchmarks - ref'!$L95 -> 15.452539 | R95: ='Infrastructure Benchmarks - ref'!$O95/'Infrastructure Benchmarks - ref'!$M95 -> 24.456671 | S95: 2016
A96: Residential | B96: United Arab Emirates | C96: Abu Dhabi | D96: Nareel Island | E96: Project E | F96: Nareel Island | G96: Aldar | H96: Unknown | I96: Award | J96: Lump Sum | K96: 121133 | L96: 446985 | M96: 282420 | N96: Irrigation | O96: 9697658 | P96: ='Infrastructure Benchmarks - ref'!$O96/'Infrastructure Benchmarks - ref'!$K96 -> 80.057936 | Q96: ='Infrastructure Benchmarks - ref'!$O96/'Infrastructure Benchmarks - ref'!$L96 -> 21.695712 | R96: ='Infrastructure Benchmarks - ref'!$O96/'Infrastructure Benchmarks - ref'!$M96 -> 34.337717 | S96: 2016
A97: Residential | B97: United Arab Emirates | C97: Abu Dhabi | D97: Nareel Island | E97: Project E | F97: Nareel Island | G97: Aldar | H97: Unknown | I97: Award | J97: Lump Sum | K97: 121133 | L97: 446985 | M97: 282420 | N97: Chilled Water | O97: 0 | P97: 0 | Q97: 0 | R97: 0 | S97: 2016
A98: Residential | B98: United Arab Emirates | C98: Abu Dhabi | D98: Nareel Island | E98: Project E | F98: Nareel Island | G98: Aldar | H98: Unknown | I98: Award | J98: Lump Sum | K98: 121133 | L98: 446985 | M98: 282420 | N98: Gas | O98: 1455302 | P98: ='Infrastructure Benchmarks - ref'!$O98/'Infrastructure Benchmarks - ref'!$K98 -> 12.014084 | Q98: ='Infrastructure Benchmarks - ref'!$O98/'Infrastructure Benchmarks - ref'!$L98 -> 3.2558184 | R98: ='Infrastructure Benchmarks - ref'!$O98/'Infrastructure Benchmarks - ref'!$M98 -> 5.1529708 | S98: 2016
A99: Residential | B99: United Arab Emirates | C99: Abu Dhabi | D99: Nareel Island | E99: Project E | F99: Nareel Island | G99: Aldar | H99: Unknown | I99: Award | J99: Lump Sum | K99: 121133 | L99: 446985 | M99: 282420 | N99: Electrical | O99: 41746288 | P99: ='Infrastructure Benchmarks - ref'!$O99/'Infrastructure Benchmarks - ref'!$K99 -> 344.63183 | Q99: ='Infrastructure Benchmarks - ref'!$O99/'Infrastructure Benchmarks - ref'!$L99 -> 93.395277 | R99: ='Infrastructure Benchmarks - ref'!$O99/'Infrastructure Benchmarks - ref'!$M99 -> 147.81633 | S99: 2016
A100: Residential | B100: United Arab Emirates | C100: Abu Dhabi | D100: Nareel Island | E100: Project E | F100: Nareel Island | G100: Aldar | H100: Unknown | I100: Award | J100: Lump Sum | K100: 121133 | L100: 446985 | M100: 282420 | N100: Telecom | O100: 5850657 | P100: ='Infrastructure Benchmarks - ref'!$O100/'Infrastructure Benchmarks - ref'!$K100 -> 48.299448 | Q100: ='Infrastructure Benchmarks - ref'!$O100/'Infrastructure Benchmarks - ref'!$L100 -> 13.089157 | R100: ='Infrastructure Benchmarks - ref'!$O100/'Infrastructure Benchmarks - ref'!$M100 -> 20.716157 | S100: 2016
...

Sheet Template
A1: Asset | B1: Country | C1: City | D1: Area | E1: Project | F1: Employer | G1: Contractor | H1: Status | I1: Contract | J1: Right of Way Area | K1: GLA | L1: GFA | M1: Element | N1: Total Cost | O1: ROW Rate | P1: GLA Rate | Q1: GFA Rate | R1: Year
A2: Residential | B2: United Arab Emirates | C2: Abu Dhabi | D2: Ghantoot | E2: Al Jurf | F2: IMKAN | G2: Nael & Bin Harmal Hyrdroexport | H2: Award | I2: Lump Sum | J2: 157951 | K2: 557289 | L2: 119039 | M2: Preliminaries | N2: =8271141+1800000 -> 10071141 | O2: =financials345[[#This Row],[Total Cost]]/financials345[[#This Row],[Right of Way Area]] -> 63.761173 | P2: =financials345[[#This Row],[Total Cost]]/financials345[[#This Row],[GLA]] -> 18.071667 | Q2: =financials345[[#This Row],[Total Cost]]/financials345[[#This Row],[GFA]] -> 84.60371 | R2: 2019
A3: Residential | B3: United Arab Emirates | C3: Abu Dhabi | D3: Ghantoot | E3: Al Jurf | F3: IMKAN | G3: Nael & Bin Harmal Hyrdroexport | H3: Award | I3: Lump Sum | J3: 157951 | K3: 557289 | L3: 119039 | M3: Ground Investigation | N3: Included | O3: N/A | P3: N/A | Q3: N/A | R3: 2019
O683: =financials345[[#This Row],[Total Cost]]/financials345[[#This Row],[Right of Way Area]] -> #VALUE!
O684: =financials345[[#This Row],[Total Cost]]/financials345[[#This Row],[Right of Way Area]] -> #VALUE!
O685: =financials345[[#This Row],[Total Cost]]/financials345[[#This Row],[Right of Way Area]] -> #VALUE!
O686: =financials345[[#This Row],[Total Cost]]/financials345[[#This Row],[Right of Way Area]] -> #VALUE!
O687: =financials345[[#This Row],[Total Cost]]/financials345[[#This Row],[Right of Way Area]] -> #VALUE!
O688: =financials345[[#This Row],[Total Cost]]/financials345[[#This Row],[Right of Way Area]] -> #VALUE!
O689: =financials345[[#This Row],[Total Cost]]/financials345[[#This Row],[Right of Way Area]] -> #VALUE!
O690: =financials345[[#This Row],[Total Cost]]/financials345[[#This Row],[Right of Way Area]] -> #VALUE!
O691: =financials345[[#This Row],[Total Cost]]/financials345[[#This Row],[Right of Way Area]] -> #VALUE!
O692: =financials345[[#This Row],[Total Cost]]/financials345[[#This Row],[Right of Way Area]] -> #VALUE!
O693: =financials345[[#This Row],[Total Cost]]/financials345[[#This Row],[Right of Way Area]] -> #VALUE!
O694: =financials345[[#This Row],[Total Cost]]/financials345[[#This Row],[Right of Way Area]] -> #VALUE!
... O737: =financials345[[#This Row],[Total Cost]]/financials345[[#This Row],[Right of Way Area]] -> #VALUE!

Sheet Utility Building Benchmarks
A1: Asset | B1: Country | C1: City | D1: Area | E1: Project | F1: Employer | G1: Contractor | H1: Status | I1: Contract | J1: Element | K1: Total Cost | L1: Year
A2: Mixed Use | B2: United Arab Emirates | C2: Dubai | D2: Downtown | E2: Downtown Dubai | F2: Emaar | G2: Siemens | H2: Award | I2: Lump Sum (D&B) | J2: 132 kV Substation | K2: 59378010 | L2: 2010
A3: Mixed Use | B3: United Arab Emirates | C3: Dubai | D3: Downtown | E3: Downtown Dubai | F3: Emaar | G3: Siemens | H3: Award | I3: Lump Sum (D&B) | J3: 132 kV Substation | K3: 62663785 | L3: 2010
A4: Mixed Use | B4: United Arab Emirates | C4: Dubai | D4: Downtown | E4: Downtown Dubai | F4: Emaar | G4: EEE | H4: Award | I4: Lump Sum (D&B) | J4: 132 kV Substation | K4: 68921078 | L4: 2015
A5: Mixed Use | B5: United Arab Emirates | C5: Dubai | D5: Downtown | E5: Downtown Dubai | F5: Emaar | G5: EEE | H5: Award | I5: Lump Sum (D&B) | J5: 132 kV Substation | K5: 81678186 | L5: 2015
A6: Mixed Use | B6: United Arab Emirates | C6: Dubai | D6: Downtown | E6: Downtown Dubai | F6: Emaar | G6: EEE | H6: Award | I6: Lump Sum (D&B) | J6: 132 kV Substation | K6: 86456551 | L6: 2017
A7: Mixed Use | B7: United Arab Emirates | C7: Dubai | D7: Downtown | E7: Downtown Dubai | F7: Emaar | G7: EEE | H7: Award | I7: Lump Sum (D&B) | J7: 132 kV Substation | K7: 89400000 | L7: 2017
A8: Mixed Use | B8: United Arab Emirates | C8: Dubai | D8: Downtown | E8: Downtown Dubai | F8: Emaar | G8: EEE | H8: Award | I8: Lump Sum (D&B) | J8: 132 kV Substation | K8: 84663449 | L8: 2017
A9: Mixed Use | B9: United Arab Emirates | C9: Dubai | D9: Downtown | E9: Downtown Dubai | F9: Emaar | G9: AFC | H9: Award | I9: Lump Sum (D&B) | J9: STP (500m3) | K9: 3639419 | L9: 2012 | M9: 2017
A10: Mixed Use | B10: United Arab Emirates | C10: Dubai | D10: Downtown | E10: Downtown Dubai | F10: Emaar | G10: AFC | H10: Award | I10: Lump Sum (D&B) | J10: STP (3,000m3) | K10: 16291812 | L10: 2012
A11: Mixed Use | B11: United Arab Emirates | C11: Dubai | D11: Downtown | E11: Downtown Dubai | F11: Emaar | G11: AFC | H11: Award | I11: Lump Sum (D&B) | J11: Fountain Pumping Station | K11: 2741713 | L11: 2009
A12: Mixed Use | B12: United Arab Emirates | C12: Dubai | D12: Downtown | E12: Downtown Dubai | F12: Emaar | G12: AFC | H12: Award | I12: Lump Sum (D&B) | J12: Fountain Pumping Station | K12: 1515730 | L12: 2009
A13: Mixed Use | B13: United Arab Emirates | C13: Dubai | D13: Downtown | E13: Downtown Dubai | F13: Emaar | G13: AFC | H13: Award | I13: Lump Sum (D&B) | J13: Fountain Pumping Station | K13: 1515731 | L13: 2010
A14: Mixed Use | B14: United Arab Emirates | C14: Dubai | D14: Downtown | E14: Downtown Dubai | F14: Emaar | G14: AFC | H14: Award | I14: Lump Sum (D&B) | J14: Irrigation Pumping Station | K14: 9097011 | L14: 2011

Sheet Marine Reclamation Benchmarks
A1: Asset | B1: Country | C1: City | D1: Area | E1: Project | F1: Employer | G1: Contractor | H1: Status | I1: Contract | J1: GLA | K1: GFA | L1: Element | M1: Total Cost | N1: GLA Rate | O1: GFA Rate | P1: Year
A2: Mixed Use | B2: United Arab Emirates | C2: Abu Dhabi | D2: Ghantoot | E2: Al Jurf | F2: IMKAN | G2: Crystal Projects | H2: Tender | I2: Lump Sum | J2: 357289 | K2: 119039 | L2: Land Reclamation & Marine | M2: 202370918 | N2: =financials34[[#This Row],[Total Cost]]/financials34[[#This Row],[GLA]] -> 566.4068 | O2: =financials34[[#This Row],[Total Cost]]/financials34[[#This Row],[GFA]] -> 1700.0388 | P2: 2019
A3: Mixed Use | B3: United Arab Emirates | C3: Abu Dhabi | D3: Ghantoot | E3: Al Jurf | F3: IMKAN | G3: National Marine Dredging Company | H3: Tender | I3: Lump Sum | J3: 357289 | K3: 119039 | L3: Land Reclamation & Marine | M3: 230526010 | N3: =financials34[[#This Row],[Total Cost]]/financials34[[#This Row],[GLA]] -> 645.20881 | O3: =financials34[[#This Row],[Total Cost]]/financials34[[#This Row],[GFA]] -> 1936.5587 | P3: 2019
A4: Mixed Use | B4: United Arab Emirates | C4: Abu Dhabi | D4: Ghantoot | E4: Al Jurf | F4: IMKAN | G4: Ghantoot | H4: Tender | I4: Lump Sum | J4: 357289 | K4: 119039 | L4: Land Reclamation & Marine | M4: 270278197 | N4: =financials34[[#This Row],[Total Cost]]/financials34[[#This Row],[GLA]] -> 756.4694 | O4: =financials34[[#This Row],[Total Cost]]/financials34[[#This Row],[GFA]] -> 2270.5012 | P4: 2019
A5: Mixed Use | B5: United Arab Emirates | C5: Abu Dhabi | D5: Ghantoot | E5: Al Jurf | F5: IMKAN | G5: APCC | H5: Tender | I5: Lump Sum | J5: 357289 | K5: 119039 | L5: Land Reclamation & Marine | M5: 296095593 | N5: =financials34[[#This Row],[Total Cost]]/financials34[[#This Row],[GLA]] -> 828.72854 | O5: =financials34[[#This Row],[Total Cost]]/financials34[[#This Row],[GFA]] -> 2487.3831 | P5: 2019
