Workbook

Sheet Rates
A1: Asset | B1: Country | C1: City | D1: Project | E1: Base Date | F1: Contractor | G1: Status | H1: Contract Type | I1: BUA | J1: GIA | K1: GFA | L1: Keys | M1: NRM Lvl 1 | N1: POMI | O1: Description | P1: Quantity | Q1: Unit | R1: Contract Rate | S1: Average Tender Rate
A3: Townhouses | B3: UAE | C3: Dubai | D3: The Valley - Nara | E3: 2022 | F3: METAC | G3: Award | H3: Fixed Price Lump Sum | I3: 69927 | K3: 53764 | L3: 372 | M3: Foundations | N3: Concrete Work | O3: Plain concrete; concrete grade C20/16 | P3: 30 | Q3: m3 | R3: 370 | S3: 309
A4: =A3 -> Townhouses | B4: =B3 -> UAE | C4: =C3 -> Dubai | D4: =D3 -> The Valley - Nara | E4: =E3 -> 2022 | F4: =F3 -> METAC | G4: =G3 -> Award | H4: =H3 -> Fixed Price Lump Sum | M4: Lowest Floor Construction | N4: Concrete Work | O4: Reinforced concrete; concrete grade C25 | P4: 51 | Q4: m3 | R4: 370 | S4: 305

Sheet Data
B1: Asset Lvl 1 | C1: Asset Lvl 2 | D1: Asset Lvl 3 | E1: Country | F1: City | G1: Developer | H1: Alias Lvl 1 | I1: Alias Lvl 2 | J1: Project Lvl 1 | K1: Project Lvl 2 | L1: Base Date | M1: Contractor | N1: Status | O1: Procurement | P1: Contract Type | Q1: BUA | R1: GIA | S1: GFA | T1: Keys | U1: NRM Lvl 1 | V1: Currency | W1: Total Cost | X1: Cost/BUA | Y1: Cost/GIA | Z1: Cost/GFA | AA1: Cost/Key | AB1: Chart
B3: Single Asset | C3: Villas | E3: UAE | F3: Dubai | G3: EMAAR | I3: Project V16.1 | K3: Azalea | L3: 2016 | M3: Pivot | N3: Award | O3: Competitive - Traditional | P3: Fixed Price Lump Sum | Q3: 32424.307 | R3: 30847 | S3: 24540 | T3: 108 | U3: Substructure | V3: AED | W3: 9760947 | X3: =W3/Q3 -> 301.03795 | Y3: =W3/R3 -> 316.431 | Z3: =W3/S3 -> 397.7566 | AA3: =W3/T3 -> 90379.139 | AB3: NO | AC3: =SUM(W3:W15) -> 130950000 | AD3: =W3/AC3 -> 0.074539496
B4: Single Asset | C4: Villas | E4: UAE | F4: Dubai | G4: EMAAR | I4: Project V16.1 | K4: Azalea | L4: 2016 | M4: Pivot | N4: Award | O4: Competitive - Traditional | P4: Fixed Price Lump Sum | Q4: 32424.307 | R4: 30847 | S4: 24540 | T4: 108 | U4: Superstructure | V4: AED | W4: 18188477 | X4: =W4/Q4 -> 560.95191 | Y4: =W4/R4 -> 589.6352 | Z4: =W4/S4 -> 741.17673 | AA4: =W4/T4 -> 168411.82 | AB4: NO | AD4: =W4/AC3 -> 0.13889635
B5: Single Asset | C5: Villas | E5: UAE | F5: Dubai | G5: EMAAR | I5: Project V16.1 | K5: Azalea | L5: 2016 | M5: Pivot | N5: Award | O5: Competitive - Traditional | P5: Fixed Price Lump Sum | Q5: 32424.307 | R5: 30847 | S5: 24540 | T5: 108 | U5: Building External Envelope | V5: AED | W5: 21367865 | X5: =W5/Q5 -> 659.0076 | Y5: =W5/R5 -> 692.7048 | Z5: =W5/S5 -> 870.73615 | AA5: =W5/T5 -> 197850.6 | AB5: NO | AD5: =W5/AC3 -> 0.16317575
B6: Single Asset | C6: Villas | E6: UAE | F6: Dubai | G6: EMAAR | I6: Project V16.1 | K6: Azalea | L6: 2016 | M6: Pivot | N6: Award | O6: Competitive - Traditional | P6: Fixed Price Lump Sum | Q6: 32424.307 | R6: 30847 | S6: 24540 | T6: 108 | U6: Internal Walls and Doors | V6: AED | W6: 5368377 | X6: =W6/Q6 -> 165.56644 | Y6: =W6/R6 -> 174.03239 | Z6: =W6/S6 -> 218.76027 | AA6: =W6/T6 -> 49707.194 | AB6: NO | AD6: =W6/AC3 -> 0.040995624
B7: Single Asset | C7: Villas | E7: UAE | F7: Dubai | G7: EMAAR | I7: Project V16.1 | K7: Azalea | L7: 2016 | M7: Pivot | N7: Award | O7: Competitive - Traditional | P7: Fixed Price Lump Sum | Q7: 32424.307 | R7: 30847 | S7: 24540 | T7: 108 | U7: Internal Finishes | V7: AED | W7: 11409384 | X7: =W7/Q7 -> 351.8775 | Y7: =W7/R7 -> 369.87013 | Z7: =W7/S7 -> 464.93007 | AA7: =W7/T7 -> 105642.44 | AB7: NO | AD7: =W7/AC3 -> 0.087127789
B8: Single Asset | C8: Villas | E8: UAE | F8: Dubai | G8: EMAAR | I8: Project V16.1 | K8: Azalea | L8: 2016 | M8: Pivot | N8: Award | O8: Competitive - Traditional | P8: Fixed Price Lump Sum | Q8: 32424.307 | R8: 30847 | S8: 24540 | T8: 108 | U8: FF&E | V8: AED | W8: 6470548 | X8: =W8/Q8 -> 199.55856 | Y8: =W8/R8 -> 209.76263 | Z8: =W8/S8 -> 263.67351 | AA8: =W8/T8 -> 59912.481 | AB8: NO | AD8: =W8/AC3 -> 0.049412356
B9: Single Asset | C9: Villas | E9: UAE | F9: Dubai | G9: EMAAR | I9: Project V16.1 | K9: Azalea | L9: 2016 | M9: Pivot | N9: Award | O9: Competitive - Traditional | P9: Fixed Price Lump Sum | Q9: 32424.307 | R9: 30847 | S9: 24540 | T9: 108 | U9: Sanitary Fittings | V9: AED | W9: 2261311 | X9: =W9/Q9 -> 69.741228 | Y9: =W9/R9 -> 73.307323 | Z9: =W9/S9 -> 92.147963 | AA9: =W9/T9 -> 20938.065 | AB9: NO | AD9: =W9/AC3 -> 0.017268507
B10: Single Asset | C10: Villas | E10: UAE | F10: Dubai | G10: EMAAR | I10: Project V16.1 | K10: Azalea | L10: 2016 | M10: Pivot | N10: Award | O10: Competitive - Traditional | P10: Fixed Price Lump Sum | Q10: 32424.307 | R10: 30847 | S10: 24540 | T10: 108 | U10: Services Equipment | V10: AED | W10: 0 | X10: =W10/Q10 -> 0 | Y10: =W10/R10 -> 0 | Z10: =W10/S10 -> 0 | AA10: =W10/T10 -> 0 | AB10: NO | AD10: =W10/AC3 -> 0
B11: Single Asset | C11: Villas | E11: UAE | F11: Dubai | G11: EMAAR | I11: Project V16.1 | K11: Azalea | L11: 2016 | M11: Pivot | N11: Award | O11: Competitive - Traditional | P11: Fixed Price Lump Sum | Q11: 32424.307 | R11: 30847 | S11: 24540 | T11: 108 | U11: Mechanical | V11: AED | W11: 14870759 | X11: =W11/Q11 -> 458.62997 | Y11: =W11/R11 -> 482.08121 | Z11: =W11/S11 -> 605.9804 | AA11: =W11/T11 -> 137692.21 | AB11: NO | AD11: =W11/AC3 -> 0.11356059
B12: Single Asset | C12: Villas | E12: UAE | F12: Dubai | G12: EMAAR | I12: Project V16.1 | K12: Azalea | L12: 2016 | M12: Pivot | N12: Award | O12: Competitive - Traditional | P12: Fixed Price Lump Sum | Q12: 32424.307 | R12: 30847 | S12: 24540 | T12: 108 | U12: Electrical | V12: AED | W12: 9887655 | X12: =W12/Q12 -> 304.94576 | Y12: =W12/R12 -> 320.53863 | Z12: =W12/S12 -> 402.91993 | AA12: =W12/T12 -> 91552.361 | AB12: NO | AD12: =W12/AC3 -> 0.075507102
B13: Single Asset | C13: Villas | E13: UAE | F13: Dubai | G13: EMAAR | I13: Project V16.1 | K13: Azalea | L13: 2016 | M13: Pivot | N13: Award | O13: Competitive - Traditional | P13: Fixed Price Lump Sum | Q13: 32424.307 | R13: 30847 | S13: 24540 | T13: 108 | U13: Conveying Systems | V13: AED | W13: 0 | X13: =W13/Q13 -> 0 | Y13: =W13/R13 -> 0 | Z13: =W13/S13 -> 0 | AA13: =W13/T13 -> 0 | AB13: NO | AD13: =W13/AC3 -> 0
B14: Single Asset | C14: Villas | E14: UAE | F14: Dubai | G14: EMAAR | I14: Project V16.1 | K14: Azalea | L14: 2016 | M14: Pivot | N14: Award | O14: Competitive - Traditional | P14: Fixed Price Lump Sum | Q14: 32424.307 | R14: 30847 | S14: 24540 | T14: 108 | U14: External Works | V14: AED | W14: 14420838 | X14: =W14/Q14 -> 444.75393 | Y14: =W14/R14 -> 467.49564 | Z14: =W14/S14 -> 587.64621 | AA14: =W14/T14 -> 133526.28 | AB14: NO | AD14: =W14/AC3 -> 0.11012477
B15: Single Asset | C15: Villas | E15: UAE | F15: Dubai | G15: EMAAR | I15: Project V16.1 | K15: Azalea | L15: 2016 | M15: Pivot | N15: Award | O15: Competitive - Traditional | P15: Fixed Price Lump Sum | Q15: 32424.307 | R15: 30847 | S15: 24540 | T15: 108 | U15: General Requirements | V15: AED | W15: 16943839 | X15: =W15/Q15 -> 522.56595 | Y15: =W15/R15 -> 549.28645 | Z15: =W15/S15 -> 690.45799 | AA15: =W15/T15 -> 156887.4 | AB15: NO | AD15: =W15/AC3 -> 0.12939167
B16: Single Asset | C16: Villas | E16: UAE | F16: Dubai | G16: EMAAR | I16: Project V18.1 | K16: Sidra 3 | L16: 2018 | M16: Trojan | N16: Award | O16: Competitive - Traditional | P16: Fixed Price Lump Sum | Q16: 107978 | R16: 86196 | S16: 81881 | T16: 339 | U16: Substructure | V16: AED | W16: 52851049 | X16: =W16/Q16 -> 489.46127 | Y16: =W16/R16 -> 613.14967 | Z16: =W16/S16 -> 645.46169 | AA16: =W16/T16 -> 155902.8 | AB16: YES | AC16: =SUM(W16:W28) -> 392000000 | AD16: =W16/AC16 -> 0.1348241
B17: Single Asset | C17: Villas | E17: UAE | F17: Dubai | G17: EMAAR | I17: Project V18.1 | K17: Sidra 3 | L17: 2018 | M17: Trojan | N17: Award | O17: Competitive - Traditional | P17: Fixed Price Lump Sum | Q17: 107978 | R17: 86196 | S17: 81881 | T17: 339 | U17: Superstructure | V17: AED | W17: 98979809 | X17: =W17/Q17 -> 916.66644 | Y17: =W17/R17 -> 1148.3109 | Z17: =W17/S17 -> 1208.8251 | AA17: =W17/T17 -> 291975.84 | AB17: YES | AD17: =W17/AC16 -> 0.25249951
B18: Single Asset | C18: Villas | E18: UAE | F18: Dubai | G18: EMAAR | I18: Project V18.1 | K18: Sidra 3 | L18: 2018 | M18: Trojan | N18: Award | O18: Competitive - Traditional | P18: Fixed Price Lump Sum | Q18: 107978 | R18: 86196 | S18: 81881 | T18: 339 | U18: Building External Envelope | V18: AED | W18: 49457359 | X18: =W18/Q18 -> 458.03181 | Y18: =W18/R18 -> 573.77789 | Z18: =W18/S18 -> 604.01508 | AA18: =W18/T18 -> 145891.91 | AB18: YES | AD18: =W18/AC16 -> 0.12616673
B19: Single Asset | C19: Villas | E19: UAE | F19: Dubai | G19: EMAAR | I19: Project V18.1 | K19: Sidra 3 | L19: 2018 | M19: Trojan | N19: Award | O19: Competitive - Traditional | P19: Fixed Price Lump Sum | Q19: 107978 | R19: 86196 | S19: 81881 | T19: 339 | U19: Internal Walls and Doors | V19: AED | W19: 11002315 | X19: =W19/Q19 -> 101.89404 | Y19: =W19/R19 -> 127.64299 | Z19: =W19/S19 -> 134.36957 | AA19: =W19/T19 -> 32455.206 | AB19: YES | AD19: =W19/AC16 -> 0.02806713
B20: Single Asset | C20: Villas | E20: UAE | F20: Dubai | G20: EMAAR | I20: Project V18.1 | K20: Sidra 3 | L20: 2018 | M20: Trojan | N20: Award | O20: Competitive - Traditional | P20: Fixed Price Lump Sum | Q20: 107978 | R20: 86196 | S20: 81881 | T20: 339 | U20: Internal Finishes | V20: AED | W20: 33820941 | X20: =W20/Q20 -> 313.22067 | Y20: =W20/R20 -> 392.37251 | Z20: =W20/S20 -> 413.04993 | AA20: =W20/T20 -> 99766.788 | AB20: YES | AD20: =W20/AC16 -> 0.086277911
B21: Single Asset | C21: Villas | E21: UAE | F21: Dubai | G21: EMAAR | I21: Project V18.1 | K21: Sidra 3 | L21: 2018 | M21: Trojan | N21: Award | O21: Competitive - Traditional | P21: Fixed Price Lump Sum | Q21: 107978 | R21: 86196 | S21: 81881 | T21: 339 | U21: FF&E | V21: AED | W21: 13113832 | X21: =W21/Q21 -> 121.44911 | Y21: =W21/R21 -> 152.13968 | Z21: =W21/S21 -> 160.1572 | AA21: =W21/T21 -> 38683.87 | AB21: YES | AD21: =W21/AC16 -> 0.033453653
B22: Single Asset | C22: Villas | E22: UAE | F22: Dubai | G22: EMAAR | I22: Project V18.1 | K22: Sidra 3 | L22: 2018 | M22: Trojan | N22: Award | O22: Competitive - Traditional | P22: Fixed Price Lump Sum | Q22: 107978 | R22: 86196 | S22: 81881 | T22: 339 | U22: Sanitary Fittings | V22: AED | W22: 4536571 | X22: =W22/Q22 -> 42.013845 | Y22: =W22/R22 -> 52.630876 | Z22: =W22/S22 -> 55.404441 | AA22: =W22/T22 -> 13382.215 | AB22: YES | AD22: =W22/AC16 -> 0.011572885
B23: Single Asset | C23: Villas | E23: UAE | F23: Dubai | G23: EMAAR | I23: Project V18.1 | K23: Sidra 3 | L23: 2018 | M23: Trojan | N23: Award | O23: Competitive - Traditional | P23: Fixed Price Lump Sum | Q23: 107978 | R23: 86196 | S23: 81881 | T23: 339 | U23: Services Equipment | V23: AED | W23: 0 | X23: =W23/Q23 -> 0 | Y23: =W23/R23 -> 0 | Z23: =W23/S23 -> 0 | AA23: =W23/T23 -> 0 | AB23: YES | AD23: =W23/AC16 -> 0
B24: Single Asset | C24: Villas | E24: UAE | F24: Dubai | G24: EMAAR | I24: Project V18.1 | K24: Sidra 3 | L24: 2018 | M24: Trojan | N24: Award | O24: Competitive - Traditional | P24: Fixed Price Lump Sum | Q24: 107978 | R24: 86196 | S24: 81881 | T24: 339 | U24: Mechanical | V24: AED | W24: 39378792 | X24: =W24/Q24 -> 364.69273 | Y24: =W24/R24 -> 456.85173 | Z24: =W24/S24 -> 480.9271 | AA24: =W24/T24 -> 116161.63 | AB24: YES | AD24: =W24/AC16 -> 0.1004561
B25: Single Asset | C25: Villas | E25: UAE | F25: Dubai | G25: EMAAR | I25: Project V18.1 | K25: Sidra 3 | L25: 2018 | M25: Trojan | N25: Award | O25: Competitive - Traditional | P25: Fixed Price Lump Sum | Q25: 107978 | R25: 86196 | S25: 81881 | T25: 339 | U25: Electrical | V25: AED | W25: 24214867 | X25: =W25/Q25 -> 224.25741 | Y25: =W25/R25 -> 280.92797 | Z25: =W25/S25 -> 295.73243 | AA25: =W25/T25 -> 71430.286 | AB25: YES | AD25: =W25/AC16 -> 0.06177262
B26: Single Asset | C26: Villas | E26: UAE | F26: Dubai | G26: EMAAR | I26: Project V18.1 | K26: Sidra 3 | L26: 2018 | M26: Trojan | N26: Award | O26: Competitive - Traditional | P26: Fixed Price Lump Sum | Q26: 107978 | R26: 86196 | S26: 81881 | T26: 339 | U26: Conveying Systems | V26: AED | W26: 0 | X26: =W26/Q26 -> 0 | Y26: =W26/R26 -> 0 | Z26: =W26/S26 -> 0 | AA26: =W26/T26 -> 0 | AB26: YES | AD26: =W26/AC16 -> 0
B27: Single Asset | C27: Villas | E27: UAE | F27: Dubai | G27: EMAAR | I27: Project V18.1 | K27: Sidra 3 | L27: 2018 | M27: Trojan | N27: Award | O27: Competitive - Traditional | P27: Fixed Price Lump Sum | Q27: 107978 | R27: 86196 | S27: 81881 | T27: 339 | U27: External Works | V27: AED | W27: 29894168 | X27: =W27/Q27 -> 276.85425 | Y27: =W27/R27 -> 346.81619 | Z27: =W27/S27 -> 365.09285 | AA27: =W27/T27 -> 88183.386 | AB27: YES | AD27: =W27/AC16 -> 0.076260633
B28: Single Asset | C28: Villas | E28: UAE | F28: Dubai | G28: EMAAR | I28: Project V18.1 | K28: Sidra 3 | L28: 2018 | M28: Trojan | N28: Award | O28: Competitive - Traditional | P28: Fixed Price Lump Sum | Q28: 107978 | R28: 86196 | S28: 81881 | T28: 339 | U28: General Requirements | V28: AED | W28: 34750297 | X28: =W28/Q28 -> 321.82757 | Y28: =W28/R28 -> 403.1544 | Z28: =W28/S28 -> 424.40001 | AA28: =W28/T28 -> 102508.25 | AB28: YES | AD28: =W28/AC16 -> 0.088648717
B29: Single Asset | C29: Villas | E29: UAE | F29: Dubai | G29: EMAAR | I29: Project V18.2 | K29: Club Villas | L29: 2018 | M29: Pivot | N29: Award | O29: Competitive - Traditional | P29: Fixed Price Lump Sum | Q29: 42973 | R29: 41225 | S29: 34232 | T29: 150 | U29: Substructure | V29: AED | W29: 9197511 | X29: =W29/Q29 -> 214.03 | Y29: =W29/R29 -> 223.10518 | Z29: =W29/S29 -> 268.68167 | AA29: =W29/T29 -> 61316.74 | AB29: YES | AC29: =SUM(W29:W41) -> 157509543 | AD29: =W29/AC29 -> 0.058393357
B30: Single Asset | C30: Villas | E30: UAE | F30: Dubai | G30: EMAAR | I30: Project V18.2 | K30: Club Villas | L30: 2018 | M30: Pivot | N30: Award | O30: Competitive - Traditional | P30: Fixed Price Lump Sum | Q30: 42973 | R30: 41225 | S30: 34232 | T30: 150 | U30: Superstructure | V30: AED | W30: 18381854 | X30: =W30/Q30 -> 427.75357 | Y30: =W30/R30 -> 445.89094 | Z30: =W30/S30 -> 536.97867 | AA30: =W30/T30 -> 122545.69 | AB30: YES | AD30: =W30/AC29 -> 0.11670311
B31: Single Asset | C31: Villas | E31: UAE | F31: Dubai | G31: EMAAR | I31: Project V18.2 | K31: Club Villas | L31: 2018 | M31: Pivot | N31: Award | O31: Competitive - Traditional | P31: Fixed Price Lump Sum | Q31: 42973 | R31: 41225 | S31: 34232 | T31: 150 | U31: Building External Envelope | V31: AED | W31: 23767948 | X31: =W31/Q31 -> 553.09027 | Y31: =W31/R31 -> 576.5421 | Z31: =W31/S31 -> 694.31958 | AA31: =W31/T31 -> 158452.99 | AB31: YES | AD31: =W31/AC29 -> 0.15089846
B32: Single Asset | C32: Villas | E32: UAE | F32: Dubai | G32: EMAAR | I32: Project V18.2 | K32: Club Villas | L32: 2018 | M32: Pivot | N32: Award | O32: Competitive - Traditional | P32: Fixed Price Lump Sum | Q32: 42973 | R32: 41225 | S32: 34232 | T32: 150 | U32: Internal Walls and Doors | V32: AED | W32: 7688363 | X32: =W32/Q32 -> 178.91148 | Y32: =W32/R32 -> 186.49759 | Z32: =W32/S32 -> 224.59579 | AA32: =W32/T32 -> 51255.753 | AB32: YES | AD32: =W32/AC29 -> 0.048812046
B33: Single Asset | C33: Villas | E33: UAE | F33: Dubai | G33: EMAAR | I33: Project V18.2 | K33: Club Villas | L33: 2018 | M33: Pivot | N33: Award | O33: Competitive - Traditional | P33: Fixed Price Lump Sum | Q33: 42973 | R33: 41225 | S33: 34232 | T33: 150 | U33: Internal Finishes | V33: AED | W33: 27354609 | X33: =W33/Q33 -> 636.55339 | Y33: =W33/R33 -> 663.54418 | Z33: =W33/S33 -> 799.09468 | AA33: =W33/T33 -> 182364.06 | AB33: YES | AD33: =W33/AC29 -> 0.17366953
B34: Single Asset | C34: Villas | E34: UAE | F34: Dubai | G34: EMAAR | I34: Project V18.2 | K34: Club Villas | L34: 2018 | M34: Pivot | N34: Award | O34: Competitive - Traditional | P34: Fixed Price Lump Sum | Q34: 42973 | R34: 41225 | S34: 34232 | T34: 150 | U34: FF&E | V34: AED | W34: 12114027 | X34: =W34/Q34 -> 281.89856 | Y34: =W34/R34 -> 293.85147 | Z34: =W34/S34 -> 353.8802 | AA34: =W34/T34 -> 80760.18 | AB34: YES | AD34: =W34/AC29 -> 0.076909797
B35: Single Asset | C35: Villas | E35: UAE | F35: Dubai | G35: EMAAR | I35: Project V18.2 | K35: Club Villas | L35: 2018 | M35: Pivot | N35: Award | O35: Competitive - Traditional | P35: Fixed Price Lump Sum | Q35: 42973 | R35: 41225 | S35: 34232 | T35: 150 | U35: Sanitary Fittings | V35: AED | W35: 2041954 | X35: =W35/Q35 -> 47.517139 | Y35: =W35/R35 -> 49.531935 | Z35: =W35/S35 -> 59.650444 | AA35: =W35/T35 -> 13613.027 | AB35: YES | AD35: =W35/AC29 -> 0.012964002
B36: Single Asset | C36: Villas | E36: UAE | F36: Dubai | G36: EMAAR | I36: Project V18.2 | K36: Club Villas | L36: 2018 | M36: Pivot | N36: Award | O36: Competitive - Traditional | P36: Fixed Price Lump Sum | Q36: 42973 | R36: 41225 | S36: 34232 | T36: 150 | U36: Services Equipment | V36: AED | W36: 0 | X36: =W36/Q36 -> 0 | Y36: =W36/R36 -> 0 | Z36: =W36/S36 -> 0 | AA36: =W36/T36 -> 0 | AB36: YES | AD36: =W36/AC29 -> 0
B37: Single Asset | C37: Villas | E37: UAE | F37: Dubai | G37: EMAAR | I37: Project V18.2 | K37: Club Villas | L37: 2018 | M37: Pivot | N37: Award | O37: Competitive - Traditional | P37: Fixed Price Lump Sum | Q37: 42973 | R37: 41225 | S37: 34232 | T37: 150 | U37: Mechanical | V37: AED | W37: 16503507 | X37: =W37/Q37 -> 384.04363 | Y37: =W37/R37 -> 400.32764 | Z37: =W37/S37 -> 482.10759 | AA37: =W37/T37 -> 110023.38 | AB37: YES | AD37: =W37/AC29 -> 0.10477782
B38: Single Asset | C38: Villas | E38: UAE | F38: Dubai | G38: EMAAR | I38: Project V18.2 | K38: Club Villas | L38: 2018 | M38: Pivot | N38: Award | O38: Competitive - Traditional | P38: Fixed Price Lump Sum | Q38: 42973 | R38: 41225 | S38: 34232 | T38: 150 | U38: Electrical | V38: AED | W38: 12737336 | X38: =W38/Q38 -> 296.40323 | Y38: =W38/R38 -> 308.97116 | Z38: =W38/S38 -> 372.08857 | AA38: =W38/T38 -> 84915.573 | AB38: YES | AD38: =W38/AC29 -> 0.080867075
B39: Single Asset | C39: Villas | E39: UAE | F39: Dubai | G39: EMAAR | I39: Project V18.2 | K39: Club Villas | L39: 2018 | M39: Pivot | N39: Award | O39: Competitive - Traditional | P39: Fixed Price Lump Sum | Q39: 42973 | R39: 41225 | S39: 34232 | T39: 150 | U39: Conveying Systems | V39: AED | W39: 0 | X39: =W39/Q39 -> 0 | Y39: =W39/R39 -> 0 | Z39: =W39/S39 -> 0 | AA39: =W39/T39 -> 0 | AB39: YES | AD39: =W39/AC29 -> 0
B40: Single Asset | C40: Villas | E40: UAE | F40: Dubai | G40: EMAAR | I40: Project V18.2 | K40: Club Villas | L40: 2018 | M40: Pivot | N40: Award | O40: Competitive - Traditional | P40: Fixed Price Lump Sum | Q40: 42973 | R40: 41225 | S40: 34232 | T40: 150 | U40: External Works | V40: AED | W40: 11879865 | X40: =W40/Q40 -> 276.44951 | Y40: =W40/R40 -> 288.17138 | Z40: =W40/S40 -> 347.03976 | AA40: =W40/T40 -> 79199.1 | AB40: YES | AD40: =W40/AC29 -> 0.075423144
B41: Single Asset | C41: Villas | E41: UAE | F41: Dubai | G41: EMAAR | I41: Project V18.2 | K41: Club Villas | L41: 2018 | M41: Pivot | N41: Award | O41: Competitive - Traditional | P41: Fixed Price Lump Sum | Q41: 42973 | R41: 41225 | S41: 34232 | T41: 150 | U41: General Requirements | V41: AED | W41: 15842569 | X41: =W41/Q41 -> 368.66332 | Y41: =W41/R41 -> 384.29518 | Z41: =W41/S41 -> 462.79998 | AA41: =W41/T41 -> 105617.13 | AB41: YES | AD41: =W41/AC29 -> 0.10058165
B42: Single Asset | C42: Villas | E42: UAE | F42: Dubai | G42: EMAAR | I42: Project V19.1 | K42: Golf Place Villas (Phase 1) | L42: 2019 | M42: Trojan | N42: Award | O42: Competitive - Traditional | P42: Fixed Price Lump Sum | Q42: 113250.31 | R42: 104555 | S42: 69776 | T42: 158 | U42: Substructure | V42: AED | W42: 27123684 | X42: =W42/Q42 -> 239.50208 | Y42: =W42/R42 -> 259.42025 | Z42: =W42/S42 -> 388.72512 | AA42: =W42/T42 -> 171668.89 | AB42: YES | AC42: =SUM(W42:W54) -> 451204906 | AD42: =W42/AC42 -> 0.060113894
B43: Single Asset | C43: Villas | E43: UAE | F43: Dubai | G43: EMAAR | I43: Project V19.1 | K43: Golf Place Villas (Phase 1) | L43: 2019 | M43: Trojan | N43: Award | O43: Competitive - Traditional | P43: Fixed Price Lump Sum | Q43: 113250.31 | R43: 104555 | S43: 69776 | T43: 158 | U43: Superstructure | V43: AED | W43: 57743431 | X43: =W43/Q43 -> 509.87438 | Y43: =W43/R43 -> 552.27805 | Z43: =W43/S43 -> 827.55433 | AA43: =W43/T43 -> 365464.75 | AB43: YES | AD43: =W43/AC42 -> 0.12797607
B44: Single Asset | C44: Villas | E44: UAE | F44: Dubai | G44: EMAAR | I44: Project V19.1 | K44: Golf Place Villas (Phase 1) | L44: 2019 | M44: Trojan | N44: Award | O44: Competitive - Traditional | P44: Fixed Price Lump Sum | Q44: 113250.31 | R44: 104555 | S44: 69776 | T44: 158 | U44: Building External Envelope | V44: AED | W44: 83892459 | X44: =W44/Q44 -> 740.77024 | Y44: =W44/R44 -> 802.37635 | Z44: =W44/S44 -> 1202.3111 | AA44: =W44/T44 -> 530964.93 | AB44: YES | AD44: =W44/AC42 -> 0.18592985
B45: Single Asset | C45: Villas | E45: UAE | F45: Dubai | G45: EMAAR | I45: Project V19.1 | K45: Golf Place Villas (Phase 1) | L45: 2019 | M45: Trojan | N45: Award | O45: Competitive - Traditional | P45: Fixed Price Lump Sum | Q45: 113250.31 | R45: 104555 | S45: 69776 | T45: 158 | U45: Internal Walls and Doors | V45: AED | W45: 14934994 | X45: =W45/Q45 -> 131.87597 | Y45: =W45/R45 -> 142.84342 | Z45: =W45/S45 -> 214.04199 | AA45: =W45/T45 -> 94525.278 | AB45: YES | AD45: =W45/AC42 -> 0.033100247
B46: Single Asset | C46: Villas | E46: UAE | F46: Dubai | G46: EMAAR | I46: Project V19.1 | K46: Golf Place Villas (Phase 1) | L46: 2019 | M46: Trojan | N46: Award | O46: Competitive - Traditional | P46: Fixed Price Lump Sum | Q46: 113250.31 | R46: 104555 | S46: 69776 | T46: 158 | U46: Internal Finishes | V46: AED | W46: 80179291 | X46: =W46/Q46 -> 707.98298 | Y46: =W46/R46 -> 766.86233 | Z46: =W46/S46 -> 1149.0955 | AA46: =W46/T46 -> 507463.87 | AB46: YES | AD46: =W46/AC42 -> 0.1777004
B47: Single Asset | C47: Villas | E47: UAE | F47: Dubai | G47: EMAAR | I47: Project V19.1 | K47: Golf Place Villas (Phase 1) | L47: 2019 | M47: Trojan | N47: Award | O47: Competitive - Traditional | P47: Fixed Price Lump Sum | Q47: 113250.31 | R47: 104555 | S47: 69776 | T47: 158 | U47: FF&E | V47: AED | W47: 20817957 | X47: =W47/Q47 -> 183.82252 | Y47: =W47/R47 -> 199.1101 | Z47: =W47/S47 -> 298.35412 | AA47: =W47/T47 -> 131759.22 | AB47: YES | AD47: =W47/AC42 -> 0.046138587
B48: Single Asset | C48: Villas | E48: UAE | F48: Dubai | G48: EMAAR | I48: Project V19.1 | K48: Golf Place Villas (Phase 1) | L48: 2019 | M48: Trojan | N48: Award | O48: Competitive - Traditional | P48: Fixed Price Lump Sum | Q48: 113250.31 | R48: 104555 | S48: 69776 | T48: 158 | U48: Sanitary Fittings | V48: AED | W48: 3262311 | X48: =W48/Q48 -> 28.8062 | Y48: =W48/R48 -> 31.201865 | Z48: =W48/S48 -> 46.754056 | AA48: =W48/T48 -> 20647.538 | AB48: YES | AD48: =W48/AC42 -> 0.0072302206
B49: Single Asset | C49: Villas | E49: UAE | F49: Dubai | G49: EMAAR | I49: Project V19.1 | K49: Golf Place Villas (Phase 1) | L49: 2019 | M49: Trojan | N49: Award | O49: Competitive - Traditional | P49: Fixed Price Lump Sum | Q49: 113250.31 | R49: 104555 | S49: 69776 | T49: 158 | U49: Services Equipment | V49: AED | W49: 0 | X49: =W49/Q49 -> 0 | Y49: =W49/R49 -> 0 | Z49: =W49/S49 -> 0 | AA49: =W49/T49 -> 0 | AB49: YES | AD49: =W49/AC42 -> 0
B50: Single Asset | C50: Villas | E50: UAE | F50: Dubai | G50: EMAAR | I50: Project V19.1 | K50: Golf Place Villas (Phase 1) | L50: 2019 | M50: Trojan | N50: Award | O50: Competitive - Traditional | P50: Fixed Price Lump Sum | Q50: 113250.31 | R50: 104555 | S50: 69776 | T50: 158 | U50: Mechanical | V50: AED | W50: 28963004 | X50: =W50/Q50 -> 255.74327 | Y50: =W50/R50 -> 277.01214 | Z50: =W50/S50 -> 415.08547 | AA50: =W50/T50 -> 183310.15 | AB50: YES | AD50: =W50/AC42 -> 0.064190357
B51: Single Asset | C51: Villas | E51: UAE | F51: Dubai | G51: EMAAR | I51: Project V19.1 | K51: Golf Place Villas (Phase 1) | L51: 2019 | M51: Trojan | N51: Award | O51: Competitive - Traditional | P51: Fixed Price Lump Sum | Q51: 113250.31 | R51: 104555 | S51: 69776 | T51: 158 | U51: Electrical | V51: AED | W51: 14909529 | X51: =W51/Q51 -> 131.65111 | Y51: =W51/R51 -> 142.59987 | Z51: =W51/S51 -> 213.67704 | AA51: =W51/T51 -> 94364.108 | AB51: YES | AD51: =W51/AC42 -> 0.03304381
B52: Single Asset | C52: Villas | E52: UAE | F52: Dubai | G52: EMAAR | I52: Project V19.1 | K52: Golf Place Villas (Phase 1) | L52: 2019 | M52: Trojan | N52: Award | O52: Competitive - Traditional | P52: Fixed Price Lump Sum | Q52: 113250.31 | R52: 104555 | S52: 69776 | T52: 158 | U52: Conveying Systems | V52: AED | W52: 0 | X52: =W52/Q52 -> 0 | Y52: =W52/R52 -> 0 | Z52: =W52/S52 -> 0 | AA52: =W52/T52 -> 0 | AB52: YES | AD52: =W52/AC42 -> 0
B53: Single Asset | C53: Villas | E53: UAE | F53: Dubai | G53: EMAAR | I53: Project V19.1 | K53: Golf Place Villas (Phase 1) | L53: 2019 | M53: Trojan | N53: Award | O53: Competitive - Traditional | P53: Fixed Price Lump Sum | Q53: 113250.31 | R53: 104555 | S53: 69776 | T53: 158 | U53: External Works | V53: AED | W53: 8177680 | X53: =W53/Q53 -> 72.208898 | Y53: =W53/R53 -> 78.214146 | Z53: =W53/S53 -> 117.19904 | AA53: =W53/T53 -> 51757.468 | AB53: YES | AD53: =W53/AC42 -> 0.018124094
B54: Single Asset | C54: Villas | E54: UAE | F54: Dubai | G54: EMAAR | I54: Project V19.1 | K54: Golf Place Villas (Phase 1) | L54: 2019 | M54: Trojan | N54: Award | O54: Competitive - Traditional | P54: Fixed Price Lump Sum | Q54: 113250.31 | R54: 104555 | S54: 69776 | T54: 158 | U54: General Requirements | V54: AED | W54: 111200566 | X54: =W54/Q54 -> 981.90077 | Y54: =W54/R54 -> 1063.5605 | Z54: =W54/S54 -> 1593.6793 | AA54: =W54/T54 -> 703801.05 | AB54: YES | AD54: =W54/AC42 -> 0.24645248
B55: Single Asset | C55: Villas | E55: UAE | F55: Dubai | G55: EMAAR | I55: Project V21.1 | K55: Al Furjan (P3-V) | L55: 2022 | M55: ASGC | N55: Award | O55: Competitive - Traditional | P55: Fixed Price Lump Sum | Q55: 60504 | R55: 58317 | S55: 49568 | T55: 150 | U55: Substructure | V55: AED | W55: 13291964 | X55: =W55/Q55 -> 219.68736 | Y55: =W55/R55 -> 227.92606 | Z55: =W55/S55 -> 268.15615 | AA55: =W55/T55 -> 88613.093 | AB55: YES | AC55: =SUM(W55:W67) -> 209959928 | AD55: =W55/AC55 -> 0.063307147
B56: Single Asset | C56: Villas | E56: UAE | F56: Dubai | G56: EMAAR | I56: Project V21.1 | K56: Al Furjan (P3-V) | L56: 2022 | M56: ASGC | N56: Award | O56: Competitive - Traditional | P56: Fixed Price Lump Sum | Q56: 60504 | R56: 58317 | S56: 49568 | T56: 150 | U56: Superstructure | V56: AED | W56: 25143116 | X56: =W56/Q56 -> 415.56122 | Y56: =W56/R56 -> 431.14557 | Z56: =W56/S56 -> 507.24492 | AA56: =W56/T56 -> 167620.77 | AB56: YES | AD56: =W56/AC55 -> 0.11975197
B57: Single Asset | C57: Villas | E57: UAE | F57: Dubai | G57: EMAAR | I57: Project V21.1 | K57: Al Furjan (P3-V) | L57: 2022 | M57: ASGC | N57: Award | O57: Competitive - Traditional | P57: Fixed Price Lump Sum | Q57: 60504 | R57: 58317 | S57: 49568 | T57: 150 | U57: Building External Envelope | V57: AED | W57: 26043300 | X57: =W57/Q57 -> 430.43931 | Y57: =W57/R57 -> 446.58161 | Z57: =W57/S57 -> 525.4055 | AA57: =W57/T57 -> 173622 | AB57: YES | AD57: =W57/AC55 -> 0.12403938
B58: Single Asset | C58: Villas | E58: UAE | F58: Dubai | G58: EMAAR | I58: Project V21.1 | K58: Al Furjan (P3-V) | L58: 2022 | M58: ASGC | N58: Award | O58: Competitive - Traditional | P58: Fixed Price Lump Sum | Q58: 60504 | R58: 58317 | S58: 49568 | T58: 150 | U58: Internal Walls and Doors | V58: AED | W58: 10589199 | X58: =W58/Q58 -> 175.01651 | Y58: =W58/R58 -> 181.57997 | Z58: =W58/S58 -> 213.62974 | AA58: =W58/T58 -> 70594.66 | AB58: YES | AD58: =W58/AC55 -> 0.050434381
B59: Single Asset | C59: Villas | E59: UAE | F59: Dubai | G59: EMAAR | I59: Project V21.1 | K59: Al Furjan (P3-V) | L59: 2022 | M59: ASGC | N59: Award | O59: Competitive - Traditional | P59: Fixed Price Lump Sum | Q59: 60504 | R59: 58317 | S59: 49568 | T59: 150 | U59: Internal Finishes | V59: AED | W59: 22304299 | X59: =W59/Q59 -> 368.64173 | Y59: =W59/R59 -> 382.4665 | Z59: =W59/S59 -> 449.97375 | AA59: =W59/T59 -> 148695.33 | AB59: YES | AD59: =W59/AC55 -> 0.10623122
B60: Single Asset | C60: Villas | E60: UAE | F60: Dubai | G60: EMAAR | I60: Project V21.1 | K60: Al Furjan (P3-V) | L60: 2022 | M60: ASGC | N60: Award | O60: Competitive - Traditional | P60: Fixed Price Lump Sum | Q60: 60504 | R60: 58317 | S60: 49568 | T60: 150 | U60: FF&E | V60: AED | W60: 24542022 | X60: =W60/Q60 -> 405.62644 | Y60: =W60/R60 -> 420.83821 | Z60: =W60/S60 -> 495.11826 | AA60: =W60/T60 -> 163613.48 | AB60: YES | AD60: =W60/AC55 -> 0.11688908
B61: Single Asset | C61: Villas | E61: UAE | F61: Dubai | G61: EMAAR | I61: Project V21.1 | K61: Al Furjan (P3-V) | L61: 2022 | M61: ASGC | N61: Award | O61: Competitive - Traditional | P61: Fixed Price Lump Sum | Q61: 60504 | R61: 58317 | S61: 49568 | T61: 150 | U61: Sanitary Fittings | V61: AED | W61: 6803420 | X61: =W61/Q61 -> 112.44579 | Y61: =W61/R61 -> 116.66272 | Z61: =W61/S61 -> 137.25428 | AA61: =W61/T61 -> 45356.133 | AB61: YES | AD61: =W61/AC55 -> 0.032403421
B62: Single Asset | C62: Villas | E62: UAE | F62: Dubai | G62: EMAAR | I62: Project V21.1 | K62: Al Furjan (P3-V) | L62: 2022 | M62: ASGC | N62: Award | O62: Competitive - Traditional | P62: Fixed Price Lump Sum | Q62: 60504 | R62: 58317 | S62: 49568 | T62: 150 | U62: Services Equipment | V62: AED | W62: 0 | X62: =W62/Q62 -> 0 | Y62: =W62/R62 -> 0 | Z62: =W62/S62 -> 0 | AA62: =W62/T62 -> 0 | AB62: YES | AD62: =W62/AC55 -> 0
B63: Single Asset | C63: Villas | E63: UAE | F63: Dubai | G63: EMAAR | I63: Project V21.1 | K63: Al Furjan (P3-V) | L63: 2022 | M63: ASGC | N63: Award | O63: Competitive - Traditional | P63: Fixed Price Lump Sum | Q63: 60504 | R63: 58317 | S63: 49568 | T63: 150 | U63: Mechanical | V63: AED | W63: 32120642 | X63: =W63/Q63 -> 530.8846 | Y63: =W63/R63 -> 550.7938 | Z63: =W63/S63 -> 648.01166 | AA63: =W63/T63 -> 214137.61 | AB63: YES | AD63: =W63/AC55 -> 0.15298463
B64: Single Asset | C64: Villas | E64: UAE | F64: Dubai | G64: EMAAR | I64: Project V21.1 | K64: Al Furjan (P3-V) | L64: 2022 | M64: ASGC | N64: Award | O64: Competitive - Traditional | P64: Fixed Price Lump Sum | Q64: 60504 | R64: 58317 | S64: 49568 | T64: 150 | U64: Electrical | V64: AED | W64: 9312451 | X64: =W64/Q64 -> 153.91463 | Y64: =W64/R64 -> 159.68673 | Z64: =W64/S64 -> 187.87224 | AA64: =W64/T64 -> 62083.007 | AB64: YES | AD64: =W64/AC55 -> 0.044353468
B65: Single Asset | C65: Villas | E65: UAE | F65: Dubai | G65: EMAAR | I65: Project V21.1 | K65: Al Furjan (P3-V) | L65: 2022 | M65: ASGC | N65: Award | O65: Competitive - Traditional | P65: Fixed Price Lump Sum | Q65: 60504 | R65: 58317 | S65: 49568 | T65: 150 | U65: Conveying Systems | V65: AED | W65: 0 | X65: =W65/Q65 -> 0 | Y65: =W65/R65 -> 0 | Z65: =W65/S65 -> 0 | AA65: =W65/T65 -> 0 | AB65: YES | AD65: =W65/AC55 -> 0
B66: Single Asset | C66: Villas | E66: UAE | F66: Dubai | G66: EMAAR | I66: Project V21.1 | K66: Al Furjan (P3-V) | L66: 2022 | M66: ASGC | N66: Award | O66: Competitive - Traditional | P66: Fixed Price Lump Sum | Q66: 60504 | R66: 58317 | S66: 49568 | T66: 150 | U66: External Works | V66: AED | W66: 20080103 | X66: =W66/Q66 -> 331.88059 | Y66: =W66/R66 -> 344.32675 | Z66: =W66/S66 -> 405.10214 | AA66: =W66/T66 -> 133867.35 | AB66: YES | AD66: =W66/AC55 -> 0.095637788
B67: Single Asset | C67: Villas | E67: UAE | F67: Dubai | G67: EMAAR | I67: Project V21.1 | K67: Al Furjan (P3-V) | L67: 2022 | M67: ASGC | N67: Award | O67: Competitive - Traditional | P67: Fixed Price Lump Sum | Q67: 60504 | R67: 58317 | S67: 49568 | T67: 150 | U67: General Requirements | V67: AED | W67: 19729412 | X67: =W67/Q67 -> 326.08442 | Y67: =W67/R67 -> 338.31322 | Z67: =W67/S67 -> 398.02719 | AA67: =W67/T67 -> 131529.41 | AB67: YES | AD67: =W67/AC55 -> 0.093967512
B68: Single Asset | C68: Villas | E68: UAE | F68: Dubai | G68: EMAAR | I68: Project V21.2 | K68: Al Furjan (P5) | L68: 2022 | M68: ASGC | N68: Award | O68: Competitive - Traditional | P68: Fixed Price Lump Sum | Q68: 100608 | R68: 96471 | S68: 79924 | T68: 268 | U68: Substructure | V68: AED | W68: 15610025 | X68: =W68/Q68 -> 155.1569 | Y68: =W68/R68 -> 161.81054 | Z68: =W68/S68 -> 195.31086 | AA68: =W68/T68 -> 58246.362 | AB68: YES | AC68: =SUM(W68:W80) -> 350400248 | AD68: =W68/AC68 -> 0.044549127
B69: Single Asset | C69: Villas | E69: UAE | F69: Dubai | G69: EMAAR | I69: Project V21.2 | K69: Al Furjan (P5) | L69: 2022 | M69: ASGC | N69: Award | O69: Competitive - Traditional | P69: Fixed Price Lump Sum | Q69: 100608 | R69: 96471 | S69: 79924 | T69: 268 | U69: Superstructure | V69: AED | W69: 44017572 | X69: =W69/Q69 -> 437.51562 | Y69: =W69/R69 -> 456.27776 | Z69: =W69/S69 -> 550.74286 | AA69: =W69/T69 -> 164244.67 | AB69: YES | AD69: =W69/AC68 -> 0.12562084
B70: Single Asset | C70: Villas | E70: UAE | F70: Dubai | G70: EMAAR | I70: Project V21.2 | K70: Al Furjan (P5) | L70: 2022 | M70: ASGC | N70: Award | O70: Competitive - Traditional | P70: Fixed Price Lump Sum | Q70: 100608 | R70: 96471 | S70: 79924 | T70: 268 | U70: Building External Envelope | V70: AED | W70: 45756206 | X70: =W70/Q70 -> 454.79689 | Y70: =W70/R70 -> 474.30011 | Z70: =W70/S70 -> 572.49645 | AA70: =W70/T70 -> 170732.11 | AB70: YES | AD70: =W70/AC68 -> 0.13058269
B71: Single Asset | C71: Villas | E71: UAE | F71: Dubai | G71: EMAAR | I71: Project V21.2 | K71: Al Furjan (P5) | L71: 2022 | M71: ASGC | N71: Award | O71: Competitive - Traditional | P71: Fixed Price Lump Sum | Q71: 100608 | R71: 96471 | S71: 79924 | T71: 268 | U71: Internal Walls and Doors | V71: AED | W71: 17704329 | X71: =W71/Q71 -> 175.97337 | Y71: =W71/R71 -> 183.5197 | Z71: =W71/S71 -> 221.51455 | AA71: =W71/T71 -> 66060.929 | AB71: YES | AD71: =W71/AC68 -> 0.050526017
B72: Single Asset | C72: Villas | E72: UAE | F72: Dubai | G72: EMAAR | I72: Project V21.2 | K72: Al Furjan (P5) | L72: 2022 | M72: ASGC | N72: Award | O72: Competitive - Traditional | P72: Fixed Price Lump Sum | Q72: 100608 | R72: 96471 | S72: 79924 | T72: 268 | U72: Internal Finishes | V72: AED | W72: 36051298 | X72: =W72/Q72 -> 358.33431 | Y72: =W72/R72 -> 373.70088 | Z72: =W72/S72 -> 451.06974 | AA72: =W72/T72 -> 134519.77 | AB72: YES | AD72: =W72/AC68 -> 0.10288605
B73: Single Asset | C73: Villas | E73: UAE | F73: Dubai | G73: EMAAR | I73: Project V21.2 | K73: Al Furjan (P5) | L73: 2022 | M73: ASGC | N73: Award | O73: Competitive - Traditional | P73: Fixed Price Lump Sum | Q73: 100608 | R73: 96471 | S73: 79924 | T73: 268 | U73: FF&E | V73: AED | W73: 40884323 | X73: =W73/Q73 -> 406.37249 | Y73: =W73/R73 -> 423.7991 | Z73: =W73/S73 -> 511.54 | AA73: =W73/T73 -> 152553.44 | AB73: YES | AD73: =W73/AC68 -> 0.11667892
B74: Single Asset | C74: Villas | E74: UAE | F74: Dubai | G74: EMAAR | I74: Project V21.2 | K74: Al Furjan (P5) | L74: 2022 | M74: ASGC | N74: Award | O74: Competitive - Traditional | P74: Fixed Price Lump Sum | Q74: 100608 | R74: 96471 | S74: 79924 | T74: 268 | U74: Sanitary Fittings | V74: AED | W74: 9380377 | X74: =W74/Q74 -> 93.23689 | Y74: =W74/R74 -> 97.2352 | Z74: =W74/S74 -> 117.36621 | AA74: =W74/T74 -> 35001.407 | AB74: YES | AD74: =W74/AC68 -> 0.026770463
B75: Single Asset | C75: Villas | E75: UAE | F75: Dubai | G75: EMAAR | I75: Project V21.2 | K75: Al Furjan (P5) | L75: 2022 | M75: ASGC | N75: Award | O75: Competitive - Traditional | P75: Fixed Price Lump Sum | Q75: 100608 | R75: 96471 | S75: 79924 | T75: 268 | U75: Services Equipment | V75: AED | W75: 0 | X75: =W75/Q75 -> 0 | Y75: =W75/R75 -> 0 | Z75: =W75/S75 -> 0 | AA75: =W75/T75 -> 0 | AB75: YES | AD75: =W75/AC68 -> 0
B76: Single Asset | C76: Villas | E76: UAE | F76: Dubai | G76: EMAAR | I76: Project V21.2 | K76: Al Furjan (P5) | L76: 2022 | M76: ASGC | N76: Award | O76: Competitive - Traditional | P76: Fixed Price Lump Sum | Q76: 100608 | R76: 96471 | S76: 79924 | T76: 268 | U76: Mechanical | V76: AED | W76: 53898419 | X76: =W76/Q76 -> 535.72697 | Y76: =W76/R76 -> 558.70074 | Z76: =W76/S76 -> 674.37089 | AA76: =W76/T76 -> 201113.5 | AB76: YES | AD76: =W76/AC68 -> 0.15381958
B77: Single Asset | C77: Villas | E77: UAE | F77: Dubai | G77: EMAAR | I77: Project V21.2 | K77: Al Furjan (P5) | L77: 2022 | M77: ASGC | N77: Award | O77: Competitive - Traditional | P77: Fixed Price Lump Sum | Q77: 100608 | R77: 96471 | S77: 79924 | T77: 268 | U77: Electrical | V77: AED | W77: 15934233 | X77: =W77/Q77 -> 158.37938 | Y77: =W77/R77 -> 165.17122 | Z77: =W77/S77 -> 199.36731 | AA77: =W77/T77 -> 59456.093 | AB77: YES | AD77: =W77/AC68 -> 0.045474377
B78: Single Asset | C78: Villas | E78: UAE | F78: Dubai | G78: EMAAR | I78: Project V21.2 | K78: Al Furjan (P5) | L78: 2022 | M78: ASGC | N78: Award | O78: Competitive - Traditional | P78: Fixed Price Lump Sum | Q78: 100608 | R78: 96471 | S78: 79924 | T78: 268 | U78: Conveying Systems | V78: AED | W78: 0 | X78: =W78/Q78 -> 0 | Y78: =W78/R78 -> 0 | Z78: =W78/S78 -> 0 | AA78: =W78/T78 -> 0 | AB78: YES | AD78: =W78/AC68 -> 0
B79: Single Asset | C79: Villas | E79: UAE | F79: Dubai | G79: EMAAR | I79: Project V21.2 | K79: Al Furjan (P5) | L79: 2022 | M79: ASGC | N79: Award | O79: Competitive - Traditional | P79: Fixed Price Lump Sum | Q79: 100608 | R79: 96471 | S79: 79924 | T79: 268 | U79: External Works | V79: AED | W79: 38470350 | X79: =W79/Q79 -> 382.37864 | Y79: =W79/R79 -> 398.77632 | Z79: =W79/S79 -> 481.33664 | AA79: =W79/T79 -> 143546.08 | AB79: YES | AD79: =W79/AC68 -> 0.10978973
B80: Single Asset | C80: Villas | E80: UAE | F80: Dubai | G80: EMAAR | I80: Project V21.2 | K80: Al Furjan (P5) | L80: 2022 | M80: ASGC | N80: Award | O80: Competitive - Traditional | P80: Fixed Price Lump Sum | Q80: 100608 | R80: 96471 | S80: 79924 | T80: 268 | U80: General Requirements | V80: AED | W80: 32693116 | X80: =W80/Q80 -> 324.95543 | Y80: =W80/R80 -> 338.89061 | Z80: =W80/S80 -> 409.05255 | AA80: =W80/T80 -> 121989.24 | AB80: YES | AD80: =W80/AC68 -> 0.093302206
B81: Single Asset | C81: Villas | E81: UAE | F81: Dubai | G81: EMAAR | I81: Project V21.1 | K81: Golf Place 2 | L81: 2022 | M81: Trojan | N81: Award | O81: Competitive - Traditional | P81: Fixed Price Lump Sum | Q81: 95382.82 | R81: 90755 | S81: 72244.36 | T81: 128 | U81: Substructure | V81: AED | W81: 24253340 | X81: =W81/Q81 -> 254.27367 | Y81: =W81/R81 -> 267.23971 | Z81: =W81/S81 -> 335.71257 | AA81: =W81/T81 -> 189479.22 | AB81: YES | AC81: =SUM(W81:W93) -> 416000001 | AD81: =W81/AC81 -> 0.058301298
B82: Single Asset | C82: Villas | E82: UAE | F82: Dubai | G82: EMAAR | I82: Project V21.1 | K82: Golf Place 2 | L82: 2022 | M82: Trojan | N82: Award | O82: Competitive - Traditional | P82: Fixed Price Lump Sum | Q82: 95382.82 | R82: 90755 | S82: 72244.36 | T82: 128 | U82: Superstructure | V82: AED | W82: 62826268 | X82: =W82/Q82 -> 658.67488 | Y82: =W82/R82 -> 692.26233 | Z82: =W82/S82 -> 869.63561 | AA82: =W82/T82 -> 490830.22 | AB82: YES | AD82: =W82/AC81 -> 0.15102468
B83: Single Asset | C83: Villas | E83: UAE | F83: Dubai | G83: EMAAR | I83: Project V21.1 | K83: Golf Place 2 | L83: 2022 | M83: Trojan | N83: Award | O83: Competitive - Traditional | P83: Fixed Price Lump Sum | Q83: 95382.82 | R83: 90755 | S83: 72244.36 | T83: 128 | U83: Building External Envelope | V83: AED | W83: 96079904 | X83: =W83/Q83 -> 1007.3083 | Y83: =W83/R83 -> 1058.6734 | Z83: =W83/S83 -> 1329.9295 | AA83: =W83/T83 -> 750624.25 | AB83: YES | AD83: =W83/AC81 -> 0.23096131
B84: Single Asset | C84: Villas | E84: UAE | F84: Dubai | G84: EMAAR | I84: Project V21.1 | K84: Golf Place 2 | L84: 2022 | M84: Trojan | N84: Award | O84: Competitive - Traditional | P84: Fixed Price Lump Sum | Q84: 95382.82 | R84: 90755 | S84: 72244.36 | T84: 128 | U84: Internal Walls and Doors | V84: AED | W84: 20236967 | X84: =W84/Q84 -> 212.16574 | Y84: =W84/R84 -> 222.9846 | Z84: =W84/S84 -> 280.11829 | AA84: =W84/T84 -> 158101.3 | AB84: YES | AD84: =W84/AC81 -> 0.048646555
B85: Single Asset | C85: Villas | E85: UAE | F85: Dubai | G85: EMAAR | I85: Project V21.1 | K85: Golf Place 2 | L85: 2022 | M85: Trojan | N85: Award | O85: Competitive - Traditional | P85: Fixed Price Lump Sum | Q85: 95382.82 | R85: 90755 | S85: 72244.36 | T85: 128 | U85: Internal Finishes | V85: AED | W85: 72773517 | X85: =W85/Q85 -> 762.96252 | Y85: =W85/R85 -> 801.86785 | Z85: =W85/S85 -> 1007.3245 | AA85: =W85/T85 -> 568543.1 | AB85: YES | AD85: =W85/AC81 -> 0.17493634
B86: Single Asset | C86: Villas | E86: UAE | F86: Dubai | G86: EMAAR | I86: Project V21.1 | K86: Golf Place 2 | L86: 2022 | M86: Trojan | N86: Award | O86: Competitive - Traditional | P86: Fixed Price Lump Sum | Q86: 95382.82 | R86: 90755 | S86: 72244.36 | T86: 128 | U86: FF&E | V86: AED | W86: 31294244 | X86: =W86/Q86 -> 328.09099 | Y86: =W86/R86 -> 344.82116 | Z86: =W86/S86 -> 433.17214 | AA86: =W86/T86 -> 244486.28 | AB86: YES | AD86: =W86/AC81 -> 0.075226548
B87: Single Asset | C87: Villas | E87: UAE | F87: Dubai | G87: EMAAR | I87: Project V21.1 | K87: Golf Place 2 | L87: 2022 | M87: Trojan | N87: Award | O87: Competitive - Traditional | P87: Fixed Price Lump Sum | Q87: 95382.82 | R87: 90755 | S87: 72244.36 | T87: 128 | U87: Sanitary Fittings | V87: AED | W87: 5634677 | X87: =W87/Q87 -> 59.074338 | Y87: =W87/R87 -> 62.086684 | Z87: =W87/S87 -> 77.994697 | AA87: =W87/T87 -> 44020.914 | AB87: YES | AD87: =W87/AC81 -> 0.013544897
B88: Single Asset | C88: Villas | E88: UAE | F88: Dubai | G88: EMAAR | I88: Project V21.1 | K88: Golf Place 2 | L88: 2022 | M88: Trojan | N88: Award | O88: Competitive - Traditional | P88: Fixed Price Lump Sum | Q88: 95382.82 | R88: 90755 | S88: 72244.36 | T88: 128 | U88: Services Equipment | V88: AED | W88: 0 | X88: =W88/Q88 -> 0 | Y88: =W88/R88 -> 0 | Z88: =W88/S88 -> 0 | AA88: =W88/T88 -> 0 | AB88: YES | AD88: =W88/AC81 -> 0
B89: Single Asset | C89: Villas | E89: UAE | F89: Dubai | G89: EMAAR | I89: Project V21.1 | K89: Golf Place 2 | L89: 2022 | M89: Trojan | N89: Award | O89: Competitive - Traditional | P89: Fixed Price Lump Sum | Q89: 95382.82 | R89: 90755 | S89: 72244.36 | T89: 128 | U89: Mechanical | V89: AED | W89: 31164770 | X89: =W89/Q89 -> 326.73358 | Y89: =W89/R89 -> 343.39452 | Z89: =W89/S89 -> 431.37997 | AA89: =W89/T89 -> 243474.77 | AB89: YES | AD89: =W89/AC81 -> 0.074915312
B90: Single Asset | C90: Villas | E90: UAE | F90: Dubai | G90: EMAAR | I90: Project V21.1 | K90: Golf Place 2 | L90: 2022 | M90: Trojan | N90: Award | O90: Competitive - Traditional | P90: Fixed Price Lump Sum | Q90: 95382.82 | R90: 90755 | S90: 72244.36 | T90: 128 | U90: Electrical | V90: AED | W90: 25049783 | X90: =W90/Q90 -> 262.62364 | Y90: =W90/R90 -> 276.01546 | Z90: =W90/S90 -> 346.73686 | AA90: =W90/T90 -> 195701.43 | AB90: YES | AD90: =W90/AC81 -> 0.060215824
B91: Single Asset | C91: Villas | E91: UAE | F91: Dubai | G91: EMAAR | I91: Project V21.1 | K91: Golf Place 2 | L91: 2022 | M91: Trojan | N91: Award | O91: Competitive - Traditional | P91: Fixed Price Lump Sum | Q91: 95382.82 | R91: 90755 | S91: 72244.36 | T91: 128 | U91: Conveying Systems | V91: AED | W91: 0 | X91: =W91/Q91 -> 0 | Y91: =W91/R91 -> 0 | Z91: =W91/S91 -> 0 | AA91: =W91/T91 -> 0 | AB91: YES | AD91: =W91/AC81 -> 0
B92: Single Asset | C92: Villas | E92: UAE | F92: Dubai | G92: EMAAR | I92: Project V21.1 | K92: Golf Place 2 | L92: 2022 | M92: Trojan | N92: Award | O92: Competitive - Traditional | P92: Fixed Price Lump Sum | Q92: 95382.82 | R92: 90755 | S92: 72244.36 | T92: 128 | U92: External Works | V92: AED | W92: 16696673 | X92: =W92/Q92 -> 175.04906 | Y92: =W92/R92 -> 183.97524 | Z92: =W92/S92 -> 231.11386 | AA92: =W92/T92 -> 130442.76 | AB92: YES | AD92: =W92/AC81 -> 0.040136233
B93: Single Asset | C93: Villas | E93: UAE | F93: Dubai | G93: EMAAR | I93: Project V21.1 | K93: Golf Place 2 | L93: 2022 | M93: Trojan | N93: Award | O93: Competitive - Traditional | P93: Fixed Price Lump Sum | Q93: 95382.82 | R93: 90755 | S93: 72244.36 | T93: 128 | U93: General Requirements | V93: AED | W93: 29989858 | X93: =W93/Q93 -> 314.41572 | Y93: =W93/R93 -> 330.44855 | Z93: =W93/S93 -> 415.11694 | AA93: =W93/T93 -> 234295.77 | AB93: YES | AD93: =W93/AC81 -> 0.072091005
B94: Single Asset | C94: Villas | E94: UAE | F94: Dubai | G94: EMAAR | I94: Project V22.2 | K94: Palm Hills Villas | L94: 2022 | M94: Trojan | N94: Award | O94: Competitive - Traditional | P94: Fixed Price Lump Sum | Q94: 44954.431 | R94: 42855 | S94: 34458.328 | T94: 75 | U94: Substructure | V94: AED | W94: 7745274 | X94: =W94/Q94 -> 172.29167 | Y94: =W94/R94 -> 180.7321 | Z94: =W94/S94 -> 224.77219 | AA94: =W94/T94 -> 103270.32 | AB94: YES | AC94: =SUM(W94:W106) -> 236359000 | AD94: =W94/AC94 -> 0.03276911
B95: Single Asset | C95: Villas | E95: UAE | F95: Dubai | G95: EMAAR | I95: Project V22.2 | K95: Palm Hills Villas | L95: 2022 | M95: Trojan | N95: Award | O95: Competitive - Traditional | P95: Fixed Price Lump Sum | Q95: 44954.431 | R95: 42855 | S95: 34458.328 | T95: 75 | U95: Superstructure | V95: AED | W95: 21338316 | X95: =W95/Q95 -> 474.66547 | Y95: =W95/R95 -> 497.91894 | Z95: =W95/S95 -> 619.24989 | AA95: =W95/T95 -> 284510.88 | AB95: YES | AD95: =W95/AC94 -> 0.090279262
B96: Single Asset | C96: Villas | E96: UAE | F96: Dubai | G96: EMAAR | I96: Project V22.2 | K96: Palm Hills Villas | L96: 2022 | M96: Trojan | N96: Award | O96: Competitive - Traditional | P96: Fixed Price Lump Sum | Q96: 44954.431 | R96: 42855 | S96: 34458.328 | T96: 75 | U96: Building External Envelope | V96: AED | W96: 62601265 | X96: =W96/Q96 -> 1392.5494 | Y96: =W96/R96 -> 1460.7692 | Z96: =W96/S96 -> 1816.7238 | AA96: =W96/T96 -> 834683.53 | AB96: YES | AD96: =W96/AC94 -> 0.2648567
B97: Single Asset | C97: Villas | E97: UAE | F97: Dubai | G97: EMAAR | I97: Project V22.2 | K97: Palm Hills Villas | L97: 2022 | M97: Trojan | N97: Award | O97: Competitive - Traditional | P97: Fixed Price Lump Sum | Q97: 44954.431 | R97: 42855 | S97: 34458.328 | T97: 75 | U97: Internal Walls and Doors | V97: AED | W97: 10294153 | X97: =W97/Q97 -> 228.99084 | Y97: =W97/R97 -> 240.20891 | Z97: =W97/S97 -> 298.74209 | AA97: =W97/T97 -> 137255.37 | AB97: YES | AD97: =W97/AC94 -> 0.04355304
B98: Single Asset | C98: Villas | E98: UAE | F98: Dubai | G98: EMAAR | I98: Project V22.2 | K98: Palm Hills Villas | L98: 2022 | M98: Trojan | N98: Award | O98: Competitive - Traditional | P98: Fixed Price Lump Sum | Q98: 44954.431 | R98: 42855 | S98: 34458.328 | T98: 75 | U98: Internal Finishes | V98: AED | W98: 40140332 | X98: =W98/Q98 -> 892.91158 | Y98: =W98/R98 -> 936.65458 | Z98: =W98/S98 -> 1164.8949 | AA98: =W98/T98 -> 535204.43 | AB98: YES | AD98: =W98/AC94 -> 0.16982781
B99: Single Asset | C99: Villas | E99: UAE | F99: Dubai | G99: EMAAR | I99: Project V22.2 | K99: Palm Hills Villas | L99: 2022 | M99: Trojan | N99: Award | O99: Competitive - Traditional | P99: Fixed Price Lump Sum | Q99: 44954.431 | R99: 42855 | S99: 34458.328 | T99: 75 | U99: FF&E | V99: AED | W99: 9153557 | X99: =W99/Q99 -> 203.61857 | Y99: =W99/R99 -> 213.59368 | Z99: =W99/S99 -> 265.64135 | AA99: =W99/T99 -> 122047.43 | AB99: YES | AD99: =W99/AC94 -> 0.038727347
B100: Single Asset | C100: Villas | E100: UAE | F100: Dubai | G100: EMAAR | I100: Project V22.2 | K100: Palm Hills Villas | L100: 2022 | M100: Trojan | N100: Award | O100: Competitive - Traditional | P100: Fixed Price Lump Sum | Q100: 44954.431 | R100: 42855 | S100: 34458.328 | T100: 75 | U100: Sanitary Fittings | V100: AED | W100: 13105027 | X100: =W100/Q100 -> 291.51803 | Y100: =W100/R100 -> 305.79925 | Z100: =W100/S100 -> 380.31523 | AA100: =W100/T100 -> 174733.69 | AB100: YES | AD100: =W100/AC94 -> 0.055445433
B101: Single Asset | C101: Villas | E101: UAE | F101: Dubai | G101: EMAAR | I101: Project V22.2 | K101: Palm Hills Villas | L101: 2022 | M101: Trojan | N101: Award | O101: Competitive - Traditional | P101: Fixed Price Lump Sum | Q101: 44954.431 | R101: 42855 | S101: 34458.328 | T101: 75 | U101: Services Equipment | V101: AED | W101: 0 | X101: =W101/Q101 -> 0 | Y101: =W101/R101 -> 0 | Z101: =W101/S101 -> 0 | AA101: =W101/T101 -> 0 | AB101: YES | AD101: =W101/AC94 -> 0
...

Sheet Sheet1
B2: =COUNTIF(Data!$C$2:$C$1056,Sheet1!B3)/13 -> 18 | C2: =COUNTIF(Data!$C$2:$C$1056,Sheet1!C3)/13 -> 10 | D2: =COUNTIF(Data!$C$2:$C$1056,Sheet1!D3)/13 -> 26 | E2: =COUNTIF(Data!$C$2:$C$1056,Sheet1!E3)/13 -> 2 | F2: =COUNTIF(Data!$C$2:$C$1056,Sheet1!F3)/13 -> 7 | G2: =COUNTIF(Data!$C$2:$C$1056,Sheet1!G3)/13 -> 6 | H2: =COUNTIF(Data!$C$2:$C$1056,Sheet1!H3)/13 -> 6 | I2: =COUNTIF(Data!$C$2:$C$1056,Sheet1!I3)/13 -> 5
B3: Villas | C3: Townhouses | D3: Apartments | E3: Apartments, Serviced | F3: Retail | G3: Offices | H3: Hospitality | I3: Thematic | K3: Totals
A5: Substructure | B5: =SUMIFS(Data!$W$2:$W$1056,Data!$U$2:$U$1056,Sheet1!$A5,Data!$C$2:$C$1056,Sheet1!B$3) -> 8.3364248e+08 | C5: =SUMIFS(Data!$W$2:$W$1056,Data!$U$2:$U$1056,Sheet1!$A5,Data!$C$2:$C$1056,Sheet1!C$3) -> 165729953 | D5: =SUMIFS(Data!$W$2:$W$1056,Data!$U$2:$U$1056,Sheet1!$A5,Data!$C$2:$C$1056,Sheet1!D$3) -> 9.751722e+08 | E5: =SUMIFS(Data!$W$2:$W$1056,Data!$U$2:$U$1056,Sheet1!$A5,Data!$C$2:$C$1056,Sheet1!E$3) -> 64146913 | F5: =SUMIFS(Data!$W$2:$W$1056,Data!$U$2:$U$1056,Sheet1!$A5,Data!$C$2:$C$1056,Sheet1!F$3) -> 4.285611e+08 | G5: =SUMIFS(Data!$W$2:$W$1056,Data!$U$2:$U$1056,Sheet1!$A5,Data!$C$2:$C$1056,Sheet1!G$3) -> 2.5589842e+08 | H5: =SUMIFS(Data!$W$2:$W$1056,Data!$U$2:$U$1056,Sheet1!$A5,Data!$C$2:$C$1056,Sheet1!H$3) -> 3.4100231e+08 | I5: =SUMIFS(Data!$W$2:$W$1056,Data!$U$2:$U$1056,Sheet1!$A5,Data!$C$2:$C$1056,Sheet1!I$3) -> 89262397 | K5: =SUM(B5:J5) -> 3.1534158e+09
A6: Superstructure | B6: =SUMIFS(Data!$W$2:$W$1056,Data!$U$2:$U$1056,Sheet1!$A6,Data!$C$2:$C$1056,Sheet1!B$3) -> 1.8630618e+09 | C6: =SUMIFS(Data!$W$2:$W$1056,Data!$U$2:$U$1056,Sheet1!$A6,Data!$C$2:$C$1056,Sheet1!C$3) -> 389116402 | D6: =SUMIFS(Data!$W$2:$W$1056,Data!$U$2:$U$1056,Sheet1!$A6,Data!$C$2:$C$1056,Sheet1!D$3) -> 1.8792568e+09 | E6: =SUMIFS(Data!$W$2:$W$1056,Data!$U$2:$U$1056,Sheet1!$A6,Data!$C$2:$C$1056,Sheet1!E$3) -> 1.1619409e+08 | F6: =SUMIFS(Data!$W$2:$W$1056,Data!$U$2:$U$1056,Sheet1!$A6,Data!$C$2:$C$1056,Sheet1!F$3) -> 1.2712375e+09 | G6: =SUMIFS(Data!$W$2:$W$1056,Data!$U$2:$U$1056,Sheet1!$A6,Data!$C$2:$C$1056,Sheet1!G$3) -> 2.6442381e+08 | H6: =SUMIFS(Data!$W$2:$W$1056,Data!$U$2:$U$1056,Sheet1!$A6,Data!$C$2:$C$1056,Sheet1!H$3) -> 5.877716e+08 | I6: =SUMIFS(Data!$W$2:$W$1056,Data!$U$2:$U$1056,Sheet1!$A6,Data!$C$2:$C$1056,Sheet1!I$3) -> 2.9329284e+08 | K6: =SUM(B6:J6) -> 6.6643548e+09
A7: Building External Envelope | B7: =SUMIFS(Data!$W$2:$W$1056,Data!$U$2:$U$1056,Sheet1!$A7,Data!$C$2:$C$1056,Sheet1!B$3) -> 2.8763647e+09 | C7: =SUMIFS(Data!$W$2:$W$1056,Data!$U$2:$U$1056,Sheet1!$A7,Data!$C$2:$C$1056,Sheet1!C$3) -> 240965617 | D7: =SUMIFS(Data!$W$2:$W$1056,Data!$U$2:$U$1056,Sheet1!$A7,Data!$C$2:$C$1056,Sheet1!D$3) -> 1.563142e+09 | E7: =SUMIFS(Data!$W$2:$W$1056,Data!$U$2:$U$1056,Sheet1!$A7,Data!$C$2:$C$1056,Sheet1!E$3) -> 1.0946141e+08 | F7: =SUMIFS(Data!$W$2:$W$1056,Data!$U$2:$U$1056,Sheet1!$A7,Data!$C$2:$C$1056,Sheet1!F$3) -> 2.0166002e+08 | G7: =SUMIFS(Data!$W$2:$W$1056,Data!$U$2:$U$1056,Sheet1!$A7,Data!$C$2:$C$1056,Sheet1!G$3) -> 1.5054727e+08 | H7: =SUMIFS(Data!$W$2:$W$1056,Data!$U$2:$U$1056,Sheet1!$A7,Data!$C$2:$C$1056,Sheet1!H$3) -> 4.2901856e+08 | I7: =SUMIFS(Data!$W$2:$W$1056,Data!$U$2:$U$1056,Sheet1!$A7,Data!$C$2:$C$1056,Sheet1!I$3) -> 4.1298094e+08 | K7: =SUM(B7:J7) -> 5.9841406e+09
A8: Internal Walls and Doors | B8: =SUMIFS(Data!$W$2:$W$1056,Data!$U$2:$U$1056,Sheet1!$A8,Data!$C$2:$C$1056,Sheet1!B$3) -> 6.8733344e+08 | C8: =SUMIFS(Data!$W$2:$W$1056,Data!$U$2:$U$1056,Sheet1!$A8,Data!$C$2:$C$1056,Sheet1!C$3) -> 123740571 | D8: =SUMIFS(Data!$W$2:$W$1056,Data!$U$2:$U$1056,Sheet1!$A8,Data!$C$2:$C$1056,Sheet1!D$3) -> 6.1090386e+08 | E8: =SUMIFS(Data!$W$2:$W$1056,Data!$U$2:$U$1056,Sheet1!$A8,Data!$C$2:$C$1056,Sheet1!E$3) -> 43492867 | F8: =SUMIFS(Data!$W$2:$W$1056,Data!$U$2:$U$1056,Sheet1!$A8,Data!$C$2:$C$1056,Sheet1!F$3) -> 1.8254337e+08 | G8: =SUMIFS(Data!$W$2:$W$1056,Data!$U$2:$U$1056,Sheet1!$A8,Data!$C$2:$C$1056,Sheet1!G$3) -> 47569665 | H8: =SUMIFS(Data!$W$2:$W$1056,Data!$U$2:$U$1056,Sheet1!$A8,Data!$C$2:$C$1056,Sheet1!H$3) -> 1.3011277e+08 | I8: =SUMIFS(Data!$W$2:$W$1056,Data!$U$2:$U$1056,Sheet1!$A8,Data!$C$2:$C$1056,Sheet1!I$3) -> 36536479 | K8: =SUM(B8:J8) -> 1.862233e+09
A9: Internal Finishes | B9: =SUMIFS(Data!$W$2:$W$1056,Data!$U$2:$U$1056,Sheet1!$A9,Data!$C$2:$C$1056,Sheet1!B$3) -> 2.0108529e+09 | C9: =SUMIFS(Data!$W$2:$W$1056,Data!$U$2:$U$1056,Sheet1!$A9,Data!$C$2:$C$1056,Sheet1!C$3) -> 206822062 | D9: =SUMIFS(Data!$W$2:$W$1056,Data!$U$2:$U$1056,Sheet1!$A9,Data!$C$2:$C$1056,Sheet1!D$3) -> 1.3676785e+09 | E9: =SUMIFS(Data!$W$2:$W$1056,Data!$U$2:$U$1056,Sheet1!$A9,Data!$C$2:$C$1056,Sheet1!E$3) -> 1.3251978e+08 | F9: =SUMIFS(Data!$W$2:$W$1056,Data!$U$2:$U$1056,Sheet1!$A9,Data!$C$2:$C$1056,Sheet1!F$3) -> 4.6215131e+08 | G9: =SUMIFS(Data!$W$2:$W$1056,Data!$U$2:$U$1056,Sheet1!$A9,Data!$C$2:$C$1056,Sheet1!G$3) -> 1.0136012e+08 | H9: =SUMIFS(Data!$W$2:$W$1056,Data!$U$2:$U$1056,Sheet1!$A9,Data!$C$2:$C$1056,Sheet1!H$3) -> 6.036426e+08 | I9: =SUMIFS(Data!$W$2:$W$1056,Data!$U$2:$U$1056,Sheet1!$A9,Data!$C$2:$C$1056,Sheet1!I$3) -> 1.3234235e+08 | K9: =SUM(B9:J9) -> 5.0173696e+09
A10: FF&E | B10: =SUMIFS(Data!$W$2:$W$1056,Data!$U$2:$U$1056,Sheet1!$A10,Data!$C$2:$C$1056,Sheet1!B$3) -> 9.4403333e+08 | C10: =SUMIFS(Data!$W$2:$W$1056,Data!$U$2:$U$1056,Sheet1!$A10,Data!$C$2:$C$1056,Sheet1!C$3) -> 153651984 | D10: =SUMIFS(Data!$W$2:$W$1056,Data!$U$2:$U$1056,Sheet1!$A10,Data!$C$2:$C$1056,Sheet1!D$3) -> 7.0353077e+08 | E10: =SUMIFS(Data!$W$2:$W$1056,Data!$U$2:$U$1056,Sheet1!$A10,Data!$C$2:$C$1056,Sheet1!E$3) -> 1.05755e+08 | F10: =SUMIFS(Data!$W$2:$W$1056,Data!$U$2:$U$1056,Sheet1!$A10,Data!$C$2:$C$1056,Sheet1!F$3) -> 93507001 | G10: =SUMIFS(Data!$W$2:$W$1056,Data!$U$2:$U$1056,Sheet1!$A10,Data!$C$2:$C$1056,Sheet1!G$3) -> 48409855 | H10: =SUMIFS(Data!$W$2:$W$1056,Data!$U$2:$U$1056,Sheet1!$A10,Data!$C$2:$C$1056,Sheet1!H$3) -> 4.8121401e+08 | I10: =SUMIFS(Data!$W$2:$W$1056,Data!$U$2:$U$1056,Sheet1!$A10,Data!$C$2:$C$1056,Sheet1!I$3) -> 3.4479788e+08 | K10: =SUM(B10:J10) -> 2.8748998e+09
A11: Sanitary Fittings | B11: =SUMIFS(Data!$W$2:$W$1056,Data!$U$2:$U$1056,Sheet1!$A11,Data!$C$2:$C$1056,Sheet1!B$3) -> 2.529536e+08 | C11: =SUMIFS(Data!$W$2:$W$1056,Data!$U$2:$U$1056,Sheet1!$A11,Data!$C$2:$C$1056,Sheet1!C$3) -> 56749711 | D11: =SUMIFS(Data!$W$2:$W$1056,Data!$U$2:$U$1056,Sheet1!$A11,Data!$C$2:$C$1056,Sheet1!D$3) -> 1.9658904e+08 | E11: =SUMIFS(Data!$W$2:$W$1056,Data!$U$2:$U$1056,Sheet1!$A11,Data!$C$2:$C$1056,Sheet1!E$3) -> 15944558 | F11: =SUMIFS(Data!$W$2:$W$1056,Data!$U$2:$U$1056,Sheet1!$A11,Data!$C$2:$C$1056,Sheet1!F$3) -> 76925072 | G11: =SUMIFS(Data!$W$2:$W$1056,Data!$U$2:$U$1056,Sheet1!$A11,Data!$C$2:$C$1056,Sheet1!G$3) -> 17839538 | H11: =SUMIFS(Data!$W$2:$W$1056,Data!$U$2:$U$1056,Sheet1!$A11,Data!$C$2:$C$1056,Sheet1!H$3) -> 38769092 | I11: =SUMIFS(Data!$W$2:$W$1056,Data!$U$2:$U$1056,Sheet1!$A11,Data!$C$2:$C$1056,Sheet1!I$3) -> 2019183 | K11: =SUM(B11:J11) -> 6.577898e+08
A12: Services Equipment | B12: =SUMIFS(Data!$W$2:$W$1056,Data!$U$2:$U$1056,Sheet1!$A12,Data!$C$2:$C$1056,Sheet1!B$3) -> 12418434 | C12: =SUMIFS(Data!$W$2:$W$1056,Data!$U$2:$U$1056,Sheet1!$A12,Data!$C$2:$C$1056,Sheet1!C$3) -> 0 | D12: =SUMIFS(Data!$W$2:$W$1056,Data!$U$2:$U$1056,Sheet1!$A12,Data!$C$2:$C$1056,Sheet1!D$3) -> 21599746 | E12: =SUMIFS(Data!$W$2:$W$1056,Data!$U$2:$U$1056,Sheet1!$A12,Data!$C$2:$C$1056,Sheet1!E$3) -> 9403395 | F12: =SUMIFS(Data!$W$2:$W$1056,Data!$U$2:$U$1056,Sheet1!$A12,Data!$C$2:$C$1056,Sheet1!F$3) -> 0 | G12: =SUMIFS(Data!$W$2:$W$1056,Data!$U$2:$U$1056,Sheet1!$A12,Data!$C$2:$C$1056,Sheet1!G$3) -> 3006379 | H12: =SUMIFS(Data!$W$2:$W$1056,Data!$U$2:$U$1056,Sheet1!$A12,Data!$C$2:$C$1056,Sheet1!H$3) -> 1.414001e+08 | I12: =SUMIFS(Data!$W$2:$W$1056,Data!$U$2:$U$1056,Sheet1!$A12,Data!$C$2:$C$1056,Sheet1!I$3) -> 0 | K12: =SUM(B12:J12) -> 1.8782805e+08
A13: Mechanical | B13: =SUMIFS(Data!$W$2:$W$1056,Data!$U$2:$U$1056,Sheet1!$A13,Data!$C$2:$C$1056,Sheet1!B$3) -> 1.5994269e+09 | C13: =SUMIFS(Data!$W$2:$W$1056,Data!$U$2:$U$1056,Sheet1!$A13,Data!$C$2:$C$1056,Sheet1!C$3) -> 324516477 | D13: =SUMIFS(Data!$W$2:$W$1056,Data!$U$2:$U$1056,Sheet1!$A13,Data!$C$2:$C$1056,Sheet1!D$3) -> 1.5465313e+09 | E13: =SUMIFS(Data!$W$2:$W$1056,Data!$U$2:$U$1056,Sheet1!$A13,Data!$C$2:$C$1056,Sheet1!E$3) -> 1.9316529e+08 | F13: =SUMIFS(Data!$W$2:$W$1056,Data!$U$2:$U$1056,Sheet1!$A13,Data!$C$2:$C$1056,Sheet1!F$3) -> 7.4369798e+08 | G13: =SUMIFS(Data!$W$2:$W$1056,Data!$U$2:$U$1056,Sheet1!$A13,Data!$C$2:$C$1056,Sheet1!G$3) -> 1.9353979e+08 | H13: =SUMIFS(Data!$W$2:$W$1056,Data!$U$2:$U$1056,Sheet1!$A13,Data!$C$2:$C$1056,Sheet1!H$3) -> 3.572437e+08 | I13: =SUMIFS(Data!$W$2:$W$1056,Data!$U$2:$U$1056,Sheet1!$A13,Data!$C$2:$C$1056,Sheet1!I$3) -> 1.3201686e+08 | K13: =SUM(B13:J13) -> 5.0901383e+09
A14: Electrical | B14: =SUMIFS(Data!$W$2:$W$1056,Data!$U$2:$U$1056,Sheet1!$A14,Data!$C$2:$C$1056,Sheet1!B$3) -> 9.7424555e+08 | C14: =SUMIFS(Data!$W$2:$W$1056,Data!$U$2:$U$1056,Sheet1!$A14,Data!$C$2:$C$1056,Sheet1!C$3) -> 145626967 | D14: =SUMIFS(Data!$W$2:$W$1056,Data!$U$2:$U$1056,Sheet1!$A14,Data!$C$2:$C$1056,Sheet1!D$3) -> 1.3244055e+09 | E14: =SUMIFS(Data!$W$2:$W$1056,Data!$U$2:$U$1056,Sheet1!$A14,Data!$C$2:$C$1056,Sheet1!E$3) -> 35337879 | F14: =SUMIFS(Data!$W$2:$W$1056,Data!$U$2:$U$1056,Sheet1!$A14,Data!$C$2:$C$1056,Sheet1!F$3) -> 9.3012091e+08 | G14: =SUMIFS(Data!$W$2:$W$1056,Data!$U$2:$U$1056,Sheet1!$A14,Data!$C$2:$C$1056,Sheet1!G$3) -> 2.819004e+08 | H14: =SUMIFS(Data!$W$2:$W$1056,Data!$U$2:$U$1056,Sheet1!$A14,Data!$C$2:$C$1056,Sheet1!H$3) -> 4.7515453e+08 | I14: =SUMIFS(Data!$W$2:$W$1056,Data!$U$2:$U$1056,Sheet1!$A14,Data!$C$2:$C$1056,Sheet1!I$3) -> 1.9583676e+08 | K14: =SUM(B14:J14) -> 4.3626285e+09
A15: Conveying Systems | B15: =SUMIFS(Data!$W$2:$W$1056,Data!$U$2:$U$1056,Sheet1!$A15,Data!$C$2:$C$1056,Sheet1!B$3) -> 2.1465233e+08 | C15: =SUMIFS(Data!$W$2:$W$1056,Data!$U$2:$U$1056,Sheet1!$A15,Data!$C$2:$C$1056,Sheet1!C$3) -> 0 | D15: =SUMIFS(Data!$W$2:$W$1056,Data!$U$2:$U$1056,Sheet1!$A15,Data!$C$2:$C$1056,Sheet1!D$3) -> 2.1339517e+08 | E15: =SUMIFS(Data!$W$2:$W$1056,Data!$U$2:$U$1056,Sheet1!$A15,Data!$C$2:$C$1056,Sheet1!E$3) -> 30037609 | F15: =SUMIFS(Data!$W$2:$W$1056,Data!$U$2:$U$1056,Sheet1!$A15,Data!$C$2:$C$1056,Sheet1!F$3) -> 1.1099032e+08 | G15: =SUMIFS(Data!$W$2:$W$1056,Data!$U$2:$U$1056,Sheet1!$A15,Data!$C$2:$C$1056,Sheet1!G$3) -> 38609786 | H15: =SUMIFS(Data!$W$2:$W$1056,Data!$U$2:$U$1056,Sheet1!$A15,Data!$C$2:$C$1056,Sheet1!H$3) -> 91534943 | I15: =SUMIFS(Data!$W$2:$W$1056,Data!$U$2:$U$1056,Sheet1!$A15,Data!$C$2:$C$1056,Sheet1!I$3) -> 13449156 | K15: =SUM(B15:J15) -> 7.1266931e+08
A16: External Works | B16: =SUMIFS(Data!$W$2:$W$1056,Data!$U$2:$U$1056,Sheet1!$A16,Data!$C$2:$C$1056,Sheet1!B$3) -> 1.2055403e+09 | C16: =SUMIFS(Data!$W$2:$W$1056,Data!$U$2:$U$1056,Sheet1!$A16,Data!$C$2:$C$1056,Sheet1!C$3) -> 164797790 | D16: =SUMIFS(Data!$W$2:$W$1056,Data!$U$2:$U$1056,Sheet1!$A16,Data!$C$2:$C$1056,Sheet1!D$3) -> 5.1244067e+08 | E16: =SUMIFS(Data!$W$2:$W$1056,Data!$U$2:$U$1056,Sheet1!$A16,Data!$C$2:$C$1056,Sheet1!E$3) -> 14700961 | F16: =SUMIFS(Data!$W$2:$W$1056,Data!$U$2:$U$1056,Sheet1!$A16,Data!$C$2:$C$1056,Sheet1!F$3) -> 2.1463552e+08 | G16: =SUMIFS(Data!$W$2:$W$1056,Data!$U$2:$U$1056,Sheet1!$A16,Data!$C$2:$C$1056,Sheet1!G$3) -> 30743025 | H16: =SUMIFS(Data!$W$2:$W$1056,Data!$U$2:$U$1056,Sheet1!$A16,Data!$C$2:$C$1056,Sheet1!H$3) -> 1.5578615e+08 | I16: =SUMIFS(Data!$W$2:$W$1056,Data!$U$2:$U$1056,Sheet1!$A16,Data!$C$2:$C$1056,Sheet1!I$3) -> 1.7374795e+08 | K16: =SUM(B16:J16) -> 2.4723924e+09
A17: General Requirements | B17: =SUMIFS(Data!$W$2:$W$1056,Data!$U$2:$U$1056,Sheet1!$A17,Data!$C$2:$C$1056,Sheet1!B$3) -> 1.5533865e+09 | C17: =SUMIFS(Data!$W$2:$W$1056,Data!$U$2:$U$1056,Sheet1!$A17,Data!$C$2:$C$1056,Sheet1!C$3) -> 163391460 | D17: =SUMIFS(Data!$W$2:$W$1056,Data!$U$2:$U$1056,Sheet1!$A17,Data!$C$2:$C$1056,Sheet1!D$3) -> 1.456522e+09 | E17: =SUMIFS(Data!$W$2:$W$1056,Data!$U$2:$U$1056,Sheet1!$A17,Data!$C$2:$C$1056,Sheet1!E$3) -> 92637598 | F17: =SUMIFS(Data!$W$2:$W$1056,Data!$U$2:$U$1056,Sheet1!$A17,Data!$C$2:$C$1056,Sheet1!F$3) -> 7.5251571e+08 | G17: =SUMIFS(Data!$W$2:$W$1056,Data!$U$2:$U$1056,Sheet1!$A17,Data!$C$2:$C$1056,Sheet1!G$3) -> 2.1305444e+08 | H17: =SUMIFS(Data!$W$2:$W$1056,Data!$U$2:$U$1056,Sheet1!$A17,Data!$C$2:$C$1056,Sheet1!H$3) -> 4.0655481e+08 | I17: =SUMIFS(Data!$W$2:$W$1056,Data!$U$2:$U$1056,Sheet1!$A17,Data!$C$2:$C$1056,Sheet1!I$3) -> 232280490 | K17: =SUM(B17:J17) -> 4.870343e+09
B19: =SUM(B5:B18) -> 1.5027912e+10 | C19: =SUM(C5:C18) -> 2135108994 | D19: =SUM(D5:D18) -> 1.2371168e+10 | E19: =SUM(E5:E18) -> 9.6279735e+08 | F19: =SUM(F5:F18) -> 5.4685458e+09 | G19: =SUM(G5:G18) -> 1.6469025e+09 | H19: =SUM(H5:H18) -> 4.2392052e+09 | I19: =SUM(I5:I18) -> 2.0585633e+09 | K19: =SUM(K5:K18) -> 4.3910203e+10
A21: Substructure | B21: =B5/B$19 -> 0.055472941 | C21: =C5/C$19 -> 0.077621308 | D21: =D5/D$19 -> 0.078826205 | E21: =E5/E$19 -> 0.06662556 | F21: =F5/F$19 -> 0.078368384 | G21: =G5/G$19 -> 0.15538165 | H21: =H5/H$19 -> 0.080440152 | I21: =I5/I$19 -> 0.043361502 | K21: =K5/K$19 -> 0.071815104
A22: Superstructure | B22: =B6/B$19 -> 0.12397343 | C22: =C6/C$19 -> 0.18224662 | D22: =D6/D$19 -> 0.15190618 | E22: =E6/E$19 -> 0.12068385 | F22: =F6/F$19 -> 0.23246353 | G22: =G6/G$19 -> 0.16055826 | H22: =H6/H$19 -> 0.13865137 | I22: =I6/I$19 -> 0.14247453 | K22: =K6/K$19 -> 0.15177235
A23: Building External Envelope | B23: =B7/B$19 -> 0.19140149 | C23: =C7/C$19 -> 0.1128587 | D23: =D7/D$19 -> 0.12635363 | E23: =E7/E$19 -> 0.11369102 | F23: =F7/F$19 -> 0.036876352 | G23: =G7/G$19 -> 0.091412374 | H23: =H7/H$19 -> 0.10120259 | I23: =I7/I$19 -> 0.2006161 | K23: =K7/K$19 -> 0.13628132
A24: Internal Walls and Doors | B24: =B8/B$19 -> 0.045737121 | C24: =C8/C$19 -> 0.057955154 | D24: =D8/D$19 -> 0.049381261 | E24: =E8/E$19 -> 0.045173438 | F24: =F8/F$19 -> 0.033380605 | G24: =G8/G$19 -> 0.028884324 | H24: =H8/H$19 -> 0.030692727 | I24: =I8/I$19 -> 0.017748533 | K24: =K8/K$19 -> 0.04241003
A25: Internal Finishes | B25: =B9/B$19 -> 0.13380787 | C25: =C9/C$19 -> 0.096867215 | D25: =D9/D$19 -> 0.11055371 | E25: =E9/E$19 -> 0.13764037 | F25: =F9/F$19 -> 0.084510824 | G25: =G9/G$19 -> 0.061545912 | H25: =H9/H$19 -> 0.14239523 | I25: =I9/I$19 -> 0.064288696 | K25: =K9/K$19 -> 0.11426432
A26: FF&E | B26: =B10/B$19 -> 0.062818661 | C26: =C10/C$19 -> 0.071964469 | D26: =D10/D$19 -> 0.056868582 | E26: =E10/E$19 -> 0.10984139 | F26: =F10/F$19 -> 0.017099062 | G26: =G10/G$19 -> 0.029394488 | H26: =H10/H$19 -> 0.11351515 | I26: =I10/I$19 -> 0.16749443 | K26: =K10/K$19 -> 0.065472251
A27: Sanitary Fittings | B27: =B11/B$19 -> 0.016832252 | C27: =C11/C$19 -> 0.026579304 | D27: =D11/D$19 -> 0.015890904 | E27: =E11/E$19 -> 0.016560658 | F27: =F11/F$19 -> 0.014066824 | G27: =G11/G$19 -> 0.010832176 | H27: =H11/H$19 -> 0.0091453682 | I27: =I11/I$19 -> 0.00098087001 | K27: =K11/K$19 -> 0.014980341
A28: Services Equipment | B28: =B12/B$19 -> 0.00082635793 | C28: =C12/C$19 -> 0 | D28: =D12/D$19 -> 0.0017459747 | E28: =E12/E$19 -> 0.0097667437 | F28: =F12/F$19 -> 0 | G28: =G12/G$19 -> 0.0018254748 | H28: =H12/H$19 -> 0.033355333 | I28: =I12/I$19 -> 0 | K28: =K12/K$19 -> 0.0042775492
A29: Mechanical | B29: =B13/B$19 -> 0.10643041 | C29: =C13/C$19 -> 0.15199059 | D29: =D13/D$19 -> 0.12501094 | E29: =E13/E$19 -> 0.20062923 | F29: =F13/F$19 -> 0.13599557 | G29: =G13/G$19 -> 0.11751746 | H29: =H13/H$19 -> 0.084271388 | I29: =I13/I$19 -> 0.064130582 | K29: =K13/K$19 -> 0.11592154
A30: Electrical | B30: =B14/B$19 -> 0.064829069 | C30: =C14/C$19 -> 0.06820587 | D30: =D14/D$19 -> 0.10705582 | E30: =E14/E$19 -> 0.036703341 | F30: =F14/F$19 -> 0.1700856 | G30: =G14/G$19 -> 0.17117006 | H30: =H14/H$19 -> 0.11208576 | I30: =I14/I$19 -> 0.095132739 | K30: =K14/K$19 -> 0.099353413
A31: Conveying Systems | B31: =B15/B$19 -> 0.014283576 | C31: =C15/C$19 -> 0 | D31: =D15/D$19 -> 0.017249396 | E31: =E15/E$19 -> 0.031198267 | F31: =F15/F$19 -> 0.02029613 | G31: =G15/G$19 -> 0.023443881 | H31: =H15/H$19 -> 0.021592478 | I31: =I15/I$19 -> 0.006533273 | K31: =K15/K$19 -> 0.016230153
A32: External Works | B32: =B16/B$19 -> 0.08022008 | C32: =C16/C$19 -> 0.07718472 | D32: =D16/D$19 -> 0.041422175 | E32: =E16/E$19 -> 0.015269009 | F32: =F16/F$19 -> 0.039249103 | G32: =G16/G$19 -> 0.01866718 | H32: =H16/H$19 -> 0.036748906 | I32: =I16/I$19 -> 0.08440253 | K32: =K16/K$19 -> 0.056305647
A33: General Requirements | B33: =B17/B$19 -> 0.10336675 | C33: =C17/C$19 -> 0.076526051 | D33: =D17/D$19 -> 0.11773521 | E33: =E17/E$19 -> 0.096217131 | F33: =F17/F$19 -> 0.13760801 | G33: =G17/G$19 -> 0.12936676 | H33: =H17/H$19 -> 0.095903546 | I33: =I17/I$19 -> 0.11283621 | K33: =K17/K$19 -> 0.11091597
A36: STRUCTURE | B36: =SUM(B21:B23) -> 0.37084785 | C36: =SUM(C21:C23) -> 0.37272663 | D36: =SUM(D21:D23) -> 0.35708602 | E36: =SUM(E21:E23) -> 0.30100043 | F36: =SUM(F21:F23) -> 0.34770827 | G36: =SUM(G21:G23) -> 0.40735229 | H36: =SUM(H21:H23) -> 0.32029411 | I36: =SUM(I21:I23) -> 0.38645213 | K36: =SUM(K21:K23) -> 0.35986878
A37: INTERNAL FIT-OUT | B37: =SUM(B24:B27) -> 0.2591959 | C37: =SUM(C24:C27) -> 0.25336614 | D37: =SUM(D24:D27) -> 0.23269446 | E37: =SUM(E24:E27) -> 0.30921585 | F37: =SUM(F24:F27) -> 0.14905731 | G37: =SUM(G24:G27) -> 0.1306569 | H37: =SUM(H24:H27) -> 0.29574848 | I37: =SUM(I24:I27) -> 0.25051253 | K37: =SUM(K24:K27) -> 0.23712694
A38: MEP | B38: =SUM(B28:B31) -> 0.18636941 | C38: =SUM(C28:C31) -> 0.22019646 | D38: =SUM(D28:D31) -> 0.25106214 | E38: =SUM(E28:E31) -> 0.27829758 | F38: =SUM(F28:F31) -> 0.3263773 | G38: =SUM(G28:G31) -> 0.31395687 | H38: =SUM(H28:H31) -> 0.25130496 | I38: =SUM(I28:I31) -> 0.16579659 | K38: =SUM(K28:K31) -> 0.23578265
A39: EXTEERNAL | B39: =B32 -> 0.08022008 | C39: =C32 -> 0.07718472 | D39: =D32 -> 0.041422175 | E39: =E32 -> 0.015269009 | F39: =F32 -> 0.039249103 | G39: =G32 -> 0.01866718 | H39: =H32 -> 0.036748906 | I39: =I32 -> 0.08440253 | K39: =K32 -> 0.056305647
A40: PRELIMS | B40: =B33 -> 0.10336675 | C40: =C33 -> 0.076526051 | D40: =D33 -> 0.11773521 | E40: =E33 -> 0.096217131 | F40: =F33 -> 0.13760801 | G40: =G33 -> 0.12936676 | H40: =H33 -> 0.095903546 | I40: =I33 -> 0.11283621 | K40: =K33 -> 0.11091597
B41: =SUM(B36:B40) -> 1 | C41: =SUM(C36:C40) -> 1 | D41: =SUM(D36:D40) -> 1 | E41: =SUM(E36:E40) -> 1 | F41: =SUM(F36:F40) -> 1 | G41: =SUM(G36:G40) -> 1 | H41: =SUM(H36:H40) -> 1 | I41: =SUM(I36:I40) -> 1 | K41: =SUM(K36:K40) -> 1
