Workbook

Sheet Rates
A1: Asset | B1: Country | C1: City | D1: Project | E1: Base Date | F1: Contractor | G1: Status | H1: Contract Type | I1: BUA | J1: GIA | K1: GFA | L1: Keys | M1: NRM Lvl 1 | N1: POMI | O1: Description | P1: Quantity | Q1: Unit | R1: Contract Rate | S1: Average Tender Rate
A3: Townhouses | B3: UAE | C3: Dubai | D3: The Valley - Nara | E3: 2022 | F3: METAC | G3: Award | H3: Fixed Price Lump Sum | I3: 69927 | K3: 53764 | L3: 372 | M3: Foundations | N3: Concrete Work | O3: Plain concrete; concrete grade C20/16 | P3: 30 | Q3: m3 | R3: 370 | S3: 309
A4: =A3 -> Townhouses | B4: =B3 -> UAE | C4: =C3 -> Dubai | D4: =D3 -> The Valley - Nara | E4: =E3 -> 2022 | F4: =F3 -> METAC | G4: =G3 -> Award | H4: =H3 -> Fixed Price Lump Sum | M4: Lowest Floor Construction | N4: Concrete Work | O4: Reinforced concrete; concrete grade C25 | P4: 51 | Q4: m3 | R4: 370 | S4: 305

Sheet Data
B1: Asset Lvl 1 | C1: Asset Lvl 2 | D1: Asset Lvl 3 | E1: Country | F1: City | G1: Developer | H1: Alias Lvl 1 | I1: Alias Lvl 2 | J1: Project Lvl 1 | K1: Project Lvl 2 | L1: Base Date | M1: Contractor | N1: Status | O1: Procurement | P1: Contract Type | Q1: BUA | R1: GIA | S1: GFA | T1: Keys | U1: NRM Lvl 1 | V1: Currency | W1: Total Cost | X1: Cost/BUA | Y1: Cost/GIA | Z1: Cost/GFA | AA1: Cost/Key | AB1: Chart
B3: Single Asset | C3: Storage and Distribution | D3: Warehouse | E3: UAE | F3: Abu Dhabi | G3: TBA | I3: Project IND19.1 | K3: Project A | L3: 2019 | M3: TBA | N3: Award | O3: Competitive - Traditional | P3: Fixed Price Lump Sum | Q3: 48016.5 | R3: 45730 | S3: 43443.5 | T3: 0 | U3: Facilitating Works | V3: AED | W3: 1424325 | X3: =W3/Q3 -> 29.663241 | Y3: =W3/R3 -> 31.146403 | Z3: =W3/S3 -> 32.785687 | AB3: YES | AC3: =SUM(W3:W16) -> 1.3932218e+08 | AD3: =W3/AC3 -> 0.010223246
B4: Single Asset | C4: Storage and Distribution | D4: Warehouse | E4: UAE | F4: Abu Dhabi | G4: TBA | I4: Project IND19.1 | K4: Project A | L4: 2019 | M4: TBA | N4: Award | O4: Competitive - Traditional | P4: Fixed Price Lump Sum | Q4: 48016.5 | R4: 45730 | S4: 43443.5 | T4: 0 | U4: Substructure | V4: AED | W4: 27368485 | X4: =W4/Q4 -> 569.98084 | Y4: =W4/R4 -> 598.47988 | Z4: =W4/S4 -> 629.97882 | AB4: YES | AD4: =W4/AC3 -> 0.19644025
B5: Single Asset | C5: Storage and Distribution | D5: Warehouse | E5: UAE | F5: Abu Dhabi | G5: TBA | I5: Project IND19.1 | K5: Project A | L5: 2019 | M5: TBA | N5: Award | O5: Competitive - Traditional | P5: Fixed Price Lump Sum | Q5: 48016.5 | R5: 45730 | S5: 43443.5 | T5: 0 | U5: Superstructure | V5: AED | W5: 20086487 | X5: =W5/Q5 -> 418.32468 | Y5: =W5/R5 -> 439.24091 | Z5: =W5/S5 -> 462.35886 | AB5: YES | AD5: =W5/AC3 -> 0.14417293
B6: Single Asset | C6: Storage and Distribution | D6: Warehouse | E6: UAE | F6: Abu Dhabi | G6: TBA | I6: Project IND19.1 | K6: Project A | L6: 2019 | M6: TBA | N6: Award | O6: Competitive - Traditional | P6: Fixed Price Lump Sum | Q6: 48016.5 | R6: 45730 | S6: 43443.5 | T6: 0 | U6: Building External Envelope | V6: AED | W6: 16069190 | X6: =W6/Q6 -> 334.65974 | Y6: =W6/R6 -> 351.39273 | Z6: =W6/S6 -> 369.88709 | AB6: YES | AD6: =W6/AC3 -> 0.11533834
B7: Single Asset | C7: Storage and Distribution | D7: Warehouse | E7: UAE | F7: Abu Dhabi | G7: TBA | I7: Project IND19.1 | K7: Project A | L7: 2019 | M7: TBA | N7: Award | O7: Competitive - Traditional | P7: Fixed Price Lump Sum | Q7: 48016.5 | R7: 45730 | S7: 43443.5 | T7: 0 | U7: Internal Walls and Doors | V7: AED | W7: 4017297.4 | X7: =W7/Q7 -> 83.664936 | Y7: =W7/R7 -> 87.848183 | Z7: =W7/S7 -> 92.471771 | AB7: YES | AD7: =W7/AC3 -> 0.028834586
B8: Single Asset | C8: Storage and Distribution | D8: Warehouse | E8: UAE | F8: Abu Dhabi | G8: TBA | I8: Project IND19.1 | K8: Project A | L8: 2019 | M8: TBA | N8: Award | O8: Competitive - Traditional | P8: Fixed Price Lump Sum | Q8: 48016.5 | R8: 45730 | S8: 43443.5 | T8: 0 | U8: Internal Finishes | V8: AED | W8: 3360917 | X8: =W8/Q8 -> 69.995043 | Y8: =W8/R8 -> 73.494796 | Z8: =W8/S8 -> 77.362943 | AB8: YES | AD8: =W8/AC3 -> 0.024123344
B9: Single Asset | C9: Storage and Distribution | D9: Warehouse | E9: UAE | F9: Abu Dhabi | G9: TBA | I9: Project IND19.1 | K9: Project A | L9: 2019 | M9: TBA | N9: Award | O9: Competitive - Traditional | P9: Fixed Price Lump Sum | Q9: 48016.5 | R9: 45730 | S9: 43443.5 | T9: 0 | U9: FF&E | V9: AED | W9: 1192620 | X9: =W9/Q9 -> 24.837712 | Y9: =W9/R9 -> 26.079598 | Z9: =W9/S9 -> 27.452208 | AB9: YES | AD9: =W9/AC3 -> 0.0085601588
B10: Single Asset | C10: Storage and Distribution | D10: Warehouse | E10: UAE | F10: Abu Dhabi | G10: TBA | I10: Project IND19.1 | K10: Project A | L10: 2019 | M10: TBA | N10: Award | O10: Competitive - Traditional | P10: Fixed Price Lump Sum | Q10: 48016.5 | R10: 45730 | S10: 43443.5 | T10: 0 | U10: Sanitary Fittings | V10: AED | W10: 0 | X10: =W10/Q10 -> 0 | Y10: =W10/R10 -> 0 | Z10: =W10/S10 -> 0 | AB10: YES | AD10: =W10/AC3 -> 0
B11: Single Asset | C11: Storage and Distribution | D11: Warehouse | E11: UAE | F11: Abu Dhabi | G11: TBA | I11: Project IND19.1 | K11: Project A | L11: 2019 | M11: TBA | N11: Award | O11: Competitive - Traditional | P11: Fixed Price Lump Sum | Q11: 48016.5 | R11: 45730 | S11: 43443.5 | T11: 0 | U11: Services Equipment | V11: AED | W11: 0 | X11: =W11/Q11 -> 0 | Y11: =W11/R11 -> 0 | Z11: =W11/S11 -> 0 | AB11: YES | AD11: =W11/AC3 -> 0
B12: Single Asset | C12: Storage and Distribution | D12: Warehouse | E12: UAE | F12: Abu Dhabi | G12: TBA | I12: Project IND19.1 | K12: Project A | L12: 2019 | M12: TBA | N12: Award | O12: Competitive - Traditional | P12: Fixed Price Lump Sum | Q12: 48016.5 | R12: 45730 | S12: 43443.5 | T12: 0 | U12: Mechanical | V12: AED | W12: 11045654 | X12: =W12/Q12 -> 230.03872 | Y12: =W12/R12 -> 241.54066 | Z12: =W12/S12 -> 254.25333 | AB12: YES | AD12: =W12/AC3 -> 0.079281376
B13: Single Asset | C13: Storage and Distribution | D13: Warehouse | E13: UAE | F13: Abu Dhabi | G13: TBA | I13: Project IND19.1 | K13: Project A | L13: 2019 | M13: TBA | N13: Award | O13: Competitive - Traditional | P13: Fixed Price Lump Sum | Q13: 48016.5 | R13: 45730 | S13: 43443.5 | T13: 0 | U13: Electrical | V13: AED | W13: 9037353.6 | X13: =W13/Q13 -> 188.2135 | Y13: =W13/R13 -> 197.62418 | Z13: =W13/S13 -> 208.02545 | AB13: YES | AD13: =W13/AC3 -> 0.064866581
B14: Single Asset | C14: Storage and Distribution | D14: Warehouse | E14: UAE | F14: Abu Dhabi | G14: TBA | I14: Project IND19.1 | K14: Project A | L14: 2019 | M14: TBA | N14: Award | O14: Competitive - Traditional | P14: Fixed Price Lump Sum | Q14: 48016.5 | R14: 45730 | S14: 43443.5 | T14: 0 | U14: Conveying Systems | V14: AED | W14: 0 | X14: =W14/Q14 -> 0 | Y14: =W14/R14 -> 0 | Z14: =W14/S14 -> 0 | AB14: YES | AD14: =W14/AC3 -> 0
B15: Single Asset | C15: Storage and Distribution | D15: Warehouse | E15: UAE | F15: Abu Dhabi | G15: TBA | I15: Project IND19.1 | K15: Project A | L15: 2019 | M15: TBA | N15: Award | O15: Competitive - Traditional | P15: Fixed Price Lump Sum | Q15: 48016.5 | R15: 45730 | S15: 43443.5 | T15: 0 | U15: External Works | V15: AED | W15: 34216186 | X15: =W15/Q15 -> 712.59227 | Y15: =W15/R15 -> 748.22188 | Z15: =W15/S15 -> 787.60198 | AB15: YES | AD15: =W15/AC3 -> 0.24559037
B16: Single Asset | C16: Storage and Distribution | D16: Warehouse | E16: UAE | F16: Abu Dhabi | G16: TBA | I16: Project IND19.1 | K16: Project A | L16: 2019 | M16: TBA | N16: Award | O16: Competitive - Traditional | P16: Fixed Price Lump Sum | Q16: 48016.5 | R16: 45730 | S16: 43443.5 | T16: 0 | U16: General Requirements | V16: AED | W16: 11503667 | X16: =W16/Q16 -> 239.57737 | Y16: =W16/R16 -> 251.55624 | Z16: =W16/S16 -> 264.79605 | AB16: YES | AD16: =W16/AC3 -> 0.082568811
B17: Single Asset | C17: Manufacturing | D17: Light Assembly | E17: UAE | F17: Abu Dhabi | G17: TBA | I17: Project IND20.1 | K17: Project B | L17: 2020 | M17: TBA | N17: Award | O17: Competitive - Traditional | P17: Fixed Price Lump Sum | Q17: 26865.3 | R17: 25586 | S17: 24306.7 | T17: 0 | U17: Facilitating Works | V17: AED | W17: 1604816 | X17: =W17/Q17 -> 59.735644 | Y17: =W17/R17 -> 62.722426 | Z17: =W17/S17 -> 66.023607 | AB17: YES | AC17: =SUM(W17:W30) -> 1.3025493e+08 | AD17: =W17/AC17 -> 0.012320578
B18: Single Asset | C18: Manufacturing | D18: Light Assembly | E18: UAE | F18: Abu Dhabi | G18: TBA | I18: Project IND20.1 | K18: Project B | L18: 2020 | M18: TBA | N18: Award | O18: Competitive - Traditional | P18: Fixed Price Lump Sum | Q18: 26865.3 | R18: 25586 | S18: 24306.7 | T18: 0 | U18: Substructure | V18: AED | W18: 12048509 | X18: =W18/Q18 -> 448.47849 | Y18: =W18/R18 -> 470.90241 | Z18: =W18/S18 -> 495.68675 | AB18: YES | AD18: =W18/AC17 -> 0.092499446
B19: Single Asset | C19: Manufacturing | D19: Light Assembly | E19: UAE | F19: Abu Dhabi | G19: TBA | I19: Project IND20.1 | K19: Project B | L19: 2020 | M19: TBA | N19: Award | O19: Competitive - Traditional | P19: Fixed Price Lump Sum | Q19: 26865.3 | R19: 25586 | S19: 24306.7 | T19: 0 | U19: Superstructure | V19: AED | W19: 21539241 | X19: =W19/Q19 -> 801.7495 | Y19: =W19/R19 -> 841.83698 | Z19: =W19/S19 -> 886.14419 | AB19: YES | AD19: =W19/AC17 -> 0.16536219
B20: Single Asset | C20: Manufacturing | D20: Light Assembly | E20: UAE | F20: Abu Dhabi | G20: TBA | I20: Project IND20.1 | K20: Project B | L20: 2020 | M20: TBA | N20: Award | O20: Competitive - Traditional | P20: Fixed Price Lump Sum | Q20: 26865.3 | R20: 25586 | S20: 24306.7 | T20: 0 | U20: Building External Envelope | V20: AED | W20: 17231393 | X20: =W20/Q20 -> 641.3996 | Y20: =W20/R20 -> 673.46958 | Z20: =W20/S20 -> 708.91535 | AB20: YES | AD20: =W20/AC17 -> 0.13228975
B21: Single Asset | C21: Manufacturing | D21: Light Assembly | E21: UAE | F21: Abu Dhabi | G21: TBA | I21: Project IND20.1 | K21: Project B | L21: 2020 | M21: TBA | N21: Award | O21: Competitive - Traditional | P21: Fixed Price Lump Sum | Q21: 26865.3 | R21: 25586 | S21: 24306.7 | T21: 0 | U21: Internal Walls and Doors | V21: AED | W21: 4307848.2 | X21: =W21/Q21 -> 160.3499 | Y21: =W21/R21 -> 168.3674 | Z21: =W21/S21 -> 177.22884 | AB21: YES | AD21: =W21/AC17 -> 0.033072438
B22: Single Asset | C22: Manufacturing | D22: Light Assembly | E22: UAE | F22: Abu Dhabi | G22: TBA | I22: Project IND20.1 | K22: Project B | L22: 2020 | M22: TBA | N22: Award | O22: Competitive - Traditional | P22: Fixed Price Lump Sum | Q22: 26865.3 | R22: 25586 | S22: 24306.7 | T22: 0 | U22: Internal Finishes | V22: AED | W22: 7623187 | X22: =W22/Q22 -> 283.75589 | Y22: =W22/R22 -> 297.94368 | Z22: =W22/S22 -> 313.62493 | AB22: YES | AD22: =W22/AC17 -> 0.058525131
B23: Single Asset | C23: Manufacturing | D23: Light Assembly | E23: UAE | F23: Abu Dhabi | G23: TBA | I23: Project IND20.1 | K23: Project B | L23: 2020 | M23: TBA | N23: Award | O23: Competitive - Traditional | P23: Fixed Price Lump Sum | Q23: 26865.3 | R23: 25586 | S23: 24306.7 | T23: 0 | U23: FF&E | V23: AED | W23: 1754020 | X23: =W23/Q23 -> 65.289425 | Y23: =W23/R23 -> 68.553897 | Z23: =W23/S23 -> 72.161996 | AB23: YES | AD23: =W23/AC17 -> 0.013466054
B24: Single Asset | C24: Manufacturing | D24: Light Assembly | E24: UAE | F24: Abu Dhabi | G24: TBA | I24: Project IND20.1 | K24: Project B | L24: 2020 | M24: TBA | N24: Award | O24: Competitive - Traditional | P24: Fixed Price Lump Sum | Q24: 26865.3 | R24: 25586 | S24: 24306.7 | T24: 0 | U24: Sanitary Fittings | V24: AED | W24: 316473.05 | X24: =W24/Q24 -> 11.779993 | Y24: =W24/R24 -> 12.368993 | Z24: =W24/S24 -> 13.019992 | AB24: YES | AD24: =W24/AC17 -> 0.0024296435
B25: Single Asset | C25: Manufacturing | D25: Light Assembly | E25: UAE | F25: Abu Dhabi | G25: TBA | I25: Project IND20.1 | K25: Project B | L25: 2020 | M25: TBA | N25: Award | O25: Competitive - Traditional | P25: Fixed Price Lump Sum | Q25: 26865.3 | R25: 25586 | S25: 24306.7 | T25: 0 | U25: Services Equipment | V25: AED | W25: 0 | X25: =W25/Q25 -> 0 | Y25: =W25/R25 -> 0 | Z25: =W25/S25 -> 0 | AB25: YES | AD25: =W25/AC17 -> 0
B26: Single Asset | C26: Manufacturing | D26: Light Assembly | E26: UAE | F26: Abu Dhabi | G26: TBA | I26: Project IND20.1 | K26: Project B | L26: 2020 | M26: TBA | N26: Award | O26: Competitive - Traditional | P26: Fixed Price Lump Sum | Q26: 26865.3 | R26: 25586 | S26: 24306.7 | T26: 0 | U26: Mechanical | V26: AED | W26: 17089545 | X26: =W26/Q26 -> 636.11963 | Y26: =W26/R26 -> 667.92561 | Z26: =W26/S26 -> 703.07959 | AB26: YES | AD26: =W26/AC17 -> 0.13120075
B27: Single Asset | C27: Manufacturing | D27: Light Assembly | E27: UAE | F27: Abu Dhabi | G27: TBA | I27: Project IND20.1 | K27: Project B | L27: 2020 | M27: TBA | N27: Award | O27: Competitive - Traditional | P27: Fixed Price Lump Sum | Q27: 26865.3 | R27: 25586 | S27: 24306.7 | T27: 0 | U27: Electrical | V27: AED | W27: 14241287 | X27: =W27/Q27 -> 530.09969 | Y27: =W27/R27 -> 556.60468 | Z27: =W27/S27 -> 585.89966 | AB27: YES | AD27: =W27/AC17 -> 0.10933396
B28: Single Asset | C28: Manufacturing | D28: Light Assembly | E28: UAE | F28: Abu Dhabi | G28: TBA | I28: Project IND20.1 | K28: Project B | L28: 2020 | M28: TBA | N28: Award | O28: Competitive - Traditional | P28: Fixed Price Lump Sum | Q28: 26865.3 | R28: 25586 | S28: 24306.7 | T28: 0 | U28: Conveying Systems | V28: AED | W28: 0 | X28: =W28/Q28 -> 0 | Y28: =W28/R28 -> 0 | Z28: =W28/S28 -> 0 | AB28: YES | AD28: =W28/AC17 -> 0
B29: Single Asset | C29: Manufacturing | D29: Light Assembly | E29: UAE | F29: Abu Dhabi | G29: TBA | I29: Project IND20.1 | K29: Project B | L29: 2020 | M29: TBA | N29: Award | O29: Competitive - Traditional | P29: Fixed Price Lump Sum | Q29: 26865.3 | R29: 25586 | S29: 24306.7 | T29: 0 | U29: External Works | V29: AED | W29: 20538614 | X29: =W29/Q29 -> 764.50343 | Y29: =W29/R29 -> 802.7286 | Z29: =W29/S29 -> 844.97748 | AB29: YES | AD29: =W29/AC17 -> 0.15768012
B30: Single Asset | C30: Manufacturing | D30: Light Assembly | E30: UAE | F30: Abu Dhabi | G30: TBA | I30: Project IND20.1 | K30: Project B | L30: 2020 | M30: TBA | N30: Award | O30: Competitive - Traditional | P30: Fixed Price Lump Sum | Q30: 26865.3 | R30: 25586 | S30: 24306.7 | T30: 0 | U30: General Requirements | V30: AED | W30: 11960000 | X30: =W30/Q30 -> 445.18394 | Y30: =W30/R30 -> 467.44313 | Z30: =W30/S30 -> 492.0454 | AB30: YES | AD30: =W30/AC17 -> 0.091819939
B31: Single Asset | C31: Storage and Distribution | D31: Warehouse & Office | E31: UAE | F31: Abu Dhabi | G31: TBA | I31: Project IND22.1 | K31: Project C | L31: 2022 | M31: TBA | N31: Award | O31: Competitive - Traditional | P31: Fixed Price Lump Sum | Q31: 5163.9 | R31: 4918 | S31: 4672.1 | T31: 0 | U31: Facilitating Works | V31: AED | W31: 166618 | X31: =W31/Q31 -> 32.265923 | Y31: =W31/R31 -> 33.879219 | Z31: =W31/S31 -> 35.662336 | AB31: YES | AC31: =SUM(W31:W44) -> 22603454 | AD31: =W31/AC31 -> 0.0073713513
B32: Single Asset | C32: Storage and Distribution | D32: Warehouse & Office | E32: UAE | F32: Abu Dhabi | G32: TBA | I32: Project IND22.1 | K32: Project C | L32: 2022 | M32: TBA | N32: Award | O32: Competitive - Traditional | P32: Fixed Price Lump Sum | Q32: 5163.9 | R32: 4918 | S32: 4672.1 | T32: 0 | U32: Substructure | V32: AED | W32: 5280 | X32: =W32/Q32 -> 1.022483 | Y32: =W32/R32 -> 1.0736072 | Z32: =W32/S32 -> 1.1301128 | AB32: YES | AD32: =W32/AC31 -> 0.00023359262
B33: Single Asset | C33: Storage and Distribution | D33: Warehouse & Office | E33: UAE | F33: Abu Dhabi | G33: TBA | I33: Project IND22.1 | K33: Project C | L33: 2022 | M33: TBA | N33: Award | O33: Competitive - Traditional | P33: Fixed Price Lump Sum | Q33: 5163.9 | R33: 4918 | S33: 4672.1 | T33: 0 | U33: Superstructure | V33: AED | W33: 2048663 | X33: =W33/Q33 -> 396.72786 | Y33: =W33/R33 -> 416.56425 | Z33: =W33/S33 -> 438.48869 | AB33: YES | AD33: =W33/AC31 -> 0.090634953
B34: Single Asset | C34: Storage and Distribution | D34: Warehouse & Office | E34: UAE | F34: Abu Dhabi | G34: TBA | I34: Project IND22.1 | K34: Project C | L34: 2022 | M34: TBA | N34: Award | O34: Competitive - Traditional | P34: Fixed Price Lump Sum | Q34: 5163.9 | R34: 4918 | S34: 4672.1 | T34: 0 | U34: Building External Envelope | V34: AED | W34: 1638930.4 | X34: =W34/Q34 -> 317.38229 | Y34: =W34/R34 -> 333.2514 | Z34: =W34/S34 -> 350.79095 | AB34: YES | AD34: =W34/AC31 -> 0.072507963
B35: Single Asset | C35: Storage and Distribution | D35: Warehouse & Office | E35: UAE | F35: Abu Dhabi | G35: TBA | I35: Project IND22.1 | K35: Project C | L35: 2022 | M35: TBA | N35: Award | O35: Competitive - Traditional | P35: Fixed Price Lump Sum | Q35: 5163.9 | R35: 4918 | S35: 4672.1 | T35: 0 | U35: Internal Walls and Doors | V35: AED | W35: 409732.6 | X35: =W35/Q35 -> 79.345572 | Y35: =W35/R35 -> 83.312851 | Z35: =W35/S35 -> 87.697738 | AB35: YES | AD35: =W35/AC31 -> 0.018126991
B36: Single Asset | C36: Storage and Distribution | D36: Warehouse & Office | E36: UAE | F36: Abu Dhabi | G36: TBA | I36: Project IND22.1 | K36: Project C | L36: 2022 | M36: TBA | N36: Award | O36: Competitive - Traditional | P36: Fixed Price Lump Sum | Q36: 5163.9 | R36: 4918 | S36: 4672.1 | T36: 0 | U36: Internal Finishes | V36: AED | W36: 2820606 | X36: =W36/Q36 -> 546.21623 | Y36: =W36/R36 -> 573.52704 | Z36: =W36/S36 -> 603.71268 | AB36: YES | AD36: =W36/AC31 -> 0.1247865
B37: Single Asset | C37: Storage and Distribution | D37: Warehouse & Office | E37: UAE | F37: Abu Dhabi | G37: TBA | I37: Project IND22.1 | K37: Project C | L37: 2022 | M37: TBA | N37: Award | O37: Competitive - Traditional | P37: Fixed Price Lump Sum | Q37: 5163.9 | R37: 4918 | S37: 4672.1 | T37: 0 | U37: FF&E | V37: AED | W37: 78579 | X37: =W37/Q37 -> 15.216987 | Y37: =W37/R37 -> 15.977837 | Z37: =W37/S37 -> 16.818775 | AB37: YES | AD37: =W37/AC31 -> 0.0034764156
B38: Single Asset | C38: Storage and Distribution | D38: Warehouse & Office | E38: UAE | F38: Abu Dhabi | G38: TBA | I38: Project IND22.1 | K38: Project C | L38: 2022 | M38: TBA | N38: Award | O38: Competitive - Traditional | P38: Fixed Price Lump Sum | Q38: 5163.9 | R38: 4918 | S38: 4672.1 | T38: 0 | U38: Sanitary Fittings | V38: AED | W38: 74295.81 | X38: =W38/Q38 -> 14.387538 | Y38: =W38/R38 -> 15.106915 | Z38: =W38/S38 -> 15.902016 | AB38: YES | AD38: =W38/AC31 -> 0.0032869229
B39: Single Asset | C39: Storage and Distribution | D39: Warehouse & Office | E39: UAE | F39: Abu Dhabi | G39: TBA | I39: Project IND22.1 | K39: Project C | L39: 2022 | M39: TBA | N39: Award | O39: Competitive - Traditional | P39: Fixed Price Lump Sum | Q39: 5163.9 | R39: 4918 | S39: 4672.1 | T39: 0 | U39: Services Equipment | V39: AED | W39: 0 | X39: =W39/Q39 -> 0 | Y39: =W39/R39 -> 0 | Z39: =W39/S39 -> 0 | AB39: YES | AD39: =W39/AC31 -> 0
B40: Single Asset | C40: Storage and Distribution | D40: Warehouse & Office | E40: UAE | F40: Abu Dhabi | G40: TBA | I40: Project IND22.1 | K40: Project C | L40: 2022 | M40: TBA | N40: Award | O40: Competitive - Traditional | P40: Fixed Price Lump Sum | Q40: 5163.9 | R40: 4918 | S40: 4672.1 | T40: 0 | U40: Mechanical | V40: AED | W40: 4011973.7 | X40: =W40/Q40 -> 776.92708 | Y40: =W40/R40 -> 815.77343 | Z40: =W40/S40 -> 858.70888 | AB40: YES | AD40: =W40/AC31 -> 0.17749384
B41: Single Asset | C41: Storage and Distribution | D41: Warehouse & Office | E41: UAE | F41: Abu Dhabi | G41: TBA | I41: Project IND22.1 | K41: Project C | L41: 2022 | M41: TBA | N41: Award | O41: Competitive - Traditional | P41: Fixed Price Lump Sum | Q41: 5163.9 | R41: 4918 | S41: 4672.1 | T41: 0 | U41: Electrical | V41: AED | W41: 3343311.5 | X41: =W41/Q41 -> 647.43923 | Y41: =W41/R41 -> 679.81119 | Z41: =W41/S41 -> 715.59073 | AB41: YES | AD41: =W41/AC31 -> 0.14791153
B42: Single Asset | C42: Storage and Distribution | D42: Warehouse & Office | E42: UAE | F42: Abu Dhabi | G42: TBA | I42: Project IND22.1 | K42: Project C | L42: 2022 | M42: TBA | N42: Award | O42: Competitive - Traditional | P42: Fixed Price Lump Sum | Q42: 5163.9 | R42: 4918 | S42: 4672.1 | T42: 0 | U42: Conveying Systems | V42: AED | W42: 0 | X42: =W42/Q42 -> 0 | Y42: =W42/R42 -> 0 | Z42: =W42/S42 -> 0 | AB42: YES | AD42: =W42/AC31 -> 0
B43: Single Asset | C43: Storage and Distribution | D43: Warehouse & Office | E43: UAE | F43: Abu Dhabi | G43: TBA | I43: Project IND22.1 | K43: Project C | L43: 2022 | M43: TBA | N43: Award | O43: Competitive - Traditional | P43: Fixed Price Lump Sum | Q43: 5163.9 | R43: 4918 | S43: 4672.1 | T43: 0 | U43: External Works | V43: AED | W43: 6331464 | X43: =W43/Q43 -> 1226.1012 | Y43: =W43/R43 -> 1287.4063 | Z43: =W43/S43 -> 1355.1645 | AB43: YES | AD43: =W43/AC31 -> 0.28011046
B44: Single Asset | C44: Storage and Distribution | D44: Warehouse & Office | E44: UAE | F44: Abu Dhabi | G44: TBA | I44: Project IND22.1 | K44: Project C | L44: 2022 | M44: TBA | N44: Award | O44: Competitive - Traditional | P44: Fixed Price Lump Sum | Q44: 5163.9 | R44: 4918 | S44: 4672.1 | T44: 0 | U44: General Requirements | V44: AED | W44: 1674000 | X44: =W44/Q44 -> 324.17359 | Y44: =W44/R44 -> 340.38227 | Z44: =W44/S44 -> 358.29713 | AB44: YES | AD44: =W44/AC31 -> 0.074059478
B45: Single Asset | C45: Storage and Distribution | D45: Warehouse & Office | E45: UAE | F45: Abu Dhabi | G45: TBA | I45: Project IND22.2 | K45: Project D | L45: 2022 | M45: TBA | N45: Award | O45: Competitive - Traditional | P45: Fixed Price Lump Sum | Q45: 21178.5 | R45: 20170 | S45: 19161.5 | T45: 0 | U45: Facilitating Works | V45: AED | W45: 1318906 | X45: =W45/Q45 -> 62.275704 | Y45: =W45/R45 -> 65.389489 | Z45: =W45/S45 -> 68.831041 | AB45: YES | AC45: =SUM(W45:W58) -> 87831641 | AD45: =W45/AC45 -> 0.015016297
B46: Single Asset | C46: Storage and Distribution | D46: Warehouse & Office | E46: UAE | F46: Abu Dhabi | G46: TBA | I46: Project IND22.2 | K46: Project D | L46: 2022 | M46: TBA | N46: Award | O46: Competitive - Traditional | P46: Fixed Price Lump Sum | Q46: 21178.5 | R46: 20170 | S46: 19161.5 | T46: 0 | U46: Substructure | V46: AED | W46: 12500000 | X46: =W46/Q46 -> 590.22121 | Y46: =W46/R46 -> 619.73228 | Z46: =W46/S46 -> 652.34976 | AB46: YES | AD46: =W46/AC45 -> 0.14231773
B47: Single Asset | C47: Storage and Distribution | D47: Warehouse & Office | E47: UAE | F47: Abu Dhabi | G47: TBA | I47: Project IND22.2 | K47: Project D | L47: 2022 | M47: TBA | N47: Award | O47: Competitive - Traditional | P47: Fixed Price Lump Sum | Q47: 21178.5 | R47: 20170 | S47: 19161.5 | T47: 0 | U47: Superstructure | V47: AED | W47: 14240271 | X47: =W47/Q47 -> 672.3928 | Y47: =W47/R47 -> 706.01244 | Z47: =W47/S47 -> 743.17099 | AB47: YES | AD47: =W47/AC45 -> 0.16213145
B48: Single Asset | C48: Storage and Distribution | D48: Warehouse & Office | E48: UAE | F48: Abu Dhabi | G48: TBA | I48: Project IND22.2 | K48: Project D | L48: 2022 | M48: TBA | N48: Award | O48: Competitive - Traditional | P48: Fixed Price Lump Sum | Q48: 21178.5 | R48: 20170 | S48: 19161.5 | T48: 0 | U48: Building External Envelope | V48: AED | W48: 11392217 | X48: =W48/Q48 -> 537.91424 | Y48: =W48/R48 -> 564.80996 | Z48: =W48/S48 -> 594.5368 | AB48: YES | AD48: =W48/AC45 -> 0.12970516
B49: Single Asset | C49: Storage and Distribution | D49: Warehouse & Office | E49: UAE | F49: Abu Dhabi | G49: TBA | I49: Project IND22.2 | K49: Project D | L49: 2022 | M49: TBA | N49: Award | O49: Competitive - Traditional | P49: Fixed Price Lump Sum | Q49: 21178.5 | R49: 20170 | S49: 19161.5 | T49: 0 | U49: Internal Walls and Doors | V49: AED | W49: 2848054.2 | X49: =W49/Q49 -> 134.47856 | Y49: =W49/R49 -> 141.20249 | Z49: =W49/S49 -> 148.6342 | AB49: YES | AD49: =W49/AC45 -> 0.032426289
B50: Single Asset | C50: Storage and Distribution | D50: Warehouse & Office | E50: UAE | F50: Abu Dhabi | G50: TBA | I50: Project IND22.2 | K50: Project D | L50: 2022 | M50: TBA | N50: Award | O50: Competitive - Traditional | P50: Fixed Price Lump Sum | Q50: 21178.5 | R50: 20170 | S50: 19161.5 | T50: 0 | U50: Internal Finishes | V50: AED | W50: 3249895 | X50: =W50/Q50 -> 153.45256 | Y50: =W50/R50 -> 161.12519 | Z50: =W50/S50 -> 169.60546 | AB50: YES | AD50: =W50/AC45 -> 0.037001415
B51: Single Asset | C51: Storage and Distribution | D51: Warehouse & Office | E51: UAE | F51: Abu Dhabi | G51: TBA | I51: Project IND22.2 | K51: Project D | L51: 2022 | M51: TBA | N51: Award | O51: Competitive - Traditional | P51: Fixed Price Lump Sum | Q51: 21178.5 | R51: 20170 | S51: 19161.5 | T51: 0 | U51: FF&E | V51: AED | W51: 614402 | X51: =W51/Q51 -> 29.010648 | Y51: =W51/R51 -> 30.46118 | Z51: =W51/S51 -> 32.0644 | AB51: YES | AD51: =W51/AC45 -> 0.006995224
B52: Single Asset | C52: Storage and Distribution | D52: Warehouse & Office | E52: UAE | F52: Abu Dhabi | G52: TBA | I52: Project IND22.2 | K52: Project D | L52: 2022 | M52: TBA | N52: Award | O52: Competitive - Traditional | P52: Fixed Price Lump Sum | Q52: 21178.5 | R52: 20170 | S52: 19161.5 | T52: 0 | U52: Sanitary Fittings | V52: AED | W52: 265238.82 | X52: =W52/Q52 -> 12.523966 | Y52: =W52/R52 -> 13.150165 | Z52: =W52/S52 -> 13.842279 | AB52: YES | AD52: =W52/AC45 -> 0.003019855
B53: Single Asset | C53: Storage and Distribution | D53: Warehouse & Office | E53: UAE | F53: Abu Dhabi | G53: TBA | I53: Project IND22.2 | K53: Project D | L53: 2022 | M53: TBA | N53: Award | O53: Competitive - Traditional | P53: Fixed Price Lump Sum | Q53: 21178.5 | R53: 20170 | S53: 19161.5 | T53: 0 | U53: Services Equipment | V53: AED | W53: 0 | X53: =W53/Q53 -> 0 | Y53: =W53/R53 -> 0 | Z53: =W53/S53 -> 0 | AB53: YES | AD53: =W53/AC45 -> 0
B54: Single Asset | C54: Storage and Distribution | D54: Warehouse & Office | E54: UAE | F54: Abu Dhabi | G54: TBA | I54: Project IND22.2 | K54: Project D | L54: 2022 | M54: TBA | N54: Award | O54: Competitive - Traditional | P54: Fixed Price Lump Sum | Q54: 21178.5 | R54: 20170 | S54: 19161.5 | T54: 0 | U54: Mechanical | V54: AED | W54: 14322896 | X54: =W54/Q54 -> 676.29418 | Y54: =W54/R54 -> 710.10889 | Z54: =W54/S54 -> 747.48304 | AB54: YES | AD54: =W54/AC45 -> 0.16307217
B55: Single Asset | C55: Storage and Distribution | D55: Warehouse & Office | E55: UAE | F55: Abu Dhabi | G55: TBA | I55: Project IND22.2 | K55: Project D | L55: 2022 | M55: TBA | N55: Award | O55: Competitive - Traditional | P55: Fixed Price Lump Sum | Q55: 21178.5 | R55: 20170 | S55: 19161.5 | T55: 0 | U55: Electrical | V55: AED | W55: 11935747 | X55: =W55/Q55 -> 563.57848 | Y55: =W55/R55 -> 591.75741 | Z55: =W55/S55 -> 622.90253 | AB55: YES | AD55: =W55/AC45 -> 0.13589347
B56: Single Asset | C56: Storage and Distribution | D56: Warehouse & Office | E56: UAE | F56: Abu Dhabi | G56: TBA | I56: Project IND22.2 | K56: Project D | L56: 2022 | M56: TBA | N56: Award | O56: Competitive - Traditional | P56: Fixed Price Lump Sum | Q56: 21178.5 | R56: 20170 | S56: 19161.5 | T56: 0 | U56: Conveying Systems | V56: AED | W56: 0 | X56: =W56/Q56 -> 0 | Y56: =W56/R56 -> 0 | Z56: =W56/S56 -> 0 | AB56: YES | AD56: =W56/AC45 -> 0
B57: Single Asset | C57: Storage and Distribution | D57: Warehouse & Office | E57: UAE | F57: Abu Dhabi | G57: TBA | I57: Project IND22.2 | K57: Project D | L57: 2022 | M57: TBA | N57: Award | O57: Competitive - Traditional | P57: Fixed Price Lump Sum | Q57: 21178.5 | R57: 20170 | S57: 19161.5 | T57: 0 | U57: External Works | V57: AED | W57: 8144014 | X57: =W57/Q57 -> 384.54159 | Y57: =W57/R57 -> 403.76867 | Z57: =W57/S57 -> 425.01965 | AB57: YES | AD57: =W57/AC45 -> 0.092723009
B58: Single Asset | C58: Storage and Distribution | D58: Warehouse & Office | E58: UAE | F58: Abu Dhabi | G58: TBA | I58: Project IND22.2 | K58: Project D | L58: 2022 | M58: TBA | N58: Award | O58: Competitive - Traditional | P58: Fixed Price Lump Sum | Q58: 21178.5 | R58: 20170 | S58: 19161.5 | T58: 0 | U58: General Requirements | V58: AED | W58: 7000000 | X58: =W58/Q58 -> 330.52388 | Y58: =W58/R58 -> 347.05007 | Z58: =W58/S58 -> 365.31587 | AB58: YES | AD58: =W58/AC45 -> 0.07969793
B59: Single Asset | C59: Manufacturing | D59: Light Assembly | E59: UAE | F59: Abu Dhabi | G59: MODON | I59: Project IND24.1 | K59: MIZA CMR 01 | L59: 2024 | M59: TBA | N59: Award | O59: Competitive - Traditional | P59: Fixed Price Lump Sum | Q59: 994.35 | R59: 947 | S59: 899.65 | T59: 0 | U59: Facilitating Works | V59: AED | W59: 179930 | X59: =W59/Q59 -> 180.95238 | Y59: =W59/R59 -> 190 | Z59: =W59/S59 -> 200 | AB59: YES | AC59: =SUM(W59:W72) -> 7150797 | AD59: =W59/AC59 -> 0.02516223
B60: Single Asset | C60: Manufacturing | D60: Light Assembly | E60: UAE | F60: Abu Dhabi | G60: MODON | I60: Project IND24.1 | K60: MIZA CMR 01 | L60: 2024 | M60: TBA | N60: Award | O60: Competitive - Traditional | P60: Fixed Price Lump Sum | Q60: 994.35 | R60: 947 | S60: 899.65 | T60: 0 | U60: Substructure | V60: AED | W60: 676158 | X60: =W60/Q60 -> 680 | Y60: =W60/R60 -> 714 | Z60: =W60/S60 -> 751.57895 | AB60: YES | AD60: =W60/AC59 -> 0.094557012
B61: Single Asset | C61: Manufacturing | D61: Light Assembly | E61: UAE | F61: Abu Dhabi | G61: MODON | I61: Project IND24.1 | K61: MIZA CMR 01 | L61: 2024 | M61: TBA | N61: Award | O61: Competitive - Traditional | P61: Fixed Price Lump Sum | Q61: 994.35 | R61: 947 | S61: 899.65 | T61: 0 | U61: Superstructure | V61: AED | W61: 1343319.5 | X61: =W61/Q61 -> 1350.9524 | Y61: =W61/R61 -> 1418.5 | Z61: =W61/S61 -> 1493.1579 | AB61: YES | AD61: =W61/AC59 -> 0.18785591
B62: Single Asset | C62: Manufacturing | D62: Light Assembly | E62: UAE | F62: Abu Dhabi | G62: MODON | I62: Project IND24.1 | K62: MIZA CMR 01 | L62: 2024 | M62: TBA | N62: Award | O62: Competitive - Traditional | P62: Fixed Price Lump Sum | Q62: 994.35 | R62: 947 | S62: 899.65 | T62: 0 | U62: Building External Envelope | V62: AED | W62: 1074655.6 | X62: =W62/Q62 -> 1080.7619 | Y62: =W62/R62 -> 1134.8 | Z62: =W62/S62 -> 1194.5263 | AB62: YES | AD62: =W62/AC59 -> 0.15028473
B63: Single Asset | C63: Manufacturing | D63: Light Assembly | E63: UAE | F63: Abu Dhabi | G63: MODON | I63: Project IND24.1 | K63: MIZA CMR 01 | L63: 2024 | M63: TBA | N63: Award | O63: Competitive - Traditional | P63: Fixed Price Lump Sum | Q63: 994.35 | R63: 947 | S63: 899.65 | T63: 0 | U63: Internal Walls and Doors | V63: AED | W63: 268663.9 | X63: =W63/Q63 -> 270.19048 | Y63: =W63/R63 -> 283.7 | Z63: =W63/S63 -> 298.63158 | AB63: YES | AD63: =W63/AC59 -> 0.037571183
B64: Single Asset | C64: Manufacturing | D64: Light Assembly | E64: UAE | F64: Abu Dhabi | G64: MODON | I64: Project IND24.1 | K64: MIZA CMR 01 | L64: 2024 | M64: TBA | N64: Award | O64: Competitive - Traditional | P64: Fixed Price Lump Sum | Q64: 994.35 | R64: 947 | S64: 899.65 | T64: 0 | U64: Internal Finishes | V64: AED | W64: 117428 | X64: =W64/Q64 -> 118.09524 | Y64: =W64/R64 -> 124 | Z64: =W64/S64 -> 130.52632 | AB64: YES | AD64: =W64/AC59 -> 0.016421666
B65: Single Asset | C65: Manufacturing | D65: Light Assembly | E65: UAE | F65: Abu Dhabi | G65: MODON | I65: Project IND24.1 | K65: MIZA CMR 01 | L65: 2024 | M65: TBA | N65: Award | O65: Competitive - Traditional | P65: Fixed Price Lump Sum | Q65: 994.35 | R65: 947 | S65: 899.65 | T65: 0 | U65: FF&E | V65: AED | W65: 24622 | X65: =W65/Q65 -> 24.761905 | Y65: =W65/R65 -> 26 | Z65: =W65/S65 -> 27.368421 | AB65: YES | AD65: =W65/AC59 -> 0.0034432525
B66: Single Asset | C66: Manufacturing | D66: Light Assembly | E66: UAE | F66: Abu Dhabi | G66: MODON | I66: Project IND24.1 | K66: MIZA CMR 01 | L66: 2024 | M66: TBA | N66: Award | O66: Competitive - Traditional | P66: Fixed Price Lump Sum | Q66: 994.35 | R66: 947 | S66: 899.65 | T66: 0 | U66: Sanitary Fittings | V66: AED | W66: 24091.68 | X66: =W66/Q66 -> 24.228571 | Y66: =W66/R66 -> 25.44 | Z66: =W66/S66 -> 26.778947 | AB66: YES | AD66: =W66/AC59 -> 0.0033690902
B67: Single Asset | C67: Manufacturing | D67: Light Assembly | E67: UAE | F67: Abu Dhabi | G67: MODON | I67: Project IND24.1 | K67: MIZA CMR 01 | L67: 2024 | M67: TBA | N67: Award | O67: Competitive - Traditional | P67: Fixed Price Lump Sum | Q67: 994.35 | R67: 947 | S67: 899.65 | T67: 0 | U67: Services Equipment | V67: AED | W67: 0 | X67: =W67/Q67 -> 0 | Y67: =W67/R67 -> 0 | Z67: =W67/S67 -> 0 | AB67: YES | AD67: =W67/AC59 -> 0
B68: Single Asset | C68: Manufacturing | D68: Light Assembly | E68: UAE | F68: Abu Dhabi | G68: MODON | I68: Project IND24.1 | K68: MIZA CMR 01 | L68: 2024 | M68: TBA | N68: Award | O68: Competitive - Traditional | P68: Fixed Price Lump Sum | Q68: 994.35 | R68: 947 | S68: 899.65 | T68: 0 | U68: Mechanical | V68: AED | W68: 1300950.7 | X68: =W68/Q68 -> 1308.3429 | Y68: =W68/R68 -> 1373.76 | Z68: =W68/S68 -> 1446.0632 | AB68: YES | AD68: =W68/AC59 -> 0.18193087
B69: Single Asset | C69: Manufacturing | D69: Light Assembly | E69: UAE | F69: Abu Dhabi | G69: MODON | I69: Project IND24.1 | K69: MIZA CMR 01 | L69: 2024 | M69: TBA | N69: Award | O69: Competitive - Traditional | P69: Fixed Price Lump Sum | Q69: 994.35 | R69: 947 | S69: 899.65 | T69: 0 | U69: Electrical | V69: AED | W69: 1084125.6 | X69: =W69/Q69 -> 1090.2857 | Y69: =W69/R69 -> 1144.8 | Z69: =W69/S69 -> 1205.0526 | AB69: YES | AD69: =W69/AC59 -> 0.15160906
B70: Single Asset | C70: Manufacturing | D70: Light Assembly | E70: UAE | F70: Abu Dhabi | G70: MODON | I70: Project IND24.1 | K70: MIZA CMR 01 | L70: 2024 | M70: TBA | N70: Award | O70: Competitive - Traditional | P70: Fixed Price Lump Sum | Q70: 994.35 | R70: 947 | S70: 899.65 | T70: 0 | U70: Conveying Systems | V70: AED | W70: 0 | X70: =W70/Q70 -> 0 | Y70: =W70/R70 -> 0 | Z70: =W70/S70 -> 0 | AB70: YES | AD70: =W70/AC59 -> 0
B71: Single Asset | C71: Manufacturing | D71: Light Assembly | E71: UAE | F71: Abu Dhabi | G71: MODON | I71: Project IND24.1 | K71: MIZA CMR 01 | L71: 2024 | M71: TBA | N71: Award | O71: Competitive - Traditional | P71: Fixed Price Lump Sum | Q71: 994.35 | R71: 947 | S71: 899.65 | T71: 0 | U71: External Works | V71: AED | W71: 225386 | X71: =W71/Q71 -> 226.66667 | Y71: =W71/R71 -> 238 | Z71: =W71/S71 -> 250.52632 | AB71: YES | AD71: =W71/AC59 -> 0.031519004
B72: Single Asset | C72: Manufacturing | D72: Light Assembly | E72: UAE | F72: Abu Dhabi | G72: MODON | I72: Project IND24.1 | K72: MIZA CMR 01 | L72: 2024 | M72: TBA | N72: Award | O72: Competitive - Traditional | P72: Fixed Price Lump Sum | Q72: 994.35 | R72: 947 | S72: 899.65 | T72: 0 | U72: General Requirements | V72: AED | W72: 831466 | X72: =W72/Q72 -> 836.19048 | Y72: =W72/R72 -> 878 | Z72: =W72/S72 -> 924.21053 | AB72: YES | AD72: =W72/AC59 -> 0.11627599
B73: Single Asset | C73: Manufacturing | D73: Light Assembly | E73: UAE | F73: Abu Dhabi | G73: MODON | I73: Project IND24.2 | K73: MIZA CMR 08 | L73: 2024 | M73: TBA | N73: Award | O73: Competitive - Traditional | P73: Fixed Price Lump Sum | Q73: 4267.2 | R73: 4064 | S73: 3860.8 | T73: 0 | U73: Facilitating Works | V73: AED | W73: 670560 | X73: =W73/Q73 -> 157.14286 | Y73: =W73/R73 -> 165 | Z73: =W73/S73 -> 173.68421 | AB73: YES | AC73: =SUM(W73:W86) -> 25801705 | AD73: =W73/AC73 -> 0.02598898
B74: Single Asset | C74: Manufacturing | D74: Light Assembly | E74: UAE | F74: Abu Dhabi | G74: MODON | I74: Project IND24.2 | K74: MIZA CMR 08 | L74: 2024 | M74: TBA | N74: Award | O74: Competitive - Traditional | P74: Fixed Price Lump Sum | Q74: 4267.2 | R74: 4064 | S74: 3860.8 | T74: 0 | U74: Substructure | V74: AED | W74: 3210560 | X74: =W74/Q74 -> 752.38095 | Y74: =W74/R74 -> 790 | Z74: =W74/S74 -> 831.57895 | AB74: YES | AD74: =W74/AC73 -> 0.12443209
B75: Single Asset | C75: Manufacturing | D75: Light Assembly | E75: UAE | F75: Abu Dhabi | G75: MODON | I75: Project IND24.2 | K75: MIZA CMR 08 | L75: 2024 | M75: TBA | N75: Award | O75: Competitive - Traditional | P75: Fixed Price Lump Sum | Q75: 4267.2 | R75: 4064 | S75: 3860.8 | T75: 0 | U75: Superstructure | V75: AED | W75: 4681728 | X75: =W75/Q75 -> 1097.1429 | Y75: =W75/R75 -> 1152 | Z75: =W75/S75 -> 1212.6316 | AB75: YES | AD75: =W75/AC73 -> 0.18145033
B76: Single Asset | C76: Manufacturing | D76: Light Assembly | E76: UAE | F76: Abu Dhabi | G76: MODON | I76: Project IND24.2 | K76: MIZA CMR 08 | L76: 2024 | M76: TBA | N76: Award | O76: Competitive - Traditional | P76: Fixed Price Lump Sum | Q76: 4267.2 | R76: 4064 | S76: 3860.8 | T76: 0 | U76: Building External Envelope | V76: AED | W76: 3745382.4 | X76: =W76/Q76 -> 877.71429 | Y76: =W76/R76 -> 921.6 | Z76: =W76/S76 -> 970.10526 | AB76: YES | AD76: =W76/AC73 -> 0.14516027
B77: Single Asset | C77: Manufacturing | D77: Light Assembly | E77: UAE | F77: Abu Dhabi | G77: MODON | I77: Project IND24.2 | K77: MIZA CMR 08 | L77: 2024 | M77: TBA | N77: Award | O77: Competitive - Traditional | P77: Fixed Price Lump Sum | Q77: 4267.2 | R77: 4064 | S77: 3860.8 | T77: 0 | U77: Internal Walls and Doors | V77: AED | W77: 936345.6 | X77: =W77/Q77 -> 219.42857 | Y77: =W77/R77 -> 230.4 | Z77: =W77/S77 -> 242.52632 | AB77: YES | AD77: =W77/AC73 -> 0.036290067
B78: Single Asset | C78: Manufacturing | D78: Light Assembly | E78: UAE | F78: Abu Dhabi | G78: MODON | I78: Project IND24.2 | K78: MIZA CMR 08 | L78: 2024 | M78: TBA | N78: Award | O78: Competitive - Traditional | P78: Fixed Price Lump Sum | Q78: 4267.2 | R78: 4064 | S78: 3860.8 | T78: 0 | U78: Internal Finishes | V78: AED | W78: 589280 | X78: =W78/Q78 -> 138.09524 | Y78: =W78/R78 -> 145 | Z78: =W78/S78 -> 152.63158 | AB78: YES | AD78: =W78/AC73 -> 0.022838801
B79: Single Asset | C79: Manufacturing | D79: Light Assembly | E79: UAE | F79: Abu Dhabi | G79: MODON | I79: Project IND24.2 | K79: MIZA CMR 08 | L79: 2024 | M79: TBA | N79: Award | O79: Competitive - Traditional | P79: Fixed Price Lump Sum | Q79: 4267.2 | R79: 4064 | S79: 3860.8 | T79: 0 | U79: FF&E | V79: AED | W79: 121920 | X79: =W79/Q79 -> 28.571429 | Y79: =W79/R79 -> 30 | Z79: =W79/S79 -> 31.578947 | AB79: YES | AD79: =W79/AC73 -> 0.0047252691
B80: Single Asset | C80: Manufacturing | D80: Light Assembly | E80: UAE | F80: Abu Dhabi | G80: MODON | I80: Project IND24.2 | K80: MIZA CMR 08 | L80: 2024 | M80: TBA | N80: Award | O80: Competitive - Traditional | P80: Fixed Price Lump Sum | Q80: 4267.2 | R80: 4064 | S80: 3860.8 | T80: 0 | U80: Sanitary Fittings | V80: AED | W80: 94691.2 | X80: =W80/Q80 -> 22.190476 | Y80: =W80/R80 -> 23.3 | Z80: =W80/S80 -> 24.526316 | AB80: YES | AD80: =W80/AC73 -> 0.003669959
B81: Single Asset | C81: Manufacturing | D81: Light Assembly | E81: UAE | F81: Abu Dhabi | G81: MODON | I81: Project IND24.2 | K81: MIZA CMR 08 | L81: 2024 | M81: TBA | N81: Award | O81: Competitive - Traditional | P81: Fixed Price Lump Sum | Q81: 4267.2 | R81: 4064 | S81: 3860.8 | T81: 0 | U81: Services Equipment | V81: AED | W81: 0 | X81: =W81/Q81 -> 0 | Y81: =W81/R81 -> 0 | Z81: =W81/S81 -> 0 | AB81: YES | AD81: =W81/AC73 -> 0
B82: Single Asset | C82: Manufacturing | D82: Light Assembly | E82: UAE | F82: Abu Dhabi | G82: MODON | I82: Project IND24.2 | K82: MIZA CMR 08 | L82: 2024 | M82: TBA | N82: Award | O82: Competitive - Traditional | P82: Fixed Price Lump Sum | Q82: 4267.2 | R82: 4064 | S82: 3860.8 | T82: 0 | U82: Mechanical | V82: AED | W82: 5113324.8 | X82: =W82/Q82 -> 1198.2857 | Y82: =W82/R82 -> 1258.2 | Z82: =W82/S82 -> 1324.4211 | AB82: YES | AD82: =W82/AC73 -> 0.19817779
B83: Single Asset | C83: Manufacturing | D83: Light Assembly | E83: UAE | F83: Abu Dhabi | G83: MODON | I83: Project IND24.2 | K83: MIZA CMR 08 | L83: 2024 | M83: TBA | N83: Award | O83: Competitive - Traditional | P83: Fixed Price Lump Sum | Q83: 4267.2 | R83: 4064 | S83: 3860.8 | T83: 0 | U83: Electrical | V83: AED | W83: 4261104 | X83: =W83/Q83 -> 998.57143 | Y83: =W83/R83 -> 1048.5 | Z83: =W83/S83 -> 1103.6842 | AB83: YES | AD83: =W83/AC73 -> 0.16514816
B84: Single Asset | C84: Manufacturing | D84: Light Assembly | E84: UAE | F84: Abu Dhabi | G84: MODON | I84: Project IND24.2 | K84: MIZA CMR 08 | L84: 2024 | M84: TBA | N84: Award | O84: Competitive - Traditional | P84: Fixed Price Lump Sum | Q84: 4267.2 | R84: 4064 | S84: 3860.8 | T84: 0 | U84: Conveying Systems | V84: AED | W84: 0 | X84: =W84/Q84 -> 0 | Y84: =W84/R84 -> 0 | Z84: =W84/S84 -> 0 | AB84: YES | AD84: =W84/AC73 -> 0
B85: Single Asset | C85: Manufacturing | D85: Light Assembly | E85: UAE | F85: Abu Dhabi | G85: MODON | I85: Project IND24.2 | K85: MIZA CMR 08 | L85: 2024 | M85: TBA | N85: Award | O85: Competitive - Traditional | P85: Fixed Price Lump Sum | Q85: 4267.2 | R85: 4064 | S85: 3860.8 | T85: 0 | U85: External Works | V85: AED | W85: 1601216 | X85: =W85/Q85 -> 375.2381 | Y85: =W85/R85 -> 394 | Z85: =W85/S85 -> 414.73684 | AB85: YES | AD85: =W85/AC73 -> 0.062058535
B86: Single Asset | C86: Manufacturing | D86: Light Assembly | E86: UAE | F86: Abu Dhabi | G86: MODON | I86: Project IND24.2 | K86: MIZA CMR 08 | L86: 2024 | M86: TBA | N86: Award | O86: Competitive - Traditional | P86: Fixed Price Lump Sum | Q86: 4267.2 | R86: 4064 | S86: 3860.8 | T86: 0 | U86: General Requirements | V86: AED | W86: 775593 | X86: =W86/Q86 -> 181.75689 | Y86: =W86/R86 -> 190.84473 | Z86: =W86/S86 -> 200.88919 | AB86: YES | AD86: =W86/AC73 -> 0.030059758
C88: Asset | E88: Country | F88: City | G88: Developer | I88: Alias | K88: Project | L88: Base Date | M88: Contractor | N88: Status | O88: Procurement | P88: Contract Type | Q88: BUA | R88: GIA | S88: GFA | T88: Keys | U88: NRM Lvl 1 | V88: Currency | W88: Total Cost | X88: Cost/BUA | Y88: Cost/GIA | Z88: Cost/GFA | AA88: Cost/Key | AB88: Chart
B89: Single Asset | C89: Storage and Distribution | K89: Project A | L89: =SUMIF($K$2:$K$87,$K89,L$2:L$87)/14 -> 2019 | P89: =COUNTIF($K$2:$K$87,$K89) -> 14 | Q89: =SUMIF($K$2:$K$87,$K89,Q$2:Q$87)/14 -> 48016.5 | R89: =SUMIF($K$2:$K$87,$K89,R$2:R$87)/14 -> 45730 | S89: =SUMIF($K$2:$K$87,$K89,S$2:S$87)/14 -> 43443.5 | T89: =SUMIF($K$2:$K$87,$K89,T$2:T$87)/8 -> 0 | U89: =SUMIF($K$2:$K$87,$K89,U$2:U$87)/8 -> 0 | V89: =SUMIF($K$2:$K$87,$K89,V$2:V$87)/8 -> 0 | W89: =SUMIF($K$2:$K$87,$K89,W$2:W$87) -> 1.3932218e+08 | X89: =SUMIF($K$2:$K$87,$K89,X$2:X$87) -> 2901.5481 | Y89: =SUMIF($K$2:$K$87,$K89,Y$2:Y$87) -> 3046.6255 | Z89: =SUMIF($K$2:$K$87,$K89,Z$2:Z$87) -> 3206.9742 | AA89: =SUMIF($K$2:$K$87,$K89,AA$2:AA$87) -> 0 | AB89: YES
B90: Single Asset | C90: Manufacturing | K90: Project B | L90: =SUMIF($K$2:$K$87,$K90,L$2:L$87)/14 -> 2020 | P90: =COUNTIF($K$2:$K$87,$K90) -> 14 | Q90: =SUMIF($K$2:$K$87,$K90,Q$2:Q$87)/14 -> 26865.3 | R90: =SUMIF($K$2:$K$87,$K90,R$2:R$87)/14 -> 25586 | S90: =SUMIF($K$2:$K$87,$K90,S$2:S$87)/14 -> 24306.7 | T90: =SUMIF($K$2:$K$87,$K90,T$2:T$87)/8 -> 0 | U90: =SUMIF($K$2:$K$87,$K90,U$2:U$87)/8 -> 0 | V90: =SUMIF($K$2:$K$87,$K90,V$2:V$87)/8 -> 0 | W90: =SUMIF($K$2:$K$87,$K90,W$2:W$87) -> 1.3025493e+08 | X90: =SUMIF($K$2:$K$87,$K90,X$2:X$87) -> 4848.4451 | Y90: =SUMIF($K$2:$K$87,$K90,Y$2:Y$87) -> 5090.8674 | Z90: =SUMIF($K$2:$K$87,$K90,Z$2:Z$87) -> 5358.8078 | AA90: =SUMIF($K$2:$K$87,$K90,AA$2:AA$87) -> 0 | AB90: YES
B91: Single Asset | C91: Storage and Distribution | K91: Project C | L91: =SUMIF($K$2:$K$87,$K91,L$2:L$87)/14 -> 2022 | P91: =COUNTIF($K$2:$K$87,$K91) -> 14 | Q91: =SUMIF($K$2:$K$87,$K91,Q$2:Q$87)/14 -> 5163.9 | R91: =SUMIF($K$2:$K$87,$K91,R$2:R$87)/14 -> 4918 | S91: =SUMIF($K$2:$K$87,$K91,S$2:S$87)/14 -> 4672.1 | T91: =SUMIF($K$2:$K$87,$K91,T$2:T$87)/8 -> 0 | U91: =SUMIF($K$2:$K$87,$K91,U$2:U$87)/8 -> 0 | V91: =SUMIF($K$2:$K$87,$K91,V$2:V$87)/8 -> 0 | W91: =SUMIF($K$2:$K$87,$K91,W$2:W$87) -> 22603454 | X91: =SUMIF($K$2:$K$87,$K91,X$2:X$87) -> 4377.206 | Y91: =SUMIF($K$2:$K$87,$K91,Y$2:Y$87) -> 4596.0663 | Z91: =SUMIF($K$2:$K$87,$K91,Z$2:Z$87) -> 4837.9645 | AA91: =SUMIF($K$2:$K$87,$K91,AA$2:AA$87) -> 0 | AB91: YES
B92: Single Asset | C92: Storage and Distribution | K92: Project D | L92: =SUMIF($K$2:$K$87,$K92,L$2:L$87)/14 -> 2022 | P92: =COUNTIF($K$2:$K$87,$K92) -> 14 | Q92: =SUMIF($K$2:$K$87,$K92,Q$2:Q$87)/14 -> 21178.5 | R92: =SUMIF($K$2:$K$87,$K92,R$2:R$87)/14 -> 20170 | S92: =SUMIF($K$2:$K$87,$K92,S$2:S$87)/14 -> 19161.5 | T92: =SUMIF($K$2:$K$87,$K92,T$2:T$87)/8 -> 0 | U92: =SUMIF($K$2:$K$87,$K92,U$2:U$87)/8 -> 0 | V92: =SUMIF($K$2:$K$87,$K92,V$2:V$87)/8 -> 0 | W92: =SUMIF($K$2:$K$87,$K92,W$2:W$87) -> 87831641 | X92: =SUMIF($K$2:$K$87,$K92,X$2:X$87) -> 4147.2078 | Y92: =SUMIF($K$2:$K$87,$K92,Y$2:Y$87) -> 4354.5682 | Z92: =SUMIF($K$2:$K$87,$K92,Z$2:Z$87) -> 4583.756 | AA92: =SUMIF($K$2:$K$87,$K92,AA$2:AA$87) -> 0 | AB92: YES
B93: Single Asset | C93: Manufacturing | K93: MIZA CMR 01 | L93: =SUMIF($K$2:$K$87,$K93,L$2:L$87)/14 -> 2024 | P93: =COUNTIF($K$2:$K$87,$K93) -> 14 | Q93: =SUMIF($K$2:$K$87,$K93,Q$2:Q$87)/14 -> 994.35 | R93: =SUMIF($K$2:$K$87,$K93,R$2:R$87)/14 -> 947 | S93: =SUMIF($K$2:$K$87,$K93,S$2:S$87)/14 -> 899.65 | T93: =SUMIF($K$2:$K$87,$K93,T$2:T$87)/8 -> 0 | U93: =SUMIF($K$2:$K$87,$K93,U$2:U$87)/8 -> 0 | V93: =SUMIF($K$2:$K$87,$K93,V$2:V$87)/8 -> 0 | W93: =SUMIF($K$2:$K$87,$K93,W$2:W$87) -> 7150797 | X93: =SUMIF($K$2:$K$87,$K93,X$2:X$87) -> 7191.4286 | Y93: =SUMIF($K$2:$K$87,$K93,Y$2:Y$87) -> 7551 | Z93: =SUMIF($K$2:$K$87,$K93,Z$2:Z$87) -> 7948.4211 | AA93: =SUMIF($K$2:$K$87,$K93,AA$2:AA$87) -> 0 | AB93: YES
B94: Single Asset | C94: Manufacturing | K94: MIZA CMR 08 | L94: =SUMIF($K$2:$K$87,$K94,L$2:L$87)/14 -> 2024 | P94: =COUNTIF($K$2:$K$87,$K94) -> 14 | Q94: =SUMIF($K$2:$K$87,$K94,Q$2:Q$87)/14 -> 4267.2 | R94: =SUMIF($K$2:$K$87,$K94,R$2:R$87)/14 -> 4064 | S94: =SUMIF($K$2:$K$87,$K94,S$2:S$87)/14 -> 3860.8 | T94: =SUMIF($K$2:$K$87,$K94,T$2:T$87)/8 -> 0 | U94: =SUMIF($K$2:$K$87,$K94,U$2:U$87)/8 -> 0 | V94: =SUMIF($K$2:$K$87,$K94,V$2:V$87)/8 -> 0 | W94: =SUMIF($K$2:$K$87,$K94,W$2:W$87) -> 25801705 | X94: =SUMIF($K$2:$K$87,$K94,X$2:X$87) -> 6046.5188 | Y94: =SUMIF($K$2:$K$87,$K94,Y$2:Y$87) -> 6348.8447 | Z94: =SUMIF($K$2:$K$87,$K94,Z$2:Z$87) -> 6682.9945 | AA94: =SUMIF($K$2:$K$87,$K94,AA$2:AA$87) -> 0 | AB94: YES
Q96: =SUM(Q3:Q87)/14-SUM(Q89:Q95) -> 0 | R96: =SUM(R3:R87)/14-SUM(R89:R95) -> 0 | S96: =SUM(S3:S87)/14-SUM(S89:S95) -> -1.3096724e-10 | T96: =SUM(T3:T87)/13-SUM(T89:T95) -> 0 | U96: =SUM(U3:U87)-SUM(U89:U95) -> 0 | V96: =SUM(V3:V87)-SUM(V89:V95) -> 0 | W96: =SUM(W3:W87)-SUM(W89:W95) -> 0 | X96: =SUM(X3:X87)-SUM(X89:X95) -> 0 | Y96: =SUM(Y3:Y87)-SUM(Y89:Y95) -> 0 | Z96: =SUM(Z3:Z87)-SUM(Z89:Z95) -> 0 | AA96: =SUM(AA3:AA87)-SUM(AA89:AA95) -> 0

Sheet Sheet1
B2: =COUNTIF(Data!$C$2:$C$87,Sheet1!B3)/14 -> 3 | C2: =COUNTIF(Data!$C$2:$C$87,Sheet1!C3)/14 -> 3
B3: Manufacturing | C3: Storage and Distribution | E3: Totals
A5: Facilitating Works | B5: =SUMIFS(Data!$W$2:$W$87,Data!$U$2:$U$87,Sheet1!$A5,Data!$C$2:$C$87,Sheet1!B$3) -> 2455306 | C5: =SUMIFS(Data!$W$2:$W$87,Data!$U$2:$U$87,Sheet1!$A5,Data!$C$2:$C$87,Sheet1!C$3) -> 2909849 | E5: =SUM(B5:D5) -> 5365155
A6: Substructure | B6: =SUMIFS(Data!$W$2:$W$87,Data!$U$2:$U$87,Sheet1!$A6,Data!$C$2:$C$87,Sheet1!B$3) -> 15935227 | C6: =SUMIFS(Data!$W$2:$W$87,Data!$U$2:$U$87,Sheet1!$A6,Data!$C$2:$C$87,Sheet1!C$3) -> 39873765 | E6: =SUM(B6:D6) -> 55808992
A7: Superstructure | B7: =SUMIFS(Data!$W$2:$W$87,Data!$U$2:$U$87,Sheet1!$A7,Data!$C$2:$C$87,Sheet1!B$3) -> 27564288 | C7: =SUMIFS(Data!$W$2:$W$87,Data!$U$2:$U$87,Sheet1!$A7,Data!$C$2:$C$87,Sheet1!C$3) -> 36375421 | E7: =SUM(B7:D7) -> 63939709
A8: Building External Envelope | B8: =SUMIFS(Data!$W$2:$W$87,Data!$U$2:$U$87,Sheet1!$A8,Data!$C$2:$C$87,Sheet1!B$3) -> 22051431 | C8: =SUMIFS(Data!$W$2:$W$87,Data!$U$2:$U$87,Sheet1!$A8,Data!$C$2:$C$87,Sheet1!C$3) -> 29100337 | E8: =SUM(B8:D8) -> 51151768
A9: Internal Walls and Doors | B9: =SUMIFS(Data!$W$2:$W$87,Data!$U$2:$U$87,Sheet1!$A9,Data!$C$2:$C$87,Sheet1!B$3) -> 5512857.7 | C9: =SUMIFS(Data!$W$2:$W$87,Data!$U$2:$U$87,Sheet1!$A9,Data!$C$2:$C$87,Sheet1!C$3) -> 7275084.2 | E9: =SUM(B9:D9) -> 12787942
A10: Internal Finishes | B10: =SUMIFS(Data!$W$2:$W$87,Data!$U$2:$U$87,Sheet1!$A10,Data!$C$2:$C$87,Sheet1!B$3) -> 8329895 | C10: =SUMIFS(Data!$W$2:$W$87,Data!$U$2:$U$87,Sheet1!$A10,Data!$C$2:$C$87,Sheet1!C$3) -> 9431418 | E10: =SUM(B10:D10) -> 17761313
A11: FF&E | B11: =SUMIFS(Data!$W$2:$W$87,Data!$U$2:$U$87,Sheet1!$A11,Data!$C$2:$C$87,Sheet1!B$3) -> 1900562 | C11: =SUMIFS(Data!$W$2:$W$87,Data!$U$2:$U$87,Sheet1!$A11,Data!$C$2:$C$87,Sheet1!C$3) -> 1885601 | E11: =SUM(B11:D11) -> 3786163
A12: Sanitary Fittings | B12: =SUMIFS(Data!$W$2:$W$87,Data!$U$2:$U$87,Sheet1!$A12,Data!$C$2:$C$87,Sheet1!B$3) -> 435255.93 | C12: =SUMIFS(Data!$W$2:$W$87,Data!$U$2:$U$87,Sheet1!$A12,Data!$C$2:$C$87,Sheet1!C$3) -> 339534.63 | E12: =SUM(B12:D12) -> 774790.56
A13: Services Equipment | B13: =SUMIFS(Data!$W$2:$W$87,Data!$U$2:$U$87,Sheet1!$A13,Data!$C$2:$C$87,Sheet1!B$3) -> 0 | C13: =SUMIFS(Data!$W$2:$W$87,Data!$U$2:$U$87,Sheet1!$A13,Data!$C$2:$C$87,Sheet1!C$3) -> 0 | E13: =SUM(B13:D13) -> 0
A14: Mechanical | B14: =SUMIFS(Data!$W$2:$W$87,Data!$U$2:$U$87,Sheet1!$A14,Data!$C$2:$C$87,Sheet1!B$3) -> 23503820 | C14: =SUMIFS(Data!$W$2:$W$87,Data!$U$2:$U$87,Sheet1!$A14,Data!$C$2:$C$87,Sheet1!C$3) -> 29380524 | E14: =SUM(B14:D14) -> 52884345
A15: Electrical | B15: =SUMIFS(Data!$W$2:$W$87,Data!$U$2:$U$87,Sheet1!$A15,Data!$C$2:$C$87,Sheet1!B$3) -> 19586517 | C15: =SUMIFS(Data!$W$2:$W$87,Data!$U$2:$U$87,Sheet1!$A15,Data!$C$2:$C$87,Sheet1!C$3) -> 24316412 | E15: =SUM(B15:D15) -> 43902929
A16: Conveying Systems | B16: =SUMIFS(Data!$W$2:$W$87,Data!$U$2:$U$87,Sheet1!$A16,Data!$C$2:$C$87,Sheet1!B$3) -> 0 | C16: =SUMIFS(Data!$W$2:$W$87,Data!$U$2:$U$87,Sheet1!$A16,Data!$C$2:$C$87,Sheet1!C$3) -> 0 | E16: =SUM(B16:D16) -> 0
... A18: General Requirements | B18: =SUMIFS(Data!$W$2:$W$87,Data!$U$2:$U$87,Sheet1!$A18,Data!$C$2:$C$87,Sheet1!B$3) -> 13567059 | C18: =SUMIFS(Data!$W$2:$W$87,Data!$U$2:$U$87,Sheet1!$A18,Data!$C$2:$C$87,Sheet1!C$3) -> 20177667 | E18: =SUM(B18:D18) -> 33744726
B20: =SUM(B5:B19) -> 1.6320743e+08 | C20: =SUM(C5:C19) -> 2.4975728e+08 | E20: =SUM(E5:E19) -> 4.1296471e+08
A22: Facilitating Works | B22: =B5/B$20 -> 0.015044082 | C22: =C5/C$20 -> 0.011650708 | E22: =E5/E$20 -> 0.0129918
A23: Substructure | B23: =B6/B$20 -> 0.097637875 | C23: =C6/C$20 -> 0.15965006 | E23: =E6/E$20 -> 0.13514228
A24: Superstructure | B24: =B7/B$20 -> 0.16889113 | C24: =C7/C$20 -> 0.14564309 | E24: =E7/E$20 -> 0.15483093
A25: Building External Envelope | B25: =B8/B$20 -> 0.13511291 | C25: =C8/C$20 -> 0.11651447 | E25: =E8/E$20 -> 0.12386474
A26: Internal Walls and Doors | B26: =B9/B$20 -> 0.033778226 | C26: =C9/C$20 -> 0.029128617 | E26: =E9/E$20 -> 0.030966185
A27: Internal Finishes | B27: =B10/B$20 -> 0.051038698 | C27: =C10/C$20 -> 0.037762335 | E27: =E10/E$20 -> 0.043009275
A28: FF&E | B28: =B11/B$20 -> 0.01164507 | C28: =C11/C$20 -> 0.007549734 | E28: =E11/E$20 -> 0.0091682482
A29: Sanitary Fittings | B29: =B12/B$20 -> 0.0026668879 | C29: =C12/C$20 -> 0.0013594584 | E29: =E12/E$20 -> 0.0018761665
A30: Services Equipment | B30: =B13/B$20 -> 0 | C30: =C13/C$20 -> 0 | E30: =E13/E$20 -> 0
A31: Mechanical | B31: =B14/B$20 -> 0.14401195 | C31: =C14/C$20 -> 0.11763631 | E31: =E14/E$20 -> 0.1280602
A32: Electrical | B32: =B15/B$20 -> 0.12000995 | C32: =C15/C$20 -> 0.097360174 | E32: =E15/E$20 -> 0.10631157
A33: Conveying Systems | B33: =B16/B$20 -> 0 | C33: =C16/C$20 -> 0 | E33: =E16/E$20 -> 0
... A35: General Requirements | B35: =B18/B$20 -> 0.083127702 | C35: =C18/C$20 -> 0.080789105 | E35: =E18/E$20 -> 0.08171334
A38: STRUCTURE | B38: =SUM(B22:B25) -> 0.41668599 | C38: =SUM(C22:C25) -> 0.43345833 | E38: =SUM(E22:E25) -> 0.42682975
A39: INTERNAL FIT-OUT | B39: =SUM(B26:B29) -> 0.099128882 | C39: =SUM(C26:C29) -> 0.075800145 | E39: =SUM(E26:E29) -> 0.085019876
A40: MEP | B40: =SUM(B30:B33) -> 0.2640219 | C40: =SUM(C30:C33) -> 0.21499648 | E40: =SUM(E30:E33) -> 0.23437178
A41: EXTEERNAL | B41: =B34 -> 0.13703552 | C41: =C34 -> 0.19495594 | E41: =E34 -> 0.17206526
A42: PRELIMS | B42: =B35 -> 0.083127702 | C42: =C35 -> 0.080789105 | E42: =E35 -> 0.08171334
B43: =SUM(B38:B42) -> 1 | C43: =SUM(C38:C42) -> 1 | E43: =SUM(E38:E42) -> 1
