Workbook

Sheet Fly-Bill 4
A22: BILL NO. 4
A24: PARKING FLOORS REFURBISHMENT

Sheet Bill 4 Concrete
A1: Item | B1: Description | C1: Quantity | D1: Unit | E1: Rate | F1: Amount
E2: AED | F2: AED
B4: CONCRETE WORK
B6: REINFORCED CONCRETE
B9: Note: Refer to the following:
B11: 1. Drawing Reference Nr. S-00011 and S-60001
B13: 2. Structures Specification dated 28 March 2022
B15: Plain poured concrete; compressive strength 15 MPa with cement type SRPC
A17: A | B17: Blinding; 100mm thick | C17: 78 | D17: m³ | E17: 395.25 | F17: =C17*E17 -> 30829.5
A19: B | B19: Concrete screed | C19: 5 | D19: m³ | E19: 563.21 | F19: =C19*E19 -> 2816.05
B21: Reinforced concrete; compressive strength 60 MPa with cement type CEM I+GGBS
A23: C | B23: Slab on grade; 200mm thick | C23: 273 | D23: m³ | E23: 404.64 | F23: =C23*E23 -> 110466.72
A25: D | B25: Suspended slab; 200mm thick | C25: 7 | D25: m³ | E25: 417.06 | F25: =C25*E25 -> 2919.42
A27: E | B27: Suspended slab; 300mm thick | C27: 45 | D27: m³ | E27: 417.06 | F27: =C27*E27 -> 18767.7
A29: F | B29: Suspended slab; 350mm thick | C29: 0 | D29: m³ | E29: 404.64 | F29: =C29*E29 -> 0
A31: G | B31: Suspended slab; 400mm thick | C31: 56 | D31: m³ | E31: 417.06 | F31: =C31*E31 -> 23355.36
A33: H | B33: Suspended slab; 450mm thick | C33: 0 | D33: m³ | E33: 417.06 | F33: =C33*E33 -> 0
A35: J | B35: Suspended slab; 700mm thick | C35: 0 | D35: m³ | E35: 417.06 | F35: =C35*E35 -> 0
A37: K | B37: Suspended slab; 900mm thick | C37: 0 | D37: m³ | E37: 417.06 | F37: =C37*E37 -> 0
A39: L | B39: Beams | C39: 0 | D39: m³ | E39: 408.53 | F39: =C39*E39 -> 0
A41: M | B41: Upstand | C41: 142 | D41: m³ | E41: 411.46 | F41: =C41*E41 -> 58427.32
A43: N | B43: Columns | C43: 156 | D43: m³ | E43: 411.46 | F43: =C43*E43 -> 64187.76
A45: P | B45: Columns; curved | C45: 21 | D45: m³ | E45: 411.46 | F45: =C45*E45 -> 8640.66
A47: Q | B47: Walls; 300mm thick | C47: 300 | D47: m³ | E47: 411.46 | F47: =C47*E47 -> 123438
C50: To Collection | E50: AED | F50: =SUM(F16:F48) -> 443848.49
B53: REINFORCED CONCRETE (Cont´d)
A55: A | B55: Walls; 350mm thick | C55: 218 | D55: m³ | E55: 411.46 | F55: =C55*E55 -> 89698.28
A57: B | B57: Walls; 450mm thick | C57: 64 | D57: m³ | E57: 411.46 | F57: =C57*E57 -> 26333.44
A59: C | B59: Walls; 600mm thick | C59: 0 | D59: m³ | E59: 411.46 | F59: =C59*E59 -> 0
B61: Reinforcement; various diameter; high yield deformed type 2; 460N/mm2; shall comply to ASTM 615 or BS4449
A63: D | B63: Slab on grade | C63: 36.11 | D63: t | E63: 4382.11 | F63: =C63*E63 -> 158237.99
A65: E | B65: Suspended slab | C65: 13.9 | D65: t | E65: 4431.91 | F65: =C65*E65 -> 61603.549
A67: F | B67: Beams | C67: 0 | D67: t | E67: 4431.91 | F67: =C67*E67 -> 0
A69: G | B69: Upstand | C69: 21.05 | D69: t | E69: 4431.91 | F69: =C69*E69 -> 93291.705
A71: H | B71: Columns | C71: 57.2 | D71: t | E71: 4431.91 | F71: =C71*E71 -> 253505.25
A73: J | B73: Walls | C73: 66.67 | D73: t | E73: 4431.91 | F73: =C73*E73 -> 295475.44
B75: Shuttering; including supports, finish and all ancillary works as necessary
A77: K | B77: Soffits of suspended slab | C77: 327 | D77: m² | E77: 135.71 | F77: =C77*E77 -> 44377.17
A79: L | B79: Sides and soffits of beams | C79: 0 | D79: m² | E79: 148.36 | F79: =C79*E79 -> 0
A81: M | B81: Sides of upstand | C81: 1170 | D81: m² | E81: 150.18 | F81: =C81*E81 -> 175710.6
A83: N | B83: Sides of columns | C83: 722 | D83: m² | E83: 138.34 | F83: =C83*E83 -> 99881.48
A85: P | B85: Sides of columns; curved | C85: 107 | D85: m² | E85: 236.5 | F85: =C85*E85 -> 25305.5
A87: Q | B87: Sides of walls | C87: 2528 | D87: m² | E87: 153.13 | F87: =C87*E87 -> 387112.64
A89: R | B89: Edges; not exceeding 300mm | C89: 80 | D89: m | E89: 44.51 | F89: =C89*E89 -> 3560.8
C97: To Collection | E97: AED | F97: =SUM(F53:F92) -> 1714093.8
B100: REINFORCED CONCRETE (Cont´d)
B102: Composite slab; including reinforcement and all ancillary as necessary
A104: A | B104: Type CS1; 150mm thick | C104: 4380 | D104: m² | E104: 287.49 | F104: =C104*E104 -> 1259206.2
A106: B | B106: 120mm thick | C106: 237 | D106: m² | E106: 274.98 | F106: =C106*E106 -> 65170.26
C146: To Collection | E146: AED | F146: =SUM(F100:F129) -> 1324376.5
B149: GENERALLY
A151: A | B151: Allow for any other works which are not included above and which are required to complete the Concrete Works in accordance with the Specification and the drawings (Tenderer to list below): | C151: 1 | D151: Item | F151: =C151*E151 -> 0
C192: To Collection | E192: AED | F192: =SUM(F150:F164) -> 0
B195: COLLECTION
B197: Page 4/C/1 | F197: =F50 -> 443848.49
B199: Page 4/C/2 | F199: =F97 -> 1714093.8
B201: Page 4/C/3 | F201: =F146 -> 1324376.5
B203: Page 4/C/4 | F203: =F192 -> 0
C242: Carried To Summary | E242: AED | F242: =SUM(F194:F212) -> 3482318.8

Sheet Bill 4 - Masonry
A1: Item | B1: Description | C1: Quantity | D1: Unit | E1: Rate | F1: Amount
E2: AED | F2: AED
B4: MASONRY
B6: WALLS AND PIERS
B8: Note: Refer to the following:
B10: 1. Drawing Reference Nr. A-700 to A-710 and A-962
B12: Hollow concrete block wall; bedded and jointed in cement and sand mortar; including damp proof courses, insulation, fire rating, mesh, grouts, lintels, posts, reinforcement, fixings, anchors, ties, accessories, plaster (measured separately) and all ancillary works as necessary
A14: A | B14: Type 2; 200mm thick; 2hour fire rated; RW55; to external | C14: 1,883 | D14: m² | E14: 170.19 | F14: =C14*E14 -> 320467.77
A16: B | B16: Type 2; 200mm thick; 2hour fire rated; RW55; to internal | C16: 4531 | D16: m² | E16: 153.63 | F16: =C16*E16 -> 696097.53
C43: To Collection | E43: AED | F43: =SUM(F8:F39) -> 1016565.3
B46: GENERALLY
B48: Allow for any other works which are not included above and which are required to complete the Masonry in accordance with the Specification and the drawings (Tenderer to list below): | D48: Item | F48: =C48*E48 -> 0
B50: Thermal insulated blockwall enclosing skylight well / void from Level 3 up to skylights (A317, A318 and A319)
A51: A | B51: 200mm thick; Type 2 | C51: 1560 | D51: m² | E51: 238.27 | F51: =+C51*E51 -> 371701.2
B54: Quantity Adjustments
A56: B | B56: Variance in quantity following in-house Quantity Take Off | C56: 1 | D56: item | F56: =+C56*E56 -> 0
C86: To Collection | E86: AED | F86: =SUM(F47:F82) -> 371701.2
B89: COLLECTION
B91: Page 4/D/1 | F91: =F43 -> 1016565.3
B93: Page 4/D/2 | F93: =F86 -> 371701.2
C136: To Collection | E136: AED | F136: =SUM(F88:F123) -> 1388266.5

Sheet Bill 4 Woodwork
A1: Item | B1: Description | C1: Quantity | D1: Unit | E1: Rate | F1: Amount | G1: VE Ref.
E2: AED | F2: AED
B4: WOODWORK
B6: COMPOSITE ITEMS
B8: Note: Refer to the following:
B10: 1. Interior FF&E Schedule and Mood Boards dated April 2022
B12: 2. Drawing Reference Nr. ID-600 series
B14: Wheelchair self service cabinet; comprising solid countertop type SS-02, stainless steel panel type MT-06, plastic laminate strip laminate type PL-04, metal skirting and fascia type MT-02; including signage (by Others), fixings and all ancillary works as necessary
A16: A | B16: I-WCS-01; overall size 1106 x 1153 x 1530mm high | C16: 18 | D16: Nr. | E16: 3470.44 | F16: =C16*E16 -> 62467.92 | G16: EM-24
B18: FHC cabinet; including stainless steel doors, finishes, metal skirting, backing, ironmongery, fixings and all ancillary works as necessary
A20: B | B20: Overall size 800 x 350 x 1800mm high | C20: 177 | D20: Nr. | E20: 613.86 | F20: =C20*E20 -> 108653.22
A22: C | B22: Skirting; 100mm high; type MT-02 | C22: 266 | D22: m | E22: 214.58 | F22: =C22*E22 -> 57078.28
A24: D | B24: To walls; white metal type MT-08 | C24: 922 | D24: m² | E24: 1648.89 | F24: =C24*E24 -> 1520276.6
B39: ** VE Reference "EM-" denotes items raised by Client in the VE Schedule
C41: To Collection | E41: AED | F41: =SUM(F14:F34) -> 1748476
B44: GENERALLY
B46: Allow for any other works which are not included above and which are required to complete the Woodwork in accordance with the Specification and the drawings (Tenderer to list below): | D46: Item | F46: =C46*E46 -> 0
B48: Quantity Adjustments
A50: A | B50: Variance in quantity following in-house Quantity Take Off | C50: 1 | D50: item | F50: =C50*E50 -> 0
C86: To Collection | E86: AED | F86: =SUM(F45:F62) -> 0
B89: COLLECTION
B91: Page 4/F/1 | F91: =F41 -> 1748476
B93: Page 4/F/2 | F93: =F86 -> 0
C137: Carried To Summary | E137: AED | F137: =SUM(F89:F113) -> 1748476

Sheet Bill 4 - Thermal and Moisture
A1: Item | B1: Description | C1: Quantity | D1: Unit | E1: Rate | F1: Amount
E2: AED | F2: AED
B4: THERMAL AND MOISTURE PROTECTION
B6: COVERINGS AND LININGS
B8: Note: Refer to the following:
B10: 1. Drawing Reference Nr. S-00011 and S-60001
B12: 2. Structures Specification dated 28 March 2022
B14: Cold-applied waterproofing system; including surface preparation and all ancillary works as necessary; as Detail 8 Drawing Nr. A-951
A16: A | B16: To wet areas | C16: 1,038 | D16: m² | E16: 23.69 | F16: =C16*E16 -> 24590.22
A18: B | B18: Turning-ups / skirting; 200mm high | C18: 1,234 | D18: m | E18: 10.77 | F18: =C18*E18 -> 13290.18
B20: Waterproofing; including surface preparation, protection, accessories and all ancillary works as necessary
A22: C | B22: Waterproofing membrane; to slab on grade | C22: 779 | D22: m² | E22: 37.69 | F22: =C22*E22 -> 29360.51
C48: To Collection | E48: AED | F48: =SUM(F11:F40) -> 67240.91
B51: GENERALLY
A53: A | B53: Allow for any other works which are not included above and which are required to complete the Thermal and Moisture Protection in accordance with the Specification and the drawings (Tenderer to list below): | D53: Item | F53: =C53*E53 -> 0
A55: B | B55: 3mm thick protectiob board to vertical surfaces | C55: 5 | D55: m² | E55: 22.62 | F55: =C55*E55 -> 113.1
B58: Quantity Adjustments
A60: C | B60: Variance in quantity following in-house Quantity Take Off | C60: 1 | D60: item | F60: =C60*E60 -> 0
C93: To Collection | E93: AED | F93: =SUM(F51:F67) -> 113.1
B96: COLLECTION
B98: Page 4/G/1 | F98: =F48 -> 67240.91
B100: Page 4/G/2 | F100: =F93 -> 113.1
C143: Carried To Summary | E143: AED | F143: =SUM(F96:F117) -> 67354.01

Sheet Bill 4 Doors and Windows
A1: Item | B1: Description | C1: Quantity | D1: Unit | E1: Rate | F1: Amount | G1: VE Ref.
E2: AED | F2: AED
B4: DOORS AND WINDOWS
B6: DOORS
B8: Note: Refer to the following
B10: 1. Drawing Reference Nr. ID-900 series, A-800 to A-801
B12: Hollow metal doors and frames; building into brick, block concrete walls and gypsum partitions; including ironmongery (measured separately), finishes, architrave, weatherstripping and all necessary fixings and accessories
A14: A | B14: Type DS-04; 1100 x 2200mm high; single leaf door | C14: 12 | D14: Nr. | E14: 1967.57 | F14: =C14*E14 -> 23610.84
A16: B | B16: Type DS-06; 1200 x 2200mm high; single leaf door | C16: 8 | D16: Nr. | E16: 2156.03 | F16: =C16*E16 -> 17248.24
A18: C | B18: Type DS-08; 1600 x 2200mm high; double leaf door | C18: 10 | D18: Nr. | E18: 3077.89 | F18: =C18*E18 -> 30778.9
A20: D | B20: Type DS-10; 1800 x 2200mm high; double leaf door; FR-90min. | C20: 0 | D20: Nr. | E20: 3240.51 | F20: =C20*E20 -> 0
A22: E | B22: Type DS-12; 1250 x 2140mm high; single leaf door | C22: 1 | D22: Nr. | E22: 2188.34 | F22: =C22*E22 -> 2188.34
A24: F | B24: Type DS-17; 2000 x 2200mm high; double leaf door | C24: 4 | D24: Nr. | E24: 3222.2 | F24: =C24*E24 -> 12888.8
A26: G | B26: Type GR-502; 1800 x 2140mm | C26: 1 | D26: Nr. | E26: 3168.36 | F26: =C26*E26 -> 3168.36
A28: H | B28: 1800 x 2140mm high (assumed as metal door) | C28: 5 | D28: Nr. | E28: 3168.36 | F28: =C28*E28 -> 15841.8
A30: J | B30: 1100 x 2140mm high (assumed as metal door) | C30: 6 | D30: Nr. | E30: 1956.8 | F30: =C30*E30 -> 11740.8
A32: K | B32: 1250 x 2140mm high (assumed as metal door) | C32: 3 | D32: Nr. | E32: 2188.34 | F32: =C32*E32 -> 6565.02
A34: L | B34: 1250 x 2923mm high (assumed as metal door) | C34: 1 | D34: Nr. | E34: 2640.66 | F34: =C34*E34 -> 2640.66
C41: To Collection | E41: AED | F41: =SUM(F13:F37) -> 126671.76
B44: DOORS (Cont´d)
B46: Glass doors; building into brick, block concrete walls and gypsum partitions; including sliding door system, frames, ironmongery, finishes, architrave, weatherstripping and all necessary fixings and accessories
A48: A | B48: Type DG-01; 4100 x 2286mm high | C48: 6 | D48: Nr. | E48: 38091.45 | F48: =C48*E48 -> 228548.7
A50: B | B50: Type DG-02; 1473 x 2896mm high | C50: 2 | D50: Nr. | E50: 8062.03 | F50: =C50*E50 -> 16124.06
A52: C | B52: 1200 x 3373mm high (assumed as glass door) | C52: 1 | D52: Nr. | E52: 7649.37 | F52: =C52*E52 -> 7649.37
A54: D | B54: 4267 x 4267mm high (assumed as glass door) | C54: 1 | D54: Nr. | E54: 34414.29 | F54: =C54*E54 -> 34414.29
B56: SCREENS / CURTAIN WALLS
B58: Glass wall; including extruded mullion profile, gaskets, thermal insulation, waterproofing membrane, ironmongery, accessories and all ancillary works as necessary
A60: E | B60: To parking lobby | C60: 126 | D60: m² | E60: 6001.92 | F60: Refer to Bill No. 6 - Provisional Sum | G60: PTC26
A62: F | B62: Extra over sliding door; size 2000 x 22000mm including mechanism | C62: 2 | D62: Nr. | E62: 33317.83 | F62: Refer to Bill No. 6 - Provisional Sum | G62: PTC26
C84: To Collection | E84: AED | F84: =SUM(F46:F70) -> 286736.42
B87: IRONMONGERY
B89: Ironmongery; for metal doors; including all ancillary works as necessary
A91: A | B91: Type DS-04; 1100 x 2200mm high; single leaf door | C91: 12 | D91: Nr. | E91: 3755.29 | F91: =C91*E91 -> 45063.48
A93: B | B93: Type DS-06; 1200 x 2200mm high; single leaf door | C93: 8 | D93: Nr. | E93: 3792.98 | F93: =C93*E93 -> 30343.84
A95: C | B95: Type DS-08; 1600 x 2200mm high; double leaf door | C95: 10 | D95: Nr. | E95: 2806.51 | F95: =C95*E95 -> 28065.1
A97: D | B97: Type DS-10; 1800 x 2200mm high; double leaf door; FR-90min. | C97: 0 | D97: Nr. | E97: 2986.35 | F97: =C97*E97 -> 0
A99: E | B99: Type DS-12; 1250 x 2140mm high; single leaf door | C99: 1 | D99: Nr. | E99: 4838.69 | F99: =C99*E99 -> 4838.69
A101: F | B101: Type DS-17; 2000 x 2200mm high; double leaf door | C101: 4 | D101: Nr. | E101: 2553.42 | F101: =C101*E101 -> 10213.68
A103: G | B103: Type GR-502; 1800 x 2140mm | C103: 1 | D103: Nr. | E103: 900.32 | F103: =C103*E103 -> 900.32
A105: H | B105: 1800 x 2140mm high (assumed as metal door) | C105: 5 | D105: Nr. | E105: 900.32 | F105: =C105*E105 -> 4501.6
A107: J | B107: 1100 x 2140mm high (assumed as metal door) | C107: 6 | D107: Nr. | E107: 1468.95 | F107: =C107*E107 -> 8813.7
A109: K | B109: 1250 x 2140mm high (assumed as metal door) | C109: 3 | D109: Nr. | E109: 751.7 | F109: =C109*E109 -> 2255.1
A111: L | B111: 1250 x 2923mm high (assumed as metal door) | C111: 1 | D111: Nr. | E111: 768.94 | F111: =C111*E111 -> 768.94
C128: To Collection | E128: AED | F128: =SUM(F89:F115) -> 135764.45
B131: GENERALLY
B133: Allow for any other works which are not included above and which are required to complete the Doors and Windows in accordance with the Specification and the drawings (Tenderer to list below): | D133: Item | F133: =C133*E133 -> 0
B135: FIRE CURTAINS
A137: A | B137: 2-hour rated fire curtains to lift and escalator lobbies glass enclosures | C137: 1 | D137: item | E137: 0 | F137: Deleted - Please Refer to Client VE Item 56 | G137: EM-56
B140: Quantity Adjustments
A142: B | B142: Variance in quantity following in-house Quantity Take Off | C142: 1 | D142: item | F142: =C142*E142 -> 0
B169: ** VE Reference "EM-" denotes items raised by Client in the VE Schedule
C171: To Collection | E171: AED | F171: =SUM(F131:F153) -> 0
B174: COLLECTION
B176: Page 4/H/1 | F176: =F41 -> 126671.76
B178: Page 4/H/2 | F178: =F84 -> 286736.42
B180: Page 4/H/3 | F180: =F128 -> 135764.45
B182: Page 4/H/4 | F182: =F171 -> 0
C222: Carried To Summary | E222: AED | F222: =SUM(F174:F198) -> 549172.63

Sheet Bill 4 - Finishes
A1: Item | B1: Description | C1: Quantity | D1: Unit | E1: Rate | F1: Amount | G1: VE Ref.
E2: AED | F2: AED
B4: FINISHES
B6: BACKGROUNDS
B8: Note: Refer to the following
B10: 1. Typical Detail Reference No. ID-500 series, A-951 to 953
B12: 2. Room finishes schedule Reference No. A-820
B14: 3. Material Schedule G-004
B16: 4. Drawings listed on Drawing Nr. ID-000 and G-001, all inclusive
B18: 5. Interior Architectural Specification Document 000110 dated 22 April 2022, all inclusive
B20: Sand cement screed; including surface preparation and all ancillary works as necessary
A22: A | B22: Screed; to receive tile | C22: 7433 | D22: m² | E22: 69.77 | F22: =C22*E22 -> 518600.41
A24: B | B24: Screed; to receive epoxy paint | C24: 1937 | D24: m² | E24: 73.77 | F24: =C24*E24 -> 142892.49
B26: Cement plaster; including surface preparation and all ancillary works as necessary
A28: C | B28: Wall plaster; 15mm thick; to receive tiles | C28: 1990 | D28: m² | E28: 48.05 | F28: =C28*E28 -> 95619.5
A30: D | B30: Wall plaster; 15mm thick; to receive paint | C30: 2953 | D30: m² | E30: 48.05 | F30: =C30*E30 -> 141891.65 | G30: EM-18 EM-20
B41: ** VE Reference "EM-" denotes items raised by Client in the VE Schedule
C43: To Collection | E43: AED | F43: =SUM(F20:F40) -> 899004.05
B46: INTERNAL FINISHINGS
B48: Note: Refer to the following
B50: 1. Typical Detail Reference No. ID-500 series, A-951 to 953
B52: 2. Room finishes schedule Reference No. A-820
B54: 3. Material Schedule G-004
B56: 4. Drawings listed on Drawing Nr. ID-000 and G-001, all inclusive
B58: 5. Interior Architectural Specification Document 000110 dated 22 April 2022, all inclusive
B60: Full bodied anti-slip floor tiles; laid on cement and sand screed (measured separately); including adhesive mortar, grout, joint and edge treatment sealer and all ancillary works as necessary
A62: A | B62: Type PC-01; 9mm thick | C62: 1,184 | D62: m² | E62: 177.82 | F62: =C62*E62 -> 210538.88 | G62: EM-17
A64: B | B64: Skirting; type PC-01 | C64: 590 | D64: m | E64: 74.67 | F64: =C64*E64 -> 44055.3 | G64: EM-17
B66: Porcelain floor tiles; laid on cement and sand screed (measured separately); including adhesive mortar, grout, joint and edge treatment sealer and all ancillary works as necessary
A68: C | B68: Type TL-01/TL-02/TL-03; 10mm thick | C68: 4458 | D68: m² | E68: 218.91 | F68: =C68*E68 -> 975900.78 | G68: EM-17
A70: D | B70: Type TL-06; 600 x 600 x 10mm thick | C70: 1792 | D70: m² | E70: 220.27 | F70: =C70*E70 -> 394723.84 | G70: EM-17
A72: E | B72: Skirting; type TL-01/TL-02/TL-03; 100mm high | C72: 20 | D72: m | E72: 111.26 | F72: =C72*E72 -> 2225.2 | G72: EM-17
A74: F | B74: Skirting; type TL-06; 100mm high | C74: 9 | D74: m | E74: 111.09 | F74: =C74*E74 -> 999.81 | G74: EM-17
B76: Stainless steel skirting; including adhesive, fixings and all ancillary works as necessary
B78: ** VE Reference "EM-" denotes items raised by Client in the VE Schedule
C80: To Collection | E80: AED | F80: =SUM(F60:F76) -> 1628443.8
B83: INTERNAL FINISHINGS (Cont´d)
A85: A | B85: Type MT-01; 100mm high | C85: 54 | D85: m | E85: 350.11 | F85: =C85*E85 -> 18905.94
A87: B | B87: Type MT-02; 100mm high; in dark grey color; T22 Onyx Black Grane FPR finish | C87: 555 | D87: m | E87: 214.58 | F87: =C87*E87 -> 119091.9
B89: Full bodied anti-slip floor tiles; render on cement and sand plaster (measured separately); including adhesive mortar, grout, joint and edge treatment sealer and all ancillary works as necessary
A91: C | B91: Type PC-01; 9mm thick | C91: 410 | D91: m² | E91: 177.82 | F91: =C91*E91 -> 72906.2 | G91: EM-17
B93: Porcelain wall tiles; render on cement plaster (measured separately); including adhesive mortar, grout, joint and edge treatment sealer and all ancillary works as necessary
A95: D | B95: Type TL-01; 600 x 300 x 10mm thick | C95: 1689 | D95: m² | E95: 224.16 | F95: =C95*E95 -> 378606.24 | G95: EM-17
A97: E | B97: Type TL-06; 600 x 300 x 10mm thick | C97: 300 | D97: m² | E97: 244.36 | F97: =C97*E97 -> 73308 | G97: EM-17
B99: Stainless steel wall panel; including supports, fixings and all ancillary works as necessary
A101: F | B101: Type MT-02; 20mm thick; dark grey metal; in T22 onyx black granex FPR finish | C101: 41 | D101: m² | E101: 3399.42 | F101: =C101*E101 -> 139376.22
B103: Glass wall; including fixings and all ancillary works as necessary
A105: G | B105: 2500mm high | C105: 322 | D105: m | E105: 17436.79 | F105: Refer to Bill No. 6 - Provisional Sum | G105: PTC26
B107: Graphic wall; including fixings and all ancillary works as necessary
A108: H | B108: 2500mm high | C108: 13 | D108: m | F108: Refer to Bill No. 6 - Provisional Sum
B110: Hammered metal ceiling; fixed to gypsum board (measured separately)
A111: J | B111: Type MT-05 | C111: 780 | D111: m² | E111: 1265.37 | F111: =C111*E111 -> 986988.6 | G111: MC-08
B113: ** VE Reference "EM-" denotes items raised by Client in the VE Schedule and "MC-" denotes items raised by Dutco in the VE Schedule
C115: To Collection | E115: AED | F115: =SUM(F83:F113) -> 1789183.1
B118: SUSPENDED CEILINGS
B120: Note: Refer to the following
B122: 1. Drawing Reference Nr. ID-300 series, all inclusive
B124: 2. Drawing Reference Nr. ID-500 series, all inclusive
B126: 3. Architectural Specification dated April 22, 2022
B128: Tegular layin ceiling system; in mineral fiber grid ceilings; acoustically treated; semi matt finished; including proprietary ceiling suspension system, access panel, aluminum corner bead, accessories, shadow gaps and all ancillary works as necessary
A130: A | B130: Type MF-01; 600 x 600mm; not exceeding 500mm | C130: 773 | D130: m² | E130: 326.51 | F130: =C130*E130 -> 252392.23
B132: Gypsum board ceiling; including ceiling suspension system, shadow gap, trims, access panels and all necessary fixings and accessories
A134: B | B134: Ceilings; not exceeding 500mm | C134: 6419 | D134: m² | E134: 73.59 | F134: =C134*E134 -> 472374.21
A136: C | B136: Bulkhead; 50mm high | C136: 570 | D136: m | E136: 47.31 | F136: =C136*E136 -> 26966.7
A138: D | B138: Bulkhead; 50mm high; curved | C138: 110 | D138: m | E138: 89.36 | F138: =C138*E138 -> 9829.6
A140: E | B140: Lightcove; 400mm total girth | C140: 243 | D140: m | E140: 126.16 | F140: =C140*E140 -> 30656.88
C154: To Collection | E154: AED | F154: =SUM(F126:F149) -> 792219.62
B157: DECORATIONS
B159: Note: Refer to the following
B161: 1. Typical Detail Reference No. ID-500 series, A-951 to 953
B163: 2. Room finishes schedule Reference No. A-820
B165: 3. Material Schedule G-004
B167: 4. Drawings listed on Drawing Nr. ID-000 and G-001, all inclusive
B169: 5. Interior Architectural Specification Document 000110 dated 22 April 2022, all inclusive
B171: Epoxy paint; including surface preparation, prime, finish coat and all ancillary works as necessary
A173: A | B173: Type EP-01; to floors | C173: 1937 | D173: m² | E173: 33.76 | F173: =C173*E173 -> 65393.12
A175: B | B175: Type EP-01; to walls | C175: 1571 | D175: m² | E175: 35.81 | F175: =C175*E175 -> 56257.51
A177: C | B177: Skirting; type EP-101; 100mm high | C177: 605 | D177: m | E177: 14.32 | F177: =C177*E177 -> 8663.6
B179: Paint; including surface preparation, prime, finish coat and all ancillary works as necessary
A181: D | B181: Type PT-01; to plastered walls | C181: 1240 | D181: m² | E181: 15.51 | F181: =C181*E181 -> 19232.4
A183: E | B183: Type PT-01; to slab soffit | C183: 1713 | D183: m² | E183: 15.51 | F183: =C183*E183 -> 26568.63
A185: F | B185: Type PT-01; to gypsum ceiling | C185: 6487 | D185: m² | E185: 15.51 | F185: =C185*E185 -> 100613.37
A187: G | B187: Type PT-01; to bulkhead | C187: 34 | D187: m² | E187: 15.51 | F187: =C187*E187 -> 527.34
A189: H | B189: Type PT-01; to lightcove | C189: 97 | D189: m² | E189: 15.51 | F189: =C189*E189 -> 1504.47
C198: To Collection | E198: AED | F198: =SUM(F171:F192) -> 278760.44
B201: GENERALLY
B203: Allow for any other works which are not included above and which are required to complete the Finishes in accordance with the Specification and the drawings (Tenderer to list below):
B205: Demolition
A207: A | B207: Removal of existing floor finishes for lift and escalator lobbies at parking | C207: 5114 | D207: m² | E207: 114.38 | F207: =C207*E207 -> 584939.32
A209: B | B209: Removal of existing Wall finishes for lift and escalator lobbies at parking | C209: 1492 | D209: m² | E209: 114.38 | F209: =C209*E209 -> 170654.96
A211: C | B211: Removal of existing Ceiling finishes for lift and escalator lobbies at parking | C211: 5282 | D211: m² | E211: 21.81 | F211: =C211*E211 -> 115200.42
B213: Finishes
B215: Cement plaster; including surface preparation and all ancillary works as necessary
A217: D | B217: Wall plaster; 15mm thick; to receive paint (to skylight well / void from Level 3 up to skylights -A317, A318 and A319) | C217: 1560 | D217: m² | E217: 48.05 | F217: =C217*E217 -> 74958
B219: Paint; including surface preparation, prime, finish coat and all ancillary works as necessary
A221: E | B221: Type PT-01; to plastered walls (to skylight well / void from Level 3 up to skylights -A317, A318 and A319) | C221: 1560 | D221: m² | E221: 15.51 | F221: =C221*E221 -> 24195.6
B223: Glass wall; including fixings and all ancillary works as necessary
A225: F | B225: 2500mm high | C225: 1 | D225: m | E225: 17436.79 | F225: Rate Only - Refer P/Sum | G225: PTC 26
B227: Quantity Adjustments
B229: Variance in quantity following in-house Quantity Take Off | C229: 1 | D229: item | F229: =C229*E229 -> 0
...

Sheet Bill 4 - Accessories
A1: Item | B1: Description | C1: Quantity | D1: Unit | E1: Rate | F1: Amount | G1: VE Ref.
E2: AED | F2: AED
B4: ACCESSORIES
B6: PARTITIONS
B8: Note: Refer to the following:
B10: 1. Drawing Reference Nr. A-700 to A-710 and A-962
B12: Drywall partition; including metal studs, supports and all ancillary works as necessary
A14: A | B14: Type 3; 150mm thick; to external | C14: 124 | D14: m² | E14: 252.32 | F14: =C14*E14 -> 31287.68
A16: B | B16: Type 3; 150mm thick; to internal | C16: 1,250 | D16: m² | E16: 189.24 | F16: =C16*E16 -> 236550
A18: C | B18: Allow cubicle partition to B1 male staff toilet | D18: Item | F18: 22221.58
A20: D | B20: Allow cubicle partition to B1 female staff toilet | D20: Item | F20: 38887.76
A22: E | B22: Allow urinal partition to B1 male staff toilet | C22: 1 | D22: Item | E22: 10230.93 | F22: =C22*E22 -> 10230.93
C50: To Collection | E50: AED | F50: =SUM(F10:F33) -> 339177.95
B53: SANITARY ACCESSORIES
A55: A | B55: Allow sanitary accessories to B1 male staff toilet | C55: 1 | D55: Item | E55: 38930.95 | F55: =C55*E55 -> 38930.95 | G55: EM-41
A57: B | B57: Allow sanitary accessories to B1 female staff toilet | C57: 1 | D57: Item | E57: 38262.42 | F57: =C57*E57 -> 38262.42 | G57: EM-41
B96: ** VE Reference "EM-" denotes items raised by Client in the VE Schedule
C98: To Collection | E98: AED | F98: =SUM(F52:F75) -> 77193.37
B101: PARKING ACCESSORIES
B103: Note : refer to the following
B105: 1. Drawing Reference Nr. A-950
B107: Parking accessories; including all ancillary works as necessary
A109: A | B109: Parking space line - ADA; 2700 x 5500mm | C109: 182 | D109: Nr.
A111: B | B111: Single parking space line; 2500 x 5500mm | C111: 48 | D111: Nr. | F111: =C111*E111 -> 0
A113: C | B113: Single parking space line; 2700 x 5500mm | C113: 3,518 | D113: Nr. | F113: Included in Provisional Sum (Bill No. 6) as clarified
A115: D | B115: Single parking space line; motor bike; 1500 x 5500mm | C115: 103 | D115: Nr. | F115: =C115*E115 -> 0
A117: E | B117: Direction arrows | C117: 144 | D117: Nr. | F117: =C117*E117 -> 0
A119: F | B119: Roof ladder | C119: 2 | D119: Nr. | E119: 7000.11 | F119: =C119*E119 -> 14000.22
A121: G | B121: Wheel stopper | C121: 3,851 | D121: Nr. | F121: Included in Provisional Sum (Bill No. 6) as clarified
A123: H | B123: Column guards | D123: Item | F123: Included in Provisional Sum (Bill No. 6) as clarified
A125: J | B125: Column guards (RATE ONLY) | D125: Nr. | E125: 118.46 | F125: =C125*E125 -> 0
A127: K | B127: Crash guards; 4m long x 200mm high; high impact resistance rubber profiled fixed to wall with chemical anchor | D127: Item | F127: Included in Provisional Sum (Bill No. 6) as clarified
A129: L | B129: Crash guards; 4m long x 200mm high; high impact resistance rubber profiled fixed to wall with chemical anchor (RATE ONLY) | D129: Nr. | E129: 1206.17 | F129: =C129*E129 -> 0
A131: M | B131: Speed humps | D131: Item | F131: Included in Provisional Sum (Bill No. 6) as clarified
A133: N | B133: Speed humps (RATE ONLY) | D133: Nr. | E133: 236.93 | F133: =C133*E133 -> 0
C136: To Collection | E136: AED | F136: =SUM(F106:F134) -> 14000.22
B139: SIGNAGE AND WAYFINDING
B141: Note: Refer to the following
B143: 1. 100% Detailed Design - EGD, Project Sign Type Family Sheet No. G-2
B145: Interior Signage
B147: Wall mounted signage; comprising aluminum sign cabinet with internal structure and push-through acrylic letters and graphics with internal LED illumination including ancillary works complete as described in the specification; as Sheet G-12 Upper Roof Signage Location Plan
A149: A | B149: Type p01; parking entry / exit ID; size 700 x 3800 x 300mm | C149: 1 | D149: Nr | E149: 5745.47 | F149: =C149*E149 -> 5745.47
B151: Wall mounted signage; comprising aluminum sign panel, internal structure including ancillary works complete as described in the specification; as Sheet G-9 B1 Signage Location Plan to Sheet G-12 Upper Roof Signage Location Plan
A153: B | B153: Type i08; elevator level ID; size 750 x 450 x 20mm | C153: 38 | D153: Nr | E153: 1034.19 | F153: =C153*E153 -> 39299.22
B155: Ceiling mounted signage; comprising double-sided sign panel with acrylic faces, internal aluminum structure including ancillary works complete as described in the specification; as Sheet G-9 B1 Signage Location Plan to Sheet G-12 Upper Roof Signage Location Plan
A157: C | B157: Type p02; primary vehicular directional signs; size 400 x 2100 x 100mm | C157: 143 | D157: Nr | E157: 2037.03 | F157: =C157*E157 -> 291295.29
C168: To Collection | E168: AED | F168: =SUM(F147:F162) -> 336339.98
B171: SIGNAGE AND WAYFINDING (Cont´d)
B173: Floor mounted signage; comprising double-sided sign panel with acrylic faces, internal aluminum structure including ancillary works complete as described in the specification; as Sheet G-12 Upper Roof Signage Location Plan
A175: A | B175: Type p02.1; primary vehicular directional signs; size 1200 x 900 mm | C175: 15 | D175: Nr | E175: 2611.58 | F175: =C175*E175 -> 39173.7
B177: Painted graphics to existing columns including ancillary works complete as described in the specification; as Sheet G-9 B1 Signage Location Plan to Sheet G-11 Lower Roof Signage Location Plan
A179: B | B179: Type p03; column ID; 850mm high | C179: 840 | D179: Nr | E179: 156.69 | F179: =C179*E179 -> 131619.6
B181: Digitally printed wall graphic applied directly to walls including ancillary works complete as described in the specification; as Sheet G-9 B1 Signage Location Plan to Sheet G-12 Upper Roof Signage Location Plan
A183: C | B183: Type p04; wall graphics /directional signs; size 2600 x 4100mm | C183: 30 | D183: Nr | E183: 2193.73 | F183: =C183*E183 -> 65811.9
B185: Digitally printed glass graphic applied directly to glass walls including ancillary works complete as described in the specification; as Sheet G-9 B1 Signage Location Plan to Sheet G-12 Upper Roof Signage Location Plan
A187: D | B187: Type p05; glass graphics; size 850 x 3900mm | C187: 17 | D187: Nr | E187: 407.41 | F187: =C187*E187 -> 6925.97
C200: To Collection | E200: AED | F200: =SUM(F173:F193) -> 243531.17
B203: SIGNAGE AND WAYFINDING (Cont´d)
B205: Floor mounted signage; comprising aluminum pylon with applied aluminum letter forms with acrylic faces, internal structure, and LED illumination including ancillary works complete as described in the specification; as Sheet G-1 B2 Signage Location Plan
A207: A | B207: Type p06; valet ID signs; size 1800 x 200 x 200mm | C207: 2 | D207: Nr | E207: 3278.48 | F207: =C207*E207 -> 6556.96
B209: Floor mounted signage; comprising aluminum cabinet with applied aluminum letter forms with acrylic faces, internal structure, LED illumination, and digital parking space counter display boards including ancillary works complete as described in the specification; as Sheet G-9 B1 Signage Location Plan
A211: B | B211: Type p07; parking space level ID; size 1000 x 400 x 100mm | C211: 3 | D211: Nr | E211: 301.28 | F211: =C211*E211 -> 903.84
C237: To Collection | E237: AED | F237: =SUM(F205:F220) -> 7460.8
B240: GENERALLY
A242: A | B242: Allow for any other works which are not included above and which are required to complete the Accessories in accordance with the Specification and the drawings (Tenderer to list below): | D242: Item | F242: =C242*E242 -> 0
A245: B | B245: Variance in quantity following in-house Quantity Take Off | C245: 1 | D245: Item | F245: =+E245*C245 -> 0
C283: To Collection | E283: AED | F283: =SUM(F241:F255) -> 0
B286: COLLECTION
B288: Page 4/K/1 | F288: =F50 -> 339177.95
B290: Page 4/K/2 | F290: =F98 -> 77193.37
B292: Page 4/K/3 | F292: =F136 -> 14000.22
B294: Page 4/K/4 | F294: =F168 -> 336339.98
B296: Page 4/K/5 | F296: =F200 -> 243531.17
B298: Page 4/K/6 | F298: =F237 -> 7460.8
B300: Page 4/K/7 | F300: =F283 -> 0
C333: Carried To Summary | E333: AED | F333: =SUM(F285:F307) -> 1017703.5

Sheet Bill 4 - Furnishings
A1: Item | B1: Description | C1: Quantity | D1: Unit | E1: Rate | F1: Amount
E2: AED | F2: AED
B4: FURNISHINGS
B6: LOOSE FURNITURE
B8: Note: Refer to the following
B10: 1. Interior FF&E Schedule and Mood Boards dated April 2022
B12: Loose furniture; including all ancillary works as necessary
A14: A | B14: Type I-BA-03: bench seating | C14: 32 | D14: Nr. | E14: 2012.14 | F14: =C14*E14 -> 64388.48
A16: B | B16: Type I-WB-02: recycling & waste bin | C16: 39 | D16: Nr. | E16: 470.12 | F16: =C16*E16 -> 18334.68
A18: C | B18: Planter | C18: 24 | D18: Nr. | E18: 5192.82 | F18: =C18*E18 -> 124627.68
C51: To Collection | E51: AED | F51: =SUM(F9:F33) -> 207350.84
B54: GENERALLY
B56: Allow for any other works which are not included above and which are required to complete the Furnishings in accordance with the Specification and the drawings (Tenderer to list below): | D56: Item | F56: =C56*E56 -> 0
B58: Crash rail along perimiter of skylight wells at levels 3 and lower roof
A60: A | B60: Supply and installation 900mm high painted mild steel of RAL 860-3 colour handrails | C60: 551 | D60: m | E60: 1280.29 | F60: =C60*E60 -> 705439.79
B62: Quantity Adjustments
A64: B | B64: Variance in quantity following in-house Quantity Take Off | C64: 1 | D64: item | F64: =C64*E64 -> 0
C98: To Collection | E98: AED | F98: =SUM(F55:F78) -> 705439.79
B101: COLLECTION
B103: Page 4/M/1 | F103: =F51 -> 207350.84
B105: Page 4/M/2 | F105: =F98 -> 705439.79
C149: Carried To Summary | E149: AED | F149: =SUM(F101:F128) -> 912790.63

Sheet Bill 4 - Mechanical
A1: Item | B1: Description | C1: Quantity | D1: Unit | E1: Rate | F1: Amount | G1: VE Ref.
E2: AED | F2: AED
B4: MECHANICAL ENGINEERING INSTALLATIONS
B6: DRAINAGE INSTALLATION
B8: Note: Please refer to the following:
B10: 1) Drawing Nr. D-12200 to D-12259, D-13100 to D-13110 and 3D View Al-Khail R20 Plumb; all inclusive
B12: 2) Drainage general notes, symbols and legends and Drainage equipment schedule Drawing Nr. D-09102 and D-00050
B14: 3) Al Khail Avenue Mall Redevelopment - Mechanical Specification dated March 28, 2022
B16: uPVC pipework; including fittings, supports and ancillary work as necessary
B18: Rainwater pipework
A20: A | B20: 110mm diameter | C20: 29 | D20: m | E20: 130.82 | F20: =C20*E20 -> 3793.78
A22: B | B22: 150mm diameter | C22: 88 | D22: m | E22: 183.55 | F22: =C22*E22 -> 16152.4
A24: C | B24: 160mm diameter | C24: 16 | D24: m | E24: 183.55 | F24: =C24*E24 -> 2936.8
A26: D | B26: 200mm diameter | C26: 138 | D26: m | E26: 159.77 | F26: =C26*E26 -> 22048.26
B28: Accessories; including supports and ancillary work as necessary
A30: E | B30: Roof drain; 2" diameter | C30: 2 | D30: Nr. | E30: 279.82 | F30: =C30*E30 -> 559.64
A32: F | B32: Roof drain; 4" diameter | C32: 11 | D32: Nr. | E32: 581.9 | F32: =C32*E32 -> 6400.9
A34: G | B34: Roof side drain; 4" diameter | C34: 10 | D34: Nr. | E34: 710.63 | F34: =C34*E34 -> 7106.3
B36: Flexible elastomeric insulation, 13mm thick to rainwater pipes including support, accessories and other ancillary works as necessary
A38: H | B38: 110mm diameter | C38: 29 | D38: m | E38: 36.6 | F38: =C38*E38 -> 1061.4
A40: J | B40: 150mm diameter | C40: 88 | D40: m | E40: 43.8 | F40: =C40*E40 -> 3854.4
C44: To Collection | E44: AED | F44: =SUM(F19:F42) -> 63913.88
B47: DRAINAGE INSTALLATION (Cont´d)
A49: A | B49: 160mm diameter | C49: 16 | D49: m | E49: 43.8 | F49: =C49*E49 -> 700.8
A51: B | B51: 200mm diameter | C51: 138 | D51: m | E51: 47.11 | F51: =C51*E51 -> 6501.18
B53: uPVC pipework; including fittings, supports and ancillary work as necessary
B55: Waste pipework
A57: C | B57: 50mm diameter | C57: 21 | D57: m | E57: 57.19 | F57: =C57*E57 -> 1200.99
A59: D | B59: 80mm diameter | C59: 88 | D59: m | E59: 119.7 | F59: =C59*E59 -> 10533.6
A61: E | B61: 110mm diameter | C61: 1,463 | D61: m | E61: 130.82 | F61: =C61*E61 -> 191389.66
A63: F | B63: 150mm diameter | C63: 1,075 | D63: m | E63: 183.55 | F63: =C63*E63 -> 197316.25
A65: G | B65: 160mm diameter | C65: 75 | D65: m | E65: 183.55 | F65: =C65*E65 -> 13766.25
A67: H | B67: 200mm diameter | C67: 24 | D67: m | E67: 159.77 | F67: =C67*E67 -> 3834.48
B69: Soil pipework
A71: J | B71: 50mm diameter | C71: 4 | D71: m | E71: 57.19 | F71: =C71*E71 -> 228.76
A73: K | B73: 110mm diameter | C73: 319 | D73: m | E73: 130.82 | F73: =C73*E73 -> 41731.58
A75: L | B75: 150mm diameter | C75: 561 | D75: m | E75: 183.55 | F75: =C75*E75 -> 102971.55
A77: M | B77: 160mm diameter | C77: 71 | D77: m | E77: 183.55 | F77: =C77*E77 -> 13032.05
A79: N | B79: 200mm diameter | C79: 86 | D79: m | E79: 159.77 | F79: =C79*E79 -> 13740.22
B81: Kitchen waste pipework
A83: P | B83: 80mm diameter | C83: 1,913 | D83: m | E83: 127.04 | F83: =C83*E83 -> 243027.52
B85: Vent pipework
A87: Q | B87: 80mm diameter | C87: 142 | D87: m | E87: 119.7 | F87: =C87*E87 -> 16997.4
A89: R | B89: 110mm diameter | C89: 306 | D89: m | E89: 130.82 | F89: =C89*E89 -> 40030.92
C94: To Collection | E94: AED | F94: =SUM(F47:F91) -> 897003.21
B97: DRAINAGE INSTALLATION (Cont´d)
A99: A | B99: 150mm diameter | C99: 32 | D99: m | E99: 183.55 | F99: =C99*E99 -> 5873.6
B101: Condensate drain pipework
A103: B | B103: 25mm diameter | C103: 16 | D103: m | E103: 52.92 | F103: =C103*E103 -> 846.72
A105: C | B105: 50mm diameter | C105: 122 | D105: m | E105: 86.52 | F105: =C105*E105 -> 10555.44
A107: D | B107: 65mm diameter | C107: 20 | D107: m | E107: 88.41 | F107: =C107*E107 -> 1768.2
A109: E | B109: 80mm diameter | C109: 34 | D109: m | E109: 134.69 | F109: =C109*E109 -> 4579.46
B111: Accessories; including supports and ancillary work as necessary
A113: F | B113: Trench drain; 6500 x 400mm | C113: 2 | D113: Nr. | E113: 2146.65 | F113: =C113*E113 -> 4293.3
A115: G | B115: Trench drain; 500 x 500mm | C115: 2 | D115: Nr. | E115: 2146.65 | F115: =C115*E115 -> 4293.3
A117: H | B117: Funnel drain; 305 x 305mm | C117: 8 | D117: Nr. | E117: 631.73 | F117: =C117*E117 -> 5053.84
A119: J | B119: Elevator pit 300 x 300mm | C119: 5 | D119: Nr. | E119: 8524.46 | F119: =C119*E119 -> 42622.3
A121: K | B121: Floor drain; 80mm diameter | C121: 34 | D121: Nr. | E121: 457.13 | F121: =C121*E121 -> 15542.42
A123: L | B123: Floor drain; 110mm diameter | C123: 5 | D123: Nr. | E123: 499.09 | F123: =C123*E123 -> 2495.45
A125: M | B125: Clean out; 80mm diameter | C125: 2 | D125: Nr. | E125: 90.43 | F125: =C125*E125 -> 180.86
A127: N | B127: Clean out; 100mm diameter | C127: 21 | D127: Nr. | E127: 86.94 | F127: =C127*E127 -> 1825.74
A129: P | B129: Clean out; 150mm diameter | C129: 40 | D129: Nr. | E129: 194.82 | F129: =C129*E129 -> 7792.8
A131: Q | B131: Clean out; 200mm diameter | C131: 5 | D131: Nr. | E131: 487.18 | F131: =C131*E131 -> 2435.9
A133: R | B133: Floor clean out; 100mm diameter | C133: 4 | D133: Nr. | E133: 531.05 | F133: =C133*E133 -> 2124.2
A135: S | B135: End cap; 75mm diameter | C135: 4 | D135: Nr. | E135: 28.74 | F135: =C135*E135 -> 114.96
... A139: U | B139: End cap; 100mm diameter | C139: 10 | D139: Nr. | E139: 33.3 | F139: =C139*E139 -> 333
C144: To Collection | E144: AED | F144: =SUM(F97:F140) -> 112817.71
B147: DRAINAGE INSTALLATION (Cont´d)
A149: A | B149: End cap; 200mm diameter | C149: 11 | D149: Nr. | E149: 98.15 | F149: =C149*E149 -> 1079.65
A151: B | B151: Sand trap; 1000 x 1000mm | C151: 11 | D151: Nr. | E151: 1980.24 | F151: =C151*E151 -> 21782.64
A153: C | B153: GRP tank 5700 x 2000 x 1000mm | C153: 1 | D153: Nr. | E153: 19358.94 | F153: =C153*E153 -> 19358.94
A155: D | B155: Butterfly valve; 100mm diameter | C155: 2 | D155: Nr. | E155: 1018.13 | F155: =C155*E155 -> 2036.26
B157: Equipment; including supports and ancillary work as necessary
A159: E | B159: SP-M-BS2-01-21 & 22, 1 duty & 1 standby; submersible pump 5l/s flow rate with 1.5 total bar head | C159: 1 | D159: Nr. | E159: 35877.46 | F159: =C159*E159 -> 35877.46
A161: F | B161: GI-M-BS1-01-06, 1 set with 2 lifting station; capacity of 25l/s | C161: 1 | D161: Nr. | E161: 90592.06 | F161: =C161*E161 -> 90592.06
A163: G | B163: GI-M-BS1-01-07, 1 set with 2 lifting station; capacity of 25l/s | C163: 1 | D163: Nr. | E163: 90592.06 | F163: =C163*E163 -> 90592.06
A165: H | B165: GI-M-BS1-01-08, 1 set with 2 lifting station; capacity of 25l/s | C165: 1 | D165: Nr. | E165: 90592.06 | F165: =C165*E165 -> 90592.06
A167: J | B167: GI-M-BS1-01-09, 1 set with lifting station; capacity of 10l/s | C167: 1 | D167: Nr. | E167: 40535.93 | F167: =C167*E167 -> 40535.93
B169: Acoustic lagging insulation; including supports, accessories and other ancillary works as necessary
B171: Flexible elastomeric insulation, 19mm thick to condensate drain pipework; including supports, accessories and other ancillary works as necessary
A173: K | B173: 25mm diameter | C173: 16 | D173: m | E173: 16.34 | F173: =C173*E173 -> 261.44
A175: L | B175: 50mm diameter | C175: 122 | D175: m | E175: 22.02 | F175: =C175*E175 -> 2686.44
A177: M | B177: 65mm diameter | C177: 20 | D177: m | E177: 24.12 | F177: =C177*E177 -> 482.4
A179: N | B179: 80mm diameter | C179: 34 | D179: m | E179: 27.24 | F179: =C179*E179 -> 926.16
C183: To Collection | E183: AED | F183: =SUM(F148:F180) -> 396803.5
B186: SANITARY FIXTURES AND FITTNGS
B188: Note: Please refer to the following:
B190: 1) Drawing Nr. ID-800 series
B192: 2) Interior Sanitaryware and Accessories Schedule dated April 22, 2022
A194: A | B194: Allow sanitary fittings; including all waste and overflow outlets, all connections and supports and sealing around with silicone-based sealant to Basement 1 male staff toilet | D194: Item | F194: Included
A196: B | B196: Allow sanitary fittings; including all waste and overflow outlets, all connections and supports and sealing around with silicone-based sealant to Basement 1 female staff toilet | D196: Item | F196: Included
A198: C | B198: Allow sanitary fixtures; including all waste and overflow outlets, all connections and supports and sealing around with silicone-based sealant to Basement 1 male staff toilet | D198: Item | F198: Included
A200: D | B200: Allow sanitary fixtures; including all waste and overflow outlets, all connections and supports and sealing around with silicone-based sealant to Basement 1 female staff toilet | D200: Item | F200: Included
C221: To Collection | E221: AED | F221: =SUM(F191:F207) -> 0
B224: WATER SUPPLY INSTALLATION
B226: Note: Please refer to the following:
B228: 1) Drawing Nr. W-12400 to W-12454, W-13100 to W-13106 and 3D View Al-Khail R20 Plumb; all inclusive
B230: 2) Water services general notes, symbols and legends and Water equipment schedule Drawing Nr. W-09302 and W-00040
B232: 3) Al Khail Avenue Mall Redevelopment - Mechanical Specification dated March 28, 2022
B234: PPR pipework; for cold water supply, including fittings, supports and ancillary work as necessary
...

Sheet Bill 4 - Electrical
A1: Item | B1: Description | C1: Quantity | D1: Unit | E1: Rate | F1: Amount | G1: VE Ref.
E2: AED | F2: AED
B4: ELECTRICAL ENGINEERING INSTALLATIONS
B6: POWER INSTALLATION
B8: Note: Please refer to the following:
B10: 1) Drawing Nr. E-00003 to 10200, E-12500 to 12554, E-12730 to 12784, E-12925 to 12979, E-12860 to 12879 and Al Khail_R20_ELEC_LT: 3D View; all inclusive
B12: 2) Al Khail Avenue Mall Redevelopment Electrical Specifications dated March 28, 2022
B14: XLPE cables including earth connectivity conductor cables, terminations, lugs, supports and all ancillary work
B16: 1 x 2C x 4mm² CU/XLPE/LSOH + 1 x 1C x 4mm² CU/LSOH ECC
A18: A | B18: From MCP-M-01-1B01 to 2x16A weatherproof isolator for EF-B1-02 | C18: 1 | D18: Item | E18: 6570.14 | F18: =C18*E18 -> 6570.14
A20: B | B20: From MCP-M-01-1B01 to 2x16A weatherproof isolator for EF-B1-03 | C20: 1 | D20: Item | E20: 1314.03 | F20: =C20*E20 -> 1314.03
A22: C | B22: From MCP-M-04-RF01 to 2x16A weatherproof isolator for EF-LR-01 | C22: 1 | D22: Item | E22: 3583.71 | F22: =C22*E22 -> 3583.71
A24: D | B24: From MCP-M-04-RF01 to 2x16A weatherproof isolator for EF-LR-02 | C24: 1 | D24: Item | E24: 3583.71 | F24: =C24*E24 -> 3583.71
A26: E | B26: From MCP-M-04-UR01 to 2x16A weatherproof isolator for EF-UR-01 | C26: 1 | D26: Item | E26: 5972.85 | F26: =C26*E26 -> 5972.85
A28: F | B28: From MCP-M-04-UR01 to 2x16A weatherproof isolator for EF-UR-02 | C28: 1 | D28: Item | E28: 5972.85 | F28: =C28*E28 -> 5972.85
B30: 1 x 4C x 4mm² CU/XLPE/LSOH + 1 x 1C x 4mm² CU/LSOH ECC
A32: G | B32: From MCP-M-01-UR02 to VFD for recovery wheel | C32: 1 | D32: Item | E32: 4332.58 | F32: =C32*E32 -> 4332.58
B34: 1 x 4C x 4mm² CU/XLPE/SWA/PVC + 1 x 1C x 4mm² CU/PVC ECC
C37: To Collection | E37: AED | F37: =SUM(F16:F34) -> 31329.87
B40: POWER INSTALLATION (Cont´d)
A42: A | B42: From SMDB-S-04-B1-SF to 20A weatherproof isolator for HWCS-01 | C42: 1 | D42: Item | E42: 6670.06 | F42: =C42*E42 -> 6670.06
B44: 1 x 4C x 6mm² CU/XLPE/LSOH + 1 x 1C x 6mm² CU/LSOH ECC
A46: B | B46: From EMCP-M-01-UR01 to VFD for EPF-UR-08 | C46: 1 | D46: Item | E46: 1472.98 | F46: =C46*E46 -> 1472.98
A48: C | B48: From EMCP-M-01-UR01 to VFD for EPF-UR-09 | C48: 1 | D48: Item | E48: 1543.12 | F48: =C48*E48 -> 1543.12
B50: 1 x 4C x 10mm² CU/XLPE/SWA/PVC + 1 x 1C x 10mm² CU/PVC ECC
A52: D | B52: From SMDB-S-01-1B01 to FP-07 | C52: 100 | D52: m | E52: 44.83 | F52: =C52*E52 -> 4483
A54: E | B54: From SMDB-S-04-1B02 to FP-05 | C54: 100 | D54: m | E54: 44.83 | F54: =C54*E54 -> 4483
A56: F | B56: From SMDB-S-04-B1-SF to 40A weatherproof isolator for EWH-06 | C56: 1 | D56: Item | E56: 11207.51 | F56: =C56*E56 -> 11207.51
A58: G | B58: From SMDB-S-04-B1-SF to DB-S--04-1B08 | C58: 1 | D58: Item | E58: 358.64 | F58: =C58*E58 -> 358.64
A60: H | B60: From SMDB-S-04-RF01 to DB-S-04-RF07 | C60: 1 | D60: Item | E60: 717.28 | F60: =C60*E60 -> 717.28
A62: J | B62: From SMDB-S-04-UR01 to DB-S-04-UR03 | C62: 1 | D62: Item | E62: 717.28 | F62: =C62*E62 -> 717.28
B64: 1 x 4C x 16mm² CU/XLPE/SWA/PVC + 1 x 1C x 16mm² CU/PVC ECC
A66: K | B66: From SMDB-S-01-1B01 to FP-04 | C66: 100 | D66: m | E66: 54.92 | F66: =C66*E66 -> 5492
A68: L | B68: From SMDB-S-04-B1-SF to DB-S--04-1B07 | C68: 1 | D68: Item | E68: 384.49 | F68: =C68*E68 -> 384.49
B70: 1 x 4C x 25mm² CU/XLPE/LSOH + 1 x 1C x 16mm² CU/LSOH ECC
A72: M | B72: From MCP-M-04-RF01 to VFD for AHU-M-LR-01 | C72: 1 | D72: Item | E72: 5568.14 | F72: =C72*E72 -> 5568.14
A74: N | B74: From MCP-M-04-RF01 to VFD for AHU-M-RF-01 | C74: 1 | D74: Item | E74: 5568.14 | F74: =C74*E74 -> 5568.14
C82: To Collection | E82: AED | F82: =SUM(F41:F78) -> 48665.64
B85: POWER INSTALLATION (Cont´d)
B87: 1 x 4C x 25mm² CU/XLPE/SWA/LSOH + 1 x 1C x 16mm² CU/LSOH ECC
A89: A | B89: From MDB-Z1-01-02 to MCP-M-01-UR02 | C89: 1 | D89: Item | E89: 20213.13 | F89: =C89*E89 -> 20213.13
B91: 1 x 4C x 35mm² CU/XLPE/SWA/LSOH + 1 x 1C x 25mm² CU/PVC ECC
A93: B | B93: From ESMDB-S-05-101 to 4x63A weatherproof isolator for BS1 escalator | C93: 200 | D93: m | E93: 98.27 | F93: =C93*E93 -> 19654
B95: 1 x 4C x 70mm² CU/XLPE/SWA/LSOH + 1 x 1C x 35mm² ECC
A97: C | B97: From MDB-Z4-09-04 to MCP-M-04-RF01 | C97: 1 | D97: Item | E97: 30642.49 | F97: =C97*E97 -> 30642.49
B99: 1 x 4C x 95mm² CU/XLPE/SWA/PVC + 1 x 1C x 50mm² CU/PVC ECC
A101: D | B101: From MDB-Z4-09-04 to SMDB-S-04-B1-SF | C101: 1 | D101: Item | E101: 9096.97 | F101: =C101*E101 -> 9096.97
B103: 1 x 4C x 185mm² CU/XLPE/SWA/PVC + 1 x 1C x 95mm² CU/PVC ECC
A105: E | B105: From MDB-Z2-05-01 to MCP-M-02-RF01 | C105: 155 | D105: m | E105: 388.34 | F105: =C105*E105 -> 60192.7
B107: 2 x 3C x 16mm² CU/XLPE/LSOH + 1 x 1C x 16mm² CU/LSOH ECC
A109: F | B109: From MCP-M-01-UR02 to 6x63A weatherproof isolator for exhaust fan | C109: 1 | D109: Item | E109: 34057.31 | F109: =C109*E109 -> 34057.31
A111: G | B111: From MCP-M-01-UR02 to 6x63A weatherproof isolator for supply fan | C111: 1 | D111: Item | E111: 34057.31 | F111: =C111*E111 -> 34057.31
B113: Fire rated cables including earth connectivity conductor cables, terminations, lugs, supports and all ancillary work
B115: 1 x 4C x 6mm² FR6 + 1 x 1C x 6mm² FR ECC
A117: H | B117: From EMCC-M-05-UR02 to VFD for EPF-TR-05 | C117: 1 | D117: Item | E117: 9700.98 | F117: =C117*E117 -> 9700.98
C122: To Collection | E122: AED | F122: =SUM(F85:F119) -> 217614.89
B125: POWER INSTALLATION (Cont´d)
A127: A | B127: From EMCC-M-05-UR02 to VFD for EPF-TR-06 | C127: 1 | D127: Item | E127: 9597.78 | F127: =C127*E127 -> 9597.78
A129: B | B129: From EMCC-M-05-UR02 to VFD for EPF-UR-07 | C129: 1 | D129: Item | E129: 8565.76 | F129: =C129*E129 -> 8565.76
B131: 1 x 4C x 10mm² FR6 + 1 x 1C x 10mm² FR ECC
A133: C | B133: From EMCC-M-04-2B02 to 3x40A weatherproof isolator for sump pump | C133: 1 | D133: Item | E133: 23631.22 | F133: =C133*E133 -> 23631.22
A135: D | B135: From EMCP-M-02-RF01 to VFD for EPF-TR-01 | C135: 1 | D135: Item | E135: 6616.74 | F135: =C135*E135 -> 6616.74
A137: E | B137: From EMCP-M-02-RF01 to VFD for EPF-TR-02 | C137: 1 | D137: Item | E137: 6498.58 | F137: =C137*E137 -> 6498.58
A139: F | B139: From EMCP-M-04-RF02 to VFD for EPF-TR-04 | C139: 1 | D139: Item | E139: 7443.83 | F139: =C139*E139 -> 7443.83
B141: 1 x 4C x 16mm² FR6 + 1 x 1C x 10mm² FR ECC
A143: G | B143: From EMCP-M-02-301 to VFD for AHU-M-TF-01 | C143: 1 | D143: Item | E143: 25960.78 | F143: =C143*E143 -> 25960.78
B145: 1 x 4C x 16mm² FR6 + 1 x 1C x 16mm² FR ECC
A147: H | B147: From EMCP-M-02-RF02 to VFD EPF-TR-11 | C147: 1 | D147: Item | E147: 8177.65 | F147: =C147*E147 -> 8177.65
A149: J | B149: From EMCP-M-02-RF02 to VFD for EPF-TR-03 | C149: 1 | D149: Item | E149: 29335.68 | F149: =C149*E149 -> 29335.68
A151: K | B151: From EMCP-M-02-RF02 to VFD for EPF-TR-10 | C151: 1 | D151: Item | E151: 21158.04 | F151: =C151*E151 -> 21158.04
A153: L | B153: From EMCP-M-04-RF03 to VFD for EPF-LR-13 | C153: 1 | D153: Item | E153: 13240 | F153: =C153*E153 -> 13240
B155: 1 x 4C x 25mm² FR6 + 1 x 1C x 16mm² FR ECC
A157: M | B157: From EMCC-M-05-UR02 to VFD for EPF-TR-12 | C157: 1 | D157: Item | E157: 19127.09 | F157: =C157*E157 -> 19127.09
A159: N | B159: From EMCP-M-01-1B02 to 6x125A weatherproof isolator for EPF-UR-09 | C159: 1 | D159: Item | E159: 38736.37 | F159: =C159*E159 -> 38736.37
C171: To Collection | E171: AED | F171: =SUM(F125:F166) -> 218089.52
B174: POWER INSTALLATION (Cont´d)
B176: 1 x 4C x 70mm² FR6/SWA + 1 x 1C x 35mm² FR ECC
A178: A | B178: From EMDB-03-01 to EMCP-M-04-RF03 | C178: 1 | D178: Item | E178: 80232.6 | F178: =C178*E178 -> 80232.6
A180: B | B180: From ESMDB-02-G02 to EMCP-M-02-RF02 | C180: 1 | D180: Item | E180: 72523.42 | F180: =C180*E180 -> 72523.42
B182: 1 x 4C x 70mm² FR6/SWA + 1 x 1C x 35mm² FRE
A184: C | B184: From EMDB-01-01 to EMCP-M-01-UR01 | C184: 1 | D184: Item | E184: 81089.18 | F184: =C184*E184 -> 81089.18
B186: 1 x 4C x 95mm² FR6 + 1 x 1C x 50mm² FR ECC
A188: D | B188: From ESMDB-01-G01 to EMCP-M-01-1B02 | C188: 1 | D188: Item | E188: 128082.91 | F188: =C188*E188 -> 128082.91
B190: 2 x 3C x 25mm² FR6 + 1 x 1C x 16mm² FR ECC
A192: E | B192: From EMCP-M-01-UR01 to 6x80A weatherproof isolator for SEF-M-UR-01 | C192: 1 | D192: Item | E192: 40044.7 | F192: =C192*E192 -> 40044.7
A194: F | B194: From EMCP-M-02-RF02 to 6x63A weatherproof isolator for SEF-M-LR-01 | C194: 1 | D194: Item | E194: 36230.93 | F194: =C194*E194 -> 36230.93
A196: G | B196: From EMCP-M-04-RF03 to 6x80A weatherproof isolator for SEF-M-LR-01 | C196: 1 | D196: Item | E196: 23699.92 | F196: =C196*E196 -> 23699.92
B198: Busbar including earth connectivity conductor cables, terminations, lugs, supports and all ancillary work
A200: H | B200: 1600A TPN busbar | C200: 244 | D200: m | E200: 3099.44 | F200: =C200*E200 -> 756263.36
B202: Containment; including fittings, supports and all ancillary work as necessary
B204: LV cable trunking
A206: J | B206: 100 x 100 mm wide, 2 compartment cable trunking | C206: 68 | D206: m | E206: 117.05 | F206: =C206*E206 -> 7959.4
C214: To Collection | E214: AED | F214: =SUM(F174:F210) -> 1226126.4
B217: POWER INSTALLATION (Cont´d)
B219: LV cable tray
A221: A | B221: 50 x 50mm wide cable tray | C221: 201 | D221: m | E221: 87.9 | F221: =C221*E221 -> 17667.9 | G221: EM-38
A223: B | B223: 50 x 75mm wide cable tray | C223: 144 | D223: m | E223: 93.97 | F223: =C223*E223 -> 13531.68 | G223: EM-38
A225: C | B225: 50 x 100mm wide cable tray | C225: 270 | D225: m | E225: 98.74 | F225: =C225*E225 -> 26659.8 | G225: EM-38
A227: D | B227: 50 x 150mm wide cable tray | C227: 2,003 | D227: m | E227: 124.98 | F227: =C227*E227 -> 250334.94 | G227: EM-38
A229: E | B229: 50 x 225mm wide cable tray | C229: 370 | D229: m | E229: 139.05 | F229: =C229*E229 -> 51448.5
...

Sheet Bill 4-Sum
A1: Item | B1: Description | C1: Page Nr. | D1: Amount AED
B5: SUMMARY
B8: CONCRETE WORK | C8: 4/C/1 - 4/C/4 | D8: ='Bill 4 Concrete'!F242 -> 3482318.8
B11: MASONRY | C11: 4/D/1 - 4/D/2 | D11: ='Bill 4 - Masonry'!F136 -> 1388266.5
B13: WOODWORK | C13: 4/F/1 - 4/F/2 | D13: ='Bill 4 Woodwork'!F137 -> 1748476
B16: THERMAL AND MOISTURE PROTECTION | C16: 4/G/1 - 4/G/2 | D16: ='Bill 4 - Thermal and Moisture'!F143 -> 67354.01
B19: DOORS AND WINDOWS | C19: 4/H/1 - 4/H/4 | D19: ='Bill 4 Doors and Windows'!F222 -> 549172.63
B22: FINISHES | C22: 4/J/1 - 4/J/6 | D22: ='Bill 4 - Finishes'!F290 -> 6357559.3
B25: ACCESSORIES | C25: 4/K/1 - 4/K/7 | D25: ='Bill 4 - Accessories'!F333 -> 1017703.5
B28: FURNISHINGS | C28: 4/M/1 - 4/M/2 | D28: ='Bill 4 - Furnishings'!F149 -> 912790.63
B31: MECHANICAL ENGINEERING INSTALLATIONS | C31: 4/Q1/1 - 4/Q1/32 | D31: ='Bill 4 - Mechanical'!F1483 -> 14227895
B34: ELECTRICAL ENGINEERING INSTALLATIONS | C34: 4/R/1 - 4/R/27 | D34: ='Bill 4 - Electrical'!F1249 -> 13035047
B45: TOTAL FOR BILL NO. 4 -PARKING FLOORS REFURBISHMENT
B46: TO MAIN SUMMARY | C46: AED | D46: =SUM(D6:D41) -> 42786583
