Workbook

Sheet Fly-Bill 5
A22: BILL NO. 5
A24: EXTERNAL WORKS

Sheet Bill 5 Sitework
A1: Item | B1: Description | C1: Quantity | D1: Unit | E1: Rate | F1: Amount | G1: VE Ref.
E2: AED | F2: AED
B4: SITE WORK
B6: EARTHWORKS
B8: Note: Refer to the following
B10: 1. Landscape Report dated April 11, 2022
B12: 2. Drawings listed on Reference Nr. V0195-TVS-ZZ-XX-DR-L-001, all inclusive
B14: Excavation; including earthwork support and all necessary works
A16: A | B16: Excavation to reduced level; to planting areas | C16: 6,833 | D16: m³ | E16: 21.34 | F16: =E16*C16 -> 145816.22
A18: B | B18: Excavation to reduced level; to paving areas | C18: 4,076 | D18: m³ | E18: 21.34 | F18: =E18*C18 -> 86981.84
A20: C | B20: Excavation to reduced level; to paving areas outside plot | C20: 3,166 | D20: m³ | E20: 21.34 | F20: =E20*C20 -> 67562.44
A22: D | B22: Pit excavation; to tree pits | C22: 3,401 | D22: m³ | E22: 34.69 | F22: =E22*C22 -> 117980.69
A24: E | B24: Pit excavation; to tree pits; roads | C24: 231 | D24: m³ | E24: 34.69 | F24: =E24*C24 -> 8013.39
B26: Disposal; to approved locations and all ancillary works as necessary
A28: F | B28: Removed off site including suitable trip | C28: 17,707 | D28: m³ | E28: 70.42 | F28: =E28*C28 -> 1246926.9
C49: To Collection | E49: AED | F49: =SUM(F3:F47) -> 1673281.5
B52: PAVING AND SURFACING
B54: Note: Refer to the following:
B56: 1. V0195-100 DD Al Khail Avenue Specifications
B58: 2. Hard landscape plan drawing Nr. V0195-TVS-ZZ-GF-DR-L-401 to 409
B60: 3. Hard landscape schedule drawing Nr. V0195- TVS- ZZ- XX- DR- L- 003
B62: 4. Landscape paving details drawing Nr. V0195-TVS-ZZ-XX-DR-L-901 to 906
B64: Mortar bed; including all ancillary works as necessary
A66: A | B66: 30mm thick; to paving areas | C66: 2266 | D66: m² | E66: 102.25 | F66: =E66*C66 -> 231698.5
A68: B | B68: 30mm thick; to paving areas to outside plot | C68: 769 | D68: m² | E68: 102.25 | F68: =E68*C68 -> 78630.25
B70: Sand bed; including all ancillary works as necessary
A72: C | B72: 50mm thick; to paving areas | C72: 8176 | D72: m² | E72: 15.19 | F72: =E72*C72 -> 124193.44
A74: D | B74: 50mm thick; to paving areas outside plot | C74: 6247 | D74: m² | E74: 15.19 | F74: =E74*C74 -> 94891.93
B76: Concrete base; including all ancillary works a necessary
A78: E | B78: 100mm thick; to paving areas | C78: 2368 | D78: m² | E78: 60 | F78: =E78*C78 -> 142080
A80: F | B80: 150mm thick; to paving areas outside plot | C80: 769 | D80: m² | E80: 85.61 | F80: =E80*C80 -> 65834.09
A82: G | B82: 200mm thick; to paving type P5 | C82: 32 | D82: m² | E82: 104.99 | F82: =E82*C82 -> 3359.68
B84: Compacted subbase; including all ancillary works a necessary
A86: H | B86: 150mm thick; to paving areas | C86: 10479 | D86: m² | E86: 29.28 | F86: =E86*C86 -> 306825.12
A88: J | B88: 150mm thick; to paving areas outside plot | C88: 7695 | D88: m² | E88: 29.28 | F88: =E88*C88 -> 225309.6
C93: To Collection | E93: AED | F93: =SUM(F51:F91) -> 1272822.6
B96: PAVING AND SURFACING (Cont´d)
B98: Compacted aggregate road base coarse; including all ancillary works a necessary
A100: A | B100: 150mm thick; to paving areas | C100: 8176 | D100: m² | E100: 29.28 | F100: =E100*C100 -> 239393.28
A102: B | B102: 150mm thick; to paving areas outside plot | C102: 6247 | D102: m² | E102: 29.28 | F102: =E102*C102 -> 182912.16
B104: Compacted subgrade; including all ancillary works a necessary
A106: C | B106: To paving areas | C106: 10479 | D106: m² | E106: 8.79 | F106: =E106*C106 -> 92110.41
A108: D | B108: To paving areas outside plot | C108: 7695 | D108: m² | E108: 8.79 | F108: =E108*C108 -> 67639.05
B110: Gravel layer; loose laid, free draining; including all ancillary works as necessary
A112: E | B112: 100mm thick; to play area sand type A5 outside plot | C112: 215 | D112: m² | E112: 30.56 | F112: =E112*C112 -> 6570.4
B114: Granite paving; including grout mortar, joint and edge treatment and all ancillary works as necessary
A116: F | B116: Paving type EP1; size 600L x 300W x 30mm thick; grey colour; in honed finish | C116: 0 | D116: m² | E116: 323.87 | F116: =E116*C116 -> 0 | G116: EM-16
A118: G | B118: Paving type EP1; size 600L x 300W x 30mm thick; grey colour; in honed finish; to outside plot | C118: 1550 | D118: m² | E118: 323.87 | F118: =E118*C118 -> 501998.5 | G118: EM-16
A120: H | B120: Paving type EP2; size 600L x 300W x 60mm thick; grey colour; in honed finish | C120: 0 | D120: m² | E120: 352.17 | F120: =E120*C120 -> 0 | G120: EM-16
B122: Pre-cast concrete paving; including grout mortar, joint and edge treatment and all ancillary works as necessary
A124: J | B124: Paving type EP6; size 100L x 100W x 60mm thick; light grey colour; in shotblast finish | C124: 2610 | D124: m² | E124: 116.34 | F124: =E124*C124 -> 303647.4
B127: ** VE Reference "EM-" denotes items raised by Client in the VE Schedule
C130: To Collection | E130: AED | F130: =SUM(F95:F127) -> 1394271.2
B133: PAVING AND SURFACING (Cont´d)
A135: A | B135: Paving type P1; size 600L x 150/600W x 60/80/100mm thick; colour to match ID north and south entrance paving type 1; in shotblast finish | C135: 2757 | D135: m² | E135: 120.18 | F135: =E135*C135 -> 331336.26
A137: B | B137: Paving type P1; size 600L x 150/600W x 60/80/100mm thick; colour to match ID north and south entrance paving type 1; in shotblast finish; to outside plot | C137: 1789 | D137: m² | E137: 120.18 | F137: =E137*C137 -> 215002.02
A139: C | B139: Paving type P2; size 600L x 150/600W x 60/80/100mm thick; colour to match ID north and south entrance paving type 2; in shotblast finish | C139: 2184 | D139: m² | E139: 120.18 | F139: =E139*C139 -> 262473.12
A141: D | B141: Paving type P2; size 600L x 150/600W x 60/80/100mm thick; colour to match ID north and south entrance paving type 2; in shotblast finish; to outside plot | C141: 1625 | D141: m² | E141: 120.18 | F141: =E141*C141 -> 195292.5
A143: E | B143: Paving type P3; size 600L x 150/600W x 60/80/100mm thick; colour to match ID north and south entrance paving type 3; in shotblast finish | C143: 2661 | D143: m² | E143: 120.18 | F143: =E143*C143 -> 319798.98
A145: F | B145: Paving type P3; size 600L x 150/600W x 60/80/100mm thick; colour to match ID north and south entrance paving type 3; in shotblast finish; to outside plot | C145: 2019 | D145: m² | E145: 120.18 | F145: =E145*C145 -> 242643.42
A147: G | B147: Paving type P4; size 100L x 100W x 100mm thick; medium grey colour; in shotblast finish | C147: 361 | D147: m² | E147: 158.59 | F147: =E147*C147 -> 57250.99
A149: H | B149: Paving type P4; size 100L x 100W x 100mm thick; medium grey colour; in shotblast finish; to outside plot | C149: 1424 | D149: m² | E149: 158.59 | F149: =E149*C149 -> 225832.16
B155: ** VE Reference "EM-" denotes items raised by Client in the VE Schedule
C160: To Collection | E160: AED | F160: =SUM(F133:F158) -> 1849629.4
B163: PAVING AND SURFACING (Cont´d)
B165: Timber deck; including wooden runners, fixings, accessories and all ancillary works as necessary
A167: A | B167: Paving type P5; 50mm thick; dark brown colour; in natural finish | C167: 32 | D167: m² | E167: 1081.7 | F167: =E167*C167 -> 34614.4
B169: Brushed concrete screed; laid on compacted subbase (measured elsewhere); including reinforcement mesh / bar and all ancillary works as necessary
A171: B | B171: Paving type P6; 85mm thick; pigmented concrete colour; in smooth hand troweled finish; to outside plot | C171: 143 | D171: m² | E171: 111.22 | F171: =E171*C171 -> 15904.46
B173: Acrylic coating paint finish; on and including 85mm thick concrete structure; including surface preparation, prime, finish coat and all ancillary works as necessary
A175: C | B175: Type P7; shades of blue colour to match ID north and south paving pattern; to outdoor basketball court; to outside plot | C175: 460 | D175: m² | E175: 139.38 | F175: =E175*C175 -> 64114.8
B177: Grasscrete; seeded grass with fill medium in 80mm thick terram truckpave cellular system; laid on and including compacted, clean, coarse grit sand bedding layer; terram T1000 geotextile filter, free drainage compacted sub base, terram TX160 geogrid, terram T1000 geotextile and all ancillary works as necessary
A179: D | B179: Paving type P8 | C179: 1 | D179: Item | E179: 264571.2 | F179: =+C179*E179 -> 264571.2
A181: E | B181: Paving type P8 (RATE ONLY) | D181: m² | E181: 209.97 | F181: Rate only
C193: To Collection | E193: AED | F193: =SUM(F164:F191) -> 379204.86
B196: PAVING AND SURFACING (Cont´d)
B198: Granite banding; including grout mortar, joint and edge treatment and all ancillary works as necessary
A200: A | B200: Banding type EP3; size 600L x 300W x 30mm thick; black colour; in polished finish | C200: 33 | D200: m² | E200: 323.87 | F200: =E200*C200 -> 10687.71 | G200: EM-16
F201: =E201*C201 -> 0
A202: B | B202: Banding type EP3; size 600L x 300W x 30mm thick; black colour; in polished finish; to outside plot | C202: 46 | D202: m² | E202: 323.87 | F202: =E202*C202 -> 14898.02 | G202: EM-16
F203: =E203*C203 -> 0
A204: C | B204: Banding type EP4; size 600L x 300W x 60mm thick; black colour; in polished finish | C204: 110 | D204: m² | E204: 352.94 | F204: =E204*C204 -> 38823.4 | G204: EM-16
F205: =E205*C205 -> 0
A206: D | B206: Banding type EP5; size 500L x 500W x 60mm thick; black colour; in polished finish | C206: 0 | D206: m² | E206: 355.29 | F206: =E206*C206 -> 0 | G206: EM-16
B208: EPDM play surface; laid to CFH; including fixings, accessories and all ancillary works as necessary
A210: E | B210: Play surface type P12; 20mm thick minimum; in beige / cream colour | C210: 102 | D210: m² | E210: 506.84 | F210: =E210*C210 -> 51697.68
B212: Aggregates; including all ancillary works as necessary
A214: F | B214: Aggregate type A2; limestone aggregates; size 25 - 50mm; grey colour; in natural finish; 100mm thick | C214: 178 | D214: m² | E214: 79.21 | F214: =E214*C214 -> 14099.38
F215: =E215*C215 -> 0
A216: G | B216: Aggregate type A2; limestone aggregates; size 25 - 50mm; grey colour; in natural finish; 100mm thick; to outside plot | C216: 251 | D216: m² | E216: 79.21 | F216: =E216*C216 -> 19881.71
F217: =E217*C217 -> 0
A218: H | B218: Aggregate type A3; boulders; size 300 - 400mm; grey colour; in natural finish | C218: 1 | D218: Item | F218: Refer to Bill No. 6 - Provisional Sum
A220: J | B220: Aggregate type A3; boulders; size 300 - 400mm; grey colour; in natural finish (RATE ONLY) | D220: m² | E220: 1060.11 | F220: Rate only
C227: To Collection | E227: AED | F227: =SUM(F195:F224) -> 150087.9
B230: PAVING AND SURFACING (Cont´d)
A232: A | B232: Aggregate type A4; sand; beige / cream colour; in natural finish; 200mm thick | C232: 16 | D232: m² | E232: 88.17 | F232: =E232*C232 -> 1410.72
F233: =E233*C233 -> 0
A234: B | B234: Aggregate type A5; play area sand; beige colour; in natural finish; 450mm thick; to outside plot | C234: 200 | D234: m² | E234: 122.74 | F234: =E234*C234 -> 24548
A236: C | B236: Aggregate type A6; river washed pebbles; size 30 - 60mm; bidasar colour; in rounded finish; 100mm thick | C236: 1 | D236: Item | F236: Not used as clarified
A238: D | B238: Aggregate type A6; river washed pebbles; size 30 - 60mm; bidasar colour; in rounded finish; 100mm thick (RATE ONLY) | D238: m² | E238: 126.58 | F238: Rate only
...

Sheet Bill 5 Concrete Work
A1: Item | B1: Description | C1: Quantity | D1: Unit | E1: Rate | F1: Amount
E2: AED | F2: AED
B4: CONCRETE WORK
B6: REINFORCED CONCRETE
B8: Note: Refer to the following:
B10: 1. Typical wall details drawing Nr. V0195- TVS- ZZ- XX- DR- L- 907 to 908
B12: Reinforced concrete; compressive strength 60 MPa with cement type CEM I+GGBS
A14: A | B14: Walls | C14: 79 | D14: m³ | E14: 411.46 | F14: =E14*C14 -> 32505.34
F15: =E15*C15 -> 0
A16: B | B16: Walls; to outside plot | C16: 39 | D16: m³ | E16: 411.46 | F16: =E16*C16 -> 16046.94
F17: =E17*C17 -> 0
A18: C | B18: Steps | C18: 21 | D18: m³ | E18: 408.53 | F18: =E18*C18 -> 8579.13
B20: Reinforcement; high yield deformed type 2; 460N/mm2; shall comply to ASTM 615 or BS4449
A22: D | B22: Walls; various diameters | C22: 1 | D22: Item | E22: 52296.51 | F22: =E22*C22 -> 52296.51
A24: E | B24: Walls; various diameters (RATE ONLY) | D24: t | E24: 4431.91 | F24: Rate only
A26: F | B26: Steps; various diameters | C26: 1 | D26: Item | E26: 13960.51 | F26: =E26*C26 -> 13960.51
A28: G | B28: Steps; various diameters (RATE ONLY) | D28: t | E28: 4431.91 | F28: Rate only
B30: Shuttering; including supports, finish and all ancillary works as necessary
A32: H | B32: Sides of walls; straight | C32: 384 | D32: m² | E32: 153.13 | F32: =E32*C32 -> 58801.92
F33: =E33*C33 -> 0
A34: J | B34: Sides of walls; straight; to outside plot | C34: 110 | D34: m² | E34: 153.13 | F34: =E34*C34 -> 16844.3
F35: =E35*C35 -> 0
A36: K | B36: Sides of walls; curved | C36: 599 | D36: m² | E36: 153.13 | F36: =E36*C36 -> 91724.87
F37: =E37*C37 -> 0
A38: L | B38: Sides of walls; curved; to outside plot | C38: 406 | D38: m² | E38: 153.13 | F38: =E38*C38 -> 62170.78
F39: =E39*C39 -> 0
A40: M | B40: Steps | C40: 9 | D40: m² | E40: 123.25 | F40: =E40*C40 -> 1109.25
C47: To Collection | E47: AED | F47: =SUM(F3:F45) -> 354039.55
B50: GENERALLY
A52: A | B52: Allow for any other works which are not included above and which are required to complete the Concrete Work in accordance with the Specification and the drawings (Tenderer to list below): | D52: Item
C93: To Collection | E93: AED
B96: COLLECTION
B98: Page 5/C/1 | F98: =F47 -> 354039.55
B100: Page 5/C/2
C144: Carried To Summary | E144: AED | F144: =SUM(F95:F142) -> 354039.55

Sheet Bill 5 Thermal and Moisture
A1: Item | B1: Description | C1: Quantity | D1: Unit | E1: Rate | F1: Amount
E2: AED | F2: AED
B4: THERMAL AND MOISTURE PROTECTION
B6: DAMP PROOFING
B8: Polythene separation layer; including all ancillary works as necessary
A10: A | B10: Laid horizontally; to paving type 6 and 7 outside plot | C10: 596 | D10: m² | E10: 7.79 | F10: =E10*C10 -> 4642.84
B12: Permeable geotextile membrane; including all ancillary works as necessary
A14: B | B14: Laid horizontally; to play area sand type A5 outside plot | C14: 215 | D14: m² | E14: 3.23 | F14: =E14*C14 -> 694.45
B16: Geotextile membrane; including all ancillary works as necessary
A18: C | B18: Laid horizontally; to limestone aggregates type A2 | C18: 178 | D18: m² | E18: 3.23 | F18: =E18*C18 -> 574.94
A20: D | B20: Laid horizontally; to limestone aggregates type A2 outside plot | C20: 251 | D20: m² | E20: 3.23 | F20: =E20*C20 -> 810.73
B22: Non-woven geotextile membrane 160N; including all ancillary works as necessary
A24: E | B24: To trees and palms | C24: 6,975 | D24: m² | E24: 3.23 | F24: =E24*C24 -> 22529.25
A26: F | B26: To trees and palms; to roads | C26: 443 | D26: m² | E26: 3.23 | F26: =E26*C26 -> 1430.89
A28: G | B28: Steps; various diameters (RATE ONLY) | D28: t | E28: 4431.91 | F28: Rate only
B30: Shuttering; including supports, finish and all ancillary works as necessary
A32: H | B32: Sides of walls; straight | C32: 384 | D32: m² | F32: Included
A34: J | B34: Sides of walls; straight; to outside plot | C34: 110 | D34: m² | F34: Included
A36: K | B36: Sides of walls; curved | C36: 599 | D36: m² | F36: Included
A38: L | B38: Sides of walls; curved; to outside plot | C38: 406 | D38: m² | F38: Included
A40: M | B40: Steps | C40: 9 | D40: m² | F40: Included
C43: To Collection | E43: AED | F43: =SUM(F3:F41) -> 30683.1
B46: GENERALLY
A48: A | B48: Allow for any other works which are not included above and which are required to complete the Thermal and Moisture Protection in accordance with the Specification and the drawings (Tenderer to list below): | D48: Item
A50: B | B50: Variance in quantity following in-house Quantity Take Off | C50: 1 | D50: item | F50: =E50*C50 -> 0
C89: To Collection | E89: AED | F89: =SUM(F45:F87) -> 0
B92: COLLECTION
B94: Page 5/G/1 | F94: =+F43 -> 30683.1
B96: Page 5/G/2 | F96: =+F89 -> 0
C139: Carried To Summary | E139: AED | F139: =SUM(F91:F137) -> 30683.1

Sheet Bill 5 Finishes
A1: Item | B1: Description | C1: Quantity | D1: Unit | E1: Rate | F1: Amount
E2: AED | F2: AED
B4: FINISHES
B6: FINISHINGS
B8: Granite tiles; render on cement and sand plaster (measured separately); including surface preparation, prime, finish coat and all ancillary works as necessary
A10: A | B10: Size 600L x 400W x 20mm thick; grey colour; in polished finish; to wall cladding | C10: 169 | D10: m² | E10: 378.8 | F10: =E10*C10 -> 64017.2
A12: B | B12: Size 400L x 200W x 30mm thick; grey colour; in polished finish; to coping | C12: 106 | D12: m | E12: 140.66 | F12: =E12*C12 -> 14909.96
B14: Reconstituted stone steps; type S2; white colour; in honed finish; including fixings, accessories and all ancillary works as necessary
A16: C | B16: Threads; 300mm wide | C16: 42 | D16: m | E16: 1860.14 | F16: =E16*C16 -> 78125.88
F17: =E17*C17 -> 0
A18: D | B18: Threads 450mm wide | C18: 30 | D18: m | E18: 2454.21 | F18: =E18*C18 -> 73626.3
F19: =E19*C19 -> 0
A20: E | B20: Riser; 150mm high | C20: 72 | D20: m | E20: 1181.57 | F20: =E20*C20 -> 85073.04
C44: To Collection | E44: AED | F44: =SUM(F3:F42) -> 315752.38
B47: GENERALLY
B49: Allow for any other works which are not included above and which are required to complete the Finishes in accordance with the Specification and the drawings (Tenderer to list below): | D49: Item
A51: A | B51: Variance in quantity following in-house Quantity Take Off | C51: 1 | D51: item | F51: =E51 -> 0
C91: To Collection | E91: AED | F91: =SUM(F48:F89) -> 0
B94: COLLECTION
B96: Page 5/J/1 | F96: =+F44 -> 315752.38
B98: Page 5/J/2 | F98: =+F91 -> 0
C142: Carried To Summary | E142: AED | F142: =SUM(F93:F140) -> 315752.38

Sheet Bill 5 Accessories
A1: Item | B1: Description | C1: Quantity | D1: Unit | E1: Rate | F1: Amount
E2: AED | F2: AED
B4: ACCESSORIES
B6: PARKING ACCESSORIES
B8: Parking accessories; including all ancillary works as necessary
A10: A | B10: Single parking space; 2800 x 5500mm | C10: 44 | D10: Nr. | F10: Part of Provisional Sum (Bill No.6) as clarified
C49: To Collection | E49: AED | F49: =SUM(F4:F47) -> 0
B52: WALLS AND SEATINGS
B54: Bespoke modular reconstituted stone walls; white colour; in honed finish; including finishes, concrete footing, shuttering, reinforcement, excavation, disposal, backfilling, blinding, subbase, strip light cove (measured elsewhere), waterproofing, fixings, accessories and all ancillary works as necessary; as Detail 3 Drawing Nr. V0195-TVS-ZZ-XX-DR-L-908
A56: A | B56: Wall type W3; 200mm wide x 645 - 1095mm high; to planters; straight | C56: 86 | D56: m | E56: 2300.57 | F56: =E56*C56 -> 197849.02
A58: B | B58: Wall type W3; 200mm wide x 645 - 1095mm high; to planters; curved | C58: 116 | D58: m | E58: 2714.12 | F58: =E58*C58 -> 314837.92
B60: Bespoke modular radial reconstituted stone low walls; white colour; in honed finish; including finishes, concrete footing, shuttering, reinforcement, excavation, disposal, backfilling, blinding, subbase, strip light cove (measured elsewhere), SS316L anchoring pin with epoxy, fixings, waterproofing, accessories and all ancillary works as necessary; as Detail 6 Drawing Nr. V0195-TVS-ZZ-XX-DR-L-908
A62: C | B62: Wall type W4; 200mm wide x 200mm high; straight | C62: 223 | D62: m | E62: 1089.38 | F62: =E62*C62 -> 242931.74
F63: =E63*C63 -> 0
A64: D | B64: Wall type W4; 200mm wide x 200mm high; curved | C64: 750 | D64: m | E64: 1161.08 | F64: =E64*C64 -> 870810
F65: =E65*C65 -> 0
A66: E | B66: Wall type W4; 200mm wide x 200mm high; straight outside plot | C66: 228 | D66: m | E66: 1089.38 | F66: =E66*C66 -> 248378.64
F67: =E67*C67 -> 0
A68: F | B68: Wall type W4; 200mm wide x 200mm high; curved outside plot | C68: 842 | D68: m | E68: 1161.08 | F68: =E68*C68 -> 977629.36
C76: To Collection | E76: AED | F76: =SUM(F51:F74) -> 2852436.7
B79: WALLS AND SEATINGS (Cont´d)
B81: Bespoke modular radial reconstituted stone amphitheater steps; white colour; in honed finish; including finishes, concrete, strip light cove (measured elsewhere), SS316L anchoring pin with epoxy, fixings, waterproofing, accessories and all ancillary works as necessary
A83: A | B83: Seating type S3 | C83: 51 | D83: m | E83: 1807.65 | F83: =E83*C83 -> 92190.15
C120: To Collection | E120: AED | F120: =SUM(F79:F118) -> 92190.15
B123: GENERALLY
B125: Allow for any other works which are not included above and which are required to complete the Accessories in accordance with the Specification and the drawings (Tenderer to list below): | D125: Item
A127: A | B127: Variance in quantity following in-house Quantity Take Off | C127: 1 | D127: item | F127: =+E127*C127 -> 0
C166: To Collection | E166: AED | F166: =SUM(F125:F163) -> 0
B169: COLLECTION
B171: Page 5/K/1 | F171: =+F49 -> 0
B173: Page 5/K/2 | F173: =+F76 -> 2852436.7
B175: Page 5/K/3 | F175: =+F120 -> 92190.15
B177: Page 5/K/4 | F177: =+F166 -> 0
C216: Carried To Summary | E216: AED | F216: =SUM(F168:F214) -> 2944626.8

Sheet Bill 5 Furnishings
A1: Item | B1: Description | C1: Quantity | D1: Unit | E1: Rate | F1: Amount
E2: AED | F2: AED
B4: FURNISHINGS
B6: SITE FURNITURE
B8: Site furniture; including all ancillary works as necessary
B10: External
A12: A | B12: F1: Bollards | C12: 199 | D12: Nr. | E12: 1979.21 | F12: =E12*C12 -> 393862.79
F13: =E13*C13 -> 0
A14: B | B14: F2: Bollards (Removable) | C14: 19 | D14: Nr. | E14: 4135.28 | F14: =E14*C14 -> 78570.32
F15: =E15*C15 -> 0
A16: C | B16: F3: Climbing play structure 1 | C16: 1 | D16: Nr. | E16: 114258.55 | F16: =E16*C16 -> 114258.55
F17: =E17*C17 -> 0
A18: D | B18: F4: Climbing play structure 2 | C18: 1 | D18: Nr. | E18: 18905.1 | F18: =E18*C18 -> 18905.1
F19: =E19*C19 -> 0
A20: E | B20: F5: Cycle stand | C20: 9 | D20: Nr. | E20: 1916.47 | F20: =E20*C20 -> 17248.23
F21: =E21*C21 -> 0
A22: F | B22: F6: Handrail; 900mm high | C22: 62 | D22: m | E22: 2013.78 | F22: =E22*C22 -> 124854.36
F23: =E23*C23 -> 0
A24: G | B24: F7: Litter bins | C24: 11 | D24: Nr. | E24: 3441.34 | F24: =E24*C24 -> 37854.74
F25: =E25*C25 -> 0
A26: H | B26: F8: Precast concrete pots | C26: 20 | D26: Nr. | E26: 4958.52 | F26: =E26*C26 -> 99170.4
F27: =E27*C27 -> 0
A28: J | B28: F9: Precast concrete timber clad seat; 650mm wide | C28: 106 | D28: m | E28: 2333.86 | F28: =E28*C28 -> 247389.16
F29: =E29*C29 -> 0
A30: K | B30: F10: Recycle bins | C30: 6 | D30: Nr. | E30: 6336.15 | F30: =E30*C30 -> 38016.9
F31: =E31*C31 -> 0
A32: L | B32: F11: Sculptural planting feature | C32: 3 | D32: Nr. | E32: 6406.57 | F32: =E32*C32 -> 19219.71
F33: =E33*C33 -> 0
A34: M | B34: F12: Shade structure | C34: 1 | D34: Nr. | E34: 148745.37 | F34: =E34*C34 -> 148745.37
F35: =E35*C35 -> 0
A36: N | B36: F13: Safety gate | C36: 4 | D36: Nr. | E36: 18889.74 | F36: =E36*C36 -> 75558.96
C50: To Collection | E50: AED | F50: =SUM(F4:F48) -> 1413654.6
B53: GENERALLY
A55: A | B55: Allow for any other works which are not included above and which are required to complete the Furnishings in accordance with the Specification and the drawings (Tenderer to list below): | D55: Item
B56: Parking Shades
A58: A | B58: Structural Steel frame to receive solar panels (by Others) including protective coating, concrete foundations etc. | C58: 19 | D58: t | F58: Deleted - Refer to PTC-18 Item 4
B60: Hard Landscaping
A62: B | B62: Seating type S3; 100mm wide x 450mm high, curved | C62: 128 | D62: m | E62: 3746.06 | F62: =E62*C62 -> 479495.68
C93: To Collection | E93: AED | F93: =SUM(F52:F91) -> 479495.68
B96: COLLECTION
B98: Page 5/M/1 | F98: =F50 -> 1413654.6
B100: Page 5/M/2 | F100: =F93 -> 479495.68
C143: Carried To Summary | E143: AED | F143: =SUM(F95:F141) -> 1893150.3

Sheet Bill 5 - Mech
A1: Item | B1: Description | C1: Quantity | D1: Unit | E1: Rate | F1: Amount
E2: AED | F2: AED
B4: MECHANICAL ENGINEERING INSTALLATIONS
B6: IRRIGATION SYSTEM
B8: uPVC pipe irrigation duct; including excavation, backfilling, ropes, and all ancillary works as necessary
A10: A | B10: Duct uPVC pipe - size 50mm diameter | C10: 308 | D10: m | E10: 21.59 | F10: =E10*C10 -> 6649.72
F11: =E11*C11 -> 0
A12: B | B12: Duct uPVC pipe - size 75mm diameter | C12: 152 | D12: m | E12: 31.84 | F12: =E12*C12 -> 4839.68
F13: =E13*C13 -> 0
A14: C | B14: Duct uPVC pipe - size 110mm diameter | C14: 107 | D14: m | E14: 51.04 | F14: =E14*C14 -> 5461.28
F15: =E15*C15 -> 0
A16: D | B16: Duct uPVC pipe - size 160mm diameter | C16: 34 | D16: m | E16: 121.46 | F16: =E16*C16 -> 4129.64
F17: =E17*C17 -> 0
B18: Pipe specialties/accessories; including all related fixing materials and ancillary works as necessary | F18: =E18*C18 -> 0
F19: =E19*C19 -> 0
A20: E | B20: Drip solenoid valve (DV1) - size 2" diameter | C20: 1 | D20: Nr. | E20: 2787.09 | F20: =E20*C20 -> 2787.09
F21: =E21*C21 -> 0
A22: F | B22: Drip solenoid valve (DV1a) - size 2" diameter | C22: 1 | D22: Nr. | E22: 2787.09 | F22: =E22*C22 -> 2787.09
F23: =E23*C23 -> 0
A24: G | B24: Drip solenoid valve (DV2) - size 2" diameter | C24: 1 | D24: Nr. | E24: 2787.09 | F24: =E24*C24 -> 2787.09
F25: =E25*C25 -> 0
A26: H | B26: Drip solenoid valve (DV3) - size 2" diameter | C26: 1 | D26: Nr. | E26: 2787.09 | F26: =E26*C26 -> 2787.09
F27: =E27*C27 -> 0
A28: J | B28: Drip solenoid valve (DV4) - size 2" diameter | C28: 1 | D28: Nr. | E28: 2787.09 | F28: =E28*C28 -> 2787.09
F29: =E29*C29 -> 0
A30: K | B30: Drip solenoid valve (DV5) - size 2" diameter | C30: 1 | D30: Nr. | E30: 2787.09 | F30: =E30*C30 -> 2787.09
F31: =E31*C31 -> 0
A32: L | B32: Drip solenoid valve (DV6) - size 2" diameter | C32: 1 | D32: Nr. | E32: 2787.09 | F32: =E32*C32 -> 2787.09
F33: =E33*C33 -> 0
A34: M | B34: Drip solenoid valve (DV7) - size 1.5" diameter | C34: 1 | D34: Nr. | E34: 2538.71 | F34: =E34*C34 -> 2538.71
F35: =E35*C35 -> 0
A36: N | B36: Drip solenoid valve (DV8) - size 2" diameter | C36: 1 | D36: Nr. | E36: 2787.09 | F36: =E36*C36 -> 2787.09
F37: =E37*C37 -> 0
A38: P | B38: Drip solenoid valve (DV9) - size 2" diameter | C38: 1 | D38: Nr. | E38: 2787.09 | F38: =E38*C38 -> 2787.09
F39: =E39*C39 -> 0
A40: Q | B40: Drip solenoid valve (DV10) - size 2" diameter | C40: 1 | D40: Nr. | E40: 2787.09 | F40: =E40*C40 -> 2787.09
F41: =E41*C41 -> 0
A42: R | B42: Drip solenoid valve (DV11) - size 2" diameter | C42: 1 | D42: Nr. | E42: 2787.09 | F42: =E42*C42 -> 2787.09
F43: =E43*C43 -> 0
A44: S | B44: Drip solenoid valve (DV12) - size 2" diameter | C44: 1 | D44: Nr. | E44: 2787.09 | F44: =E44*C44 -> 2787.09
F45: =E45*C45 -> 0
C47: To Collection | E47: AED | F47: =SUM(F7:F46) -> 57064.11
B50: IRRIGATION SYSTEM (Cont´d)
A52: A | B52: Sprinkler solenoid valve (SV01) - size 2" diameter | C52: 1 | D52: Nr. | E52: 2787.09 | F52: =E52*C52 -> 2787.09
F53: =E53*C53 -> 0
A54: B | B54: Sprinkler solenoid valve (SV02) - size 2" diameter | C54: 1 | D54: Nr. | E54: 2787.09 | F54: =E54*C54 -> 2787.09
F55: =E55*C55 -> 0
A56: C | B56: Sprinkler solenoid valve (SV02) - size 1.5" diameter | C56: 1 | D56: Nr. | E56: 2538.71 | F56: =E56*C56 -> 2538.71
F57: =E57*C57 -> 0
A58: D | B58: Quick coupling - size 2" diameter | C58: 7 | D58: Nr. | E58: 1517.01 | F58: =E58*C58 -> 10619.07
F59: =E59*C59 -> 0
A60: E | B60: Air/vacuum valve | C60: 1 | D60: Nr. | E60: 7036.49 | F60: =E60*C60 -> 7036.49
F61: =E61*C61 -> 0
A62: F | B62: Flush valve | C62: 1 | D62: Nr. | E62: 1141.88 | F62: =E62*C62 -> 1141.88
F63: =E63*C63 -> 0
B64: Drip irrigation accessories; including compression fittings, spike, and all related fixing materials as necessary | F64: =E64*C64 -> 0
F65: =E65*C65 -> 0
A66: G | B66: Drip riser for palm | C66: 91 | D66: Nr. | E66: 56.16 | F66: =E66*C66 -> 5110.56
F67: =E67*C67 -> 0
A68: H | B68: Drip riser for shrub and ground cover | C68: 320 | D68: Nr. | E68: 56.16 | F68: =E68*C68 -> 17971.2
F69: =E69*C69 -> 0
A70: J | B70: Drip riser for trees | C70: 656 | D70: Nr. | E70: 56.16 | F70: =E70*C70 -> 36840.96
F71: =E71*C71 -> 0
A72: K | B72: MP rotator - full circle | C72: 15 | D72: Nr. | E72: 77.93 | F72: =E72*C72 -> 1168.95
F73: =E73*C73 -> 0
A74: L | B74: MP rotator - half circle | C74: 20 | D74: Nr. | E74: 77.93 | F74: =E74*C74 -> 1558.6
F75: =E75*C75 -> 0
A76: M | B76: Sprayer - full circle | C76: 54 | D76: Nr. | E76: 77.93 | F76: =E76*C76 -> 4208.22
F77: =E77*C77 -> 0
A78: N | B78: Pull box | C78: 29 | D78: Nr. | E78: 458.18 | F78: =E78*C78 -> 13287.22
F79: =E79*C79 -> 0
A80: P | B80: Allow for connection to the nearest electrical power supply including cables, conduits, terminations and all ancillary works as necessary | C80: 1 | D80: Item | E80: 18134.34 | F80: =E80*C80 -> 18134.34
C89: To Collection | E89: AED | F89: =SUM(F52:F88) -> 125190.38
B92: DRAINAGE INSTALLATION
B94: Note: Refer to the following:
B96: 1) Drawing Nr. D-12200 to D-12259, D-13100 to D-13110 and 3D View Al-Khail R20 Plumb; all inclusive
B98: 2) Drainage general notes, symbols and legends and Drainage equipment schedule Drawing Nr. D-09102 and D-00050
B100: 3) Al Khail Avenue Mall Redevelopment - Mechanical Specification dated March 28, 2022
B102: uPVC pipework; including fittings, supports and ancillary work as necessary
B104: Rainwater pipework
F105: =E105*C105 -> 0
A106: A | B106: 110mm diameter | C106: 43 | D106: m | E106: 130.82 | F106: =E106*C106 -> 5625.26
F107: =E107*C107 -> 0
A108: B | B108: 150mm diameter | C108: 66 | D108: m | E108: 183.55 | F108: =E108*C108 -> 12114.3
F109: =E109*C109 -> 0
A110: C | B110: 250mm diameter | C110: 30 | D110: m | E110: 110.97 | F110: =E110*C110 -> 3329.1
F111: =E111*C111 -> 0
B112: Waste pipework | F112: =E112*C112 -> 0
F113: =E113*C113 -> 0
A114: D | B114: 100mm diameter | C114: 89 | D114: m | E114: 130.82 | F114: =E114*C114 -> 11642.98
F115: =E115*C115 -> 0
A116: E | B116: 150mm diameter | C116: 81 | D116: m | E116: 183.55 | F116: =E116*C116 -> 14867.55
F117: =E117*C117 -> 0
A118: F | B118: 200mm diameter | C118: 44 | D118: m | E118: 159.77 | F118: =E118*C118 -> 7029.88
F119: =E119*C119 -> 0
B120: Soil pipework | F120: =E120*C120 -> 0
F121: =E121*C121 -> 0
A122: G | B122: 150mm diameter | C122: 57 | D122: m | E122: 183.55 | F122: =E122*C122 -> 10462.35
F123: =E123*C123 -> 0
A124: H | B124: 200mm diameter | C124: 69 | D124: m | E124: 159.77 | F124: =E124*C124 -> 11024.13
...

Sheet Bill 5 - Elec
A1: Item | B1: Description | C1: Quantity | D1: Unit | E1: Rate | F1: Amount | G1: VE Ref.
E2: AED | F2: AED
B4: ELECTRICAL ENGINEERING INSTALLATIONS
B6: POWER INSTALLATION
B8: Note: Refer to the following:
B10: 1) Drawing Nr. E-00003 to 10200 and E-12556 to 12634; all inclusive
B12: 2) Al Khail Avenue Mall Redevelopment Electrical Specifications dated March 28, 2022
B14: XLPE cables including earth connectivity conductor cables, terminations, lugs, supports and all ancillary work
B16: 1 x 2C x 35mm² CU/XLPE/SWA/LSOH + 1 x 1C x 25mm² CU/LSOH ECC
A18: A | B18: From SMDB-S-05-G01 to e01 signage isolator | C18: 1 | D18: Item | E18: 10138.73 | F18: =E18*C18 -> 10138.73
B20: 1 x 4C x 10mm² CU/XLPE/SWA/LSOH + 1 x 1C x 10mm² CU/LSOH ECC
A22: B | B22: From SMDB-S-05-G01 to electric vehicle charger isolator | C22: 1 | D22: Item | E22: 9170.31 | F22: =E22*C22 -> 9170.31
B24: 1 x 4mm² CCT + 1 x 4mm² RCC
A26: C | B26: From DB-S-01-G01 to 20A SP weatherproof isolator for signage | C26: 1 | D26: Item | E26: 3673.77 | F26: =E26*C26 -> 3673.77
A28: D | B28: From DB-S-04-G01 to 20A SP weatherproof isolator for signage | C28: 1 | D28: Item | E28: 3673.77 | F28: =E28*C28 -> 3673.77
A30: E | B30: From DB-S-04-G04 to 20A SP weatherproof isolator for signage | C30: 1 | D30: Item | E30: 3673.77 | F30: =E30*C30 -> 3673.77
A32: F | B32: Allow for cable from FP-07 to isolator for sump pump | C32: 1 | D32: Item | E32: 9170.31 | F32: =E32*C32 -> 9170.31
A34: G | B34: Allow for cable from SMDB-S-01-G01 to 63A SP isolator for signage | C34: 1 | D34: Item | E34: 11044.47 | F34: =E34*C34 -> 11044.47
A36: H | B36: Allow for cable from SMDB-S-01-G01 to isolator for electric vehicle charger | C36: 1 | D36: Item | E36: 11044.47 | F36: =E36*C36 -> 11044.47
C40: To Collection | E40: AED | F40: =SUM(F13:F37) -> 61589.6
B43: POWER INSTALLATION (Cont´d)
B45: MV trench; including excavation, backfilling, fitting, formworks, supports, necessary accessories and all ancillary work as necessary
A47: A | B47: MV trench with accessible cover | C47: 81 | D47: m | E47: 1745.72 | F47: =E47*C47 -> 141403.32
B49: Ducts; including trench excavation, backfilling, fitting, supports, necessary accessories and all ancillary work as necessary
A51: B | B51: 2 x 150mm diameter uPVC duct | C51: 45 | D51: m | E51: 138.28 | F51: =E51*C51 -> 6222.6
F52: =E52*C52 -> 0
A53: C | B53: 150mm diameter uPVC duct | C53: 136 | D53: m | E53: 81.31 | F53: =E53*C53 -> 11058.16
F54: =E54*C54 -> 0
A55: D | B55: 100mm concrete encased duct | C55: 15 | D55: m | E55: 394.15 | F55: =E55*C55 -> 5912.25
B57: Manholes; including excavation, backfilling, fitting, supports, necessary accessories and all ancillary work as necessary
A59: E | B59: Size 600 x 600mm | C59: 9 | D59: Nr. | E59: 10344.83 | F59: =E59*C59 -> 93103.47
B61: Road crossing cable protection and all ancillary works as necessary
A63: F | B63: 150mm 2 way road crossing encasement | C63: 51 | D63: m | E63: 528.92 | F63: =E63*C63 -> 26974.92
F64: =E64*C64 -> 0
A65: G | B65: 150mm 4 way road crossing encasement | C65: 5 | D65: m | E65: 790.24 | F65: =E65*C65 -> 3951.2
A67: H | B67: Allow for tie-in connection and all ancillary works as necessary | D67: Item | F67: Included
B69: Equipment; including supports and all ancillary work as necessary
B71: Feeder pillar
A73: J | B73: FP-04; TCL = 25.84kW | C73: 1 | D73: Nr. | E73: 5534.39 | F73: =E73*C73 -> 5534.39
C82: To Collection | E82: AED | F82: =SUM(F43:F80) -> 294160.31
B85: POWER INSTALLATION (Cont´d)
A87: A | B87: FP-05: TCL = 0.82kW | C87: 1 | D87: Nr. | E87: 7831.38 | F87: =E87*C87 -> 7831.38
F88: =E88*C88 -> 0
A89: B | B89: FP-07; TCL = 1.56kW | C89: 1 | D89: Nr. | E89: 7831.38 | F89: =E89*C89 -> 7831.38
F90: =E90*C90 -> 0
B91: Isolating switch | F91: =E91*C91 -> 0
F92: =E92*C92 -> 0
A93: C | B93: 20A SP weather proof isolator | C93: 3 | D93: Nr. | E93: 416.22 | F93: =E93*C93 -> 1248.66
F94: =E94*C94 -> 0
A95: D | B95: 63A SP weather proof isolator | C95: 1 | D95: Nr. | E95: 1282.44 | F95: =E95*C95 -> 1282.44
F96: =E96*C96 -> 0
A97: E | B97: 100A SP weatherproof isolator | C97: 1 | D97: Nr. | E97: 1392.22 | F97: =E97*C97 -> 1392.22
F98: =E98*C98 -> 0
A99: F | B99: 40A TP weatherproof isolator | C99: 1 | D99: Nr. | E99: 1360.56 | F99: =E99*C99 -> 1360.56
F100: =E100*C100 -> 0
A101: G | B101: Sump pump isolator | C101: 1 | D101: Nr. | E101: 968.23 | F101: =E101*C101 -> 968.23
F102: =E102*C102 -> 0
A103: H | B103: 15kW electric vehicle charger isolator | C103: 1 | D103: Nr. | E103: 1300.11 | F103: =E103*C103 -> 1300.11
B105: Small power
B107: Final sub-circuits and all ancillary installations complete; including cabling, containment and terminations as necessary (primary containment measured elsewhere)
A109: J | B109: Connection unit points | C109: 19 | D109: Nr. | E109: 962.02 | F109: =E109*C109 -> 18278.38
F110: =E110*C110 -> 0
A111: K | B111: Vehicle charger points | C111: 2 | D111: Nr. | E111: 190.68 | F111: =E111*C111 -> 381.36
F112: =E112*C112 -> 0
B113: Accessories; including fixings, supports, hangers and all ancillary works as necessary | F113: =E113*C113 -> 0
F114: =E114*C114 -> 0
A115: L | B115: Connection unit, weatherproof | C115: 5 | D115: Nr. | E115: 324.02 | F115: =E115*C115 -> 1620.1
F116: =E116*C116 -> 0
A117: M | B117: Connection unit, weatherproof floor mounted | C117: 14 | D117: Nr. | E117: 324.02 | F117: =E117*C117 -> 4536.28
F118: =E118*C118 -> 0
A119: N | B119: Electric vehicle charger | C119: 2 | D119: Nr. | E119: 19294.57 | F119: =E119*C119 -> 38589.14
C129: To Collection | E129: AED | F129: =SUM(F85:F127) -> 86620.24
B132: LIGHTING INSTALLATION
B134: Note: Refer to the following:
B136: 1) Drawing Nr. E-00010, E-00300 and AKA-CDM-ZZ-LS-DR-LT-300 to ZH-LS-DR-LT-300H; all inclusive
B138: 2) Lighting Fixture Schedule- Landscape dated September 16, 2021 and Lighting Fixture Control Schedule- Landscape dated March 30, 2022
B140: 3) Lighting Fixture Schedule - Interior dated March 30, 2022 and Lighting Fixture Control Schedule- Interior dated April 1, 2022
B142: Final sub-circuits and auxiliary installations complete; including cabling, containment and terminations as necessary
A144: A | B144: Landscape light points | C144: 963 | D144: Nr. | E144: 1738.06 | F144: =E144*C144 -> 1673751.8
F145: =E145*C145 -> 0
A146: B | B146: Landscape linear light points | C146: 2,504 | D146: m | E146: 579.35 | F146: =E146*C146 -> 1450692.4
F147: =E147*C147 -> 0
B148: Light fittings; including fixings, supports, hangers and all ancillary works as necessary | F148: =E148*C148 -> 0
F149: =E149*C149 -> 0
A150: C | B150: Type LL1; 14W adjustable outdoor rated spike light, 25 beam angle, 3000K, 862 lm, CRI 90, IP66 rating | C150: 102 | D150: Nr. | E150: 1056.36 | F150: =E150*C150 -> 107748.72 | G150: EM-50
F151: =E151*C151 -> 0
A152: D | B152: Type LL2; 14W adjustable outdoor rated spike light, 37 beam angle, 3000K, 862 lm, CRI 90, IP66 rating | C152: 660 | D152: Nr. | E152: 1056.36 | F152: =E152*C152 -> 697197.6 | G152: EM-50
F153: =E153*C153 -> 0
A154: E | B154: Type LL3; 5Wuplights on bollards, 284 lm, IP68 rating | C154: 6 | D154: Nr. | E154: 1178.66 | F154: =E154*C154 -> 7071.96 | G154: EM-50
F155: =E155*C155 -> 0
A156: F | B156: Type LL4; 12W light bollard, 1032 lm, IP65 rating | C156: 10 | D156: Nr. | E156: 1361.76 | F156: =E156*C156 -> 13617.6 | G156: EM-50
F157: =E157*C157 -> 0
A158: G | B158: Type LL5; 11.5W/m LED tapelight under the skirting and benches, 600 lm/m, IP67 rating | C158: 2,504 | D158: m | E158: 142.6 | F158: =E158*C158 -> 357070.4 | G158: EM-50
B162: ** VE Reference "EM-" denotes items raised by Client in the VE Schedule
C164: To Collection | E164: AED | F164: =SUM(F137:F163) -> 4307150.5
B167: LIGHTING INSTALLATION (Cont´d)
A169: A | B169: Type LL6; 18W floor recessed uplights, 2301 lm, IP66 rating | C169: 20 | D169: Nr. | E169: 1289.95 | F169: =E169*C169 -> 25799 | G169: EM-50
F170: =E170*C170 -> 0
A171: B | B171: Type LL7; 7W spike light for shrubs, 374 lm, IP66 rating | C171: 7 | D171: Nr. | E171: 871.25 | F171: =E171*C171 -> 6098.75 | G171: EM-50
F172: =E172*C172 -> 0
...

Sheet Bill 5-Sum
A1: Item | B1: Description | C1: Page Nr. | D1: Amount AED
B5: SUMMARY
B8: SITE WORK | C8: 5/B/1 - 5/B/15 | D8: ='Bill 5 Sitework'!F618 -> 13202527
B11: CONCRETE WORK | C11: 5/C/1 - 5/C/2 | D11: ='Bill 5 Concrete Work'!F144 -> 354039.55
B14: THERMAL AND MOISTURE PROTECTION | C14: 5/G/1 - 5/G/2 | D14: ='Bill 5 Thermal and Moisture'!F139 -> 30683.1
B17: FINISHES | C17: 5/J/1 - 5/J/2 | D17: ='Bill 5 Finishes'!F142 -> 315752.38
B20: ACCESSORIES | C20: 5/K/1 - 5/K/4 | D20: ='Bill 5 Accessories'!F216 -> 2944626.8
B23: FURNISHINGS | C23: 5/M/1 - 5/M/2 | D23: ='Bill 5 Furnishings'!F143 -> 1893150.3
B26: MECHANICAL ENGINEERING INSTALLATIONS | C26: 5/Q1/1 - 5/Q1/6 | D26: ='Bill 5 - Mech'!F319 -> 836154.44
B29: ELECTRICAL ENGINEERING INSTALLATIONS | C29: 5/R/1 - 5/R/9 | D29: ='Bill 5 - Elec'!F408 -> 7998805.3
B50: TOTAL FOR BILL NO. 5 - EXTERNAL WORKS
B51: TO MAIN SUMMARY | C51: AED | D51: =SUM(D4:D49) -> 27575739
