Workbook

Sheet Fly-Bill 3
A22: BILL NO. 3
A24: MALL REFURBISHMENT

Sheet Bill 3 Siteworks
A1: Item | B1: Description | C1: Quantity | D1: Unit | E1: Rate | F1: Amount
E2: AED | F2: AED
B4: SITE WORK
B6: SITE PREPARATION
B8: Note: Refer to the following
B10: 1. Structure Specification dated 28 March 2022
B12: Anti-termite treatment; including surface preparation and all ancillary works as necessary
A14: A | B14: Horizontal and vertical surfaces; foundation | C14: 42 | D14: m² | E14: 1.62 | F14: =C14*E14 -> 68.04
A16: B | B16: Horizontal and vertical surfaces; ground beams | C16: 289 | D16: m² | E16: 1.62 | F16: =C16*E16 -> 468.18
A18: C | B18: Horizontal surfaces; slab on grade | C18: 534 | D18: m² | E18: 1.62 | F18: =C18*E18 -> 865.08
A20: D | B20: Horizontal and vertical surfaces; pilecaps | C20: 130 | D20: m² | E20: 1.62 | F20: =C20*E20 -> 210.6
B22: Dewatering; including all ancillary works as necessary
A24: E | B24: Generally | D24: Item | F24: Not required
C45: To Collection | E45: AED | F45: =SUM(F12:F35) -> 1611.9
B48: EARTHWORKS
B50: Excavation; including earthwork support and all necessary works
A52: A | B52: Excavation to reduced level | C52: 233 | D52: m³ | E52: 21.34 | F52: =C52*E52 -> 4972.22
A54: B | B54: Pit excavation; to pile caps | C54: 37 | D54: m³ | E54: 34.69 | F54: =C54*E54 -> 1283.53
A56: C | B56: Pit excavation; footing | C56: 6 | D56: m³ | E56: 34.69 | F56: =C56*E56 -> 208.14
A58: D | B58: Trench excavation; to ground beams | C58: 86 | D58: m³ | E58: 41.37 | F58: =C58*E58 -> 3557.82
B60: Disposal; to approved locations and all ancillary works as necessary
A62: E | B62: Backfilled into excavation; compacted back filling up to 95% compaction ratio | C62: 6 | D62: m³ | E62: 34.91 | F62: =C62*E62 -> 209.46
A64: F | B64: Removed off site including suitable trip | C64: 356 | D64: m³ | E64: 70.42 | F64: =C64*E64 -> 25069.52
B66: Engineering backfill; compacted wall graded; including all ancillary works as necessary
A68: G | B68: 95% maximum dry density | C68: 652 | D68: m² | E68: 15.95 | F68: =C68*E68 -> 10399.4
C89: To Collection | E89: AED | F89: =SUM(F49:F75) -> 45700.09
B92: PILING
B94: Note: Refer to the following:
B96: 1. Drawing Reference Nr. S-00011 and S-60001
B98: 2. Conduct additional boreholes, trial holes/pits and soil investigation to supplement subsurface investigation; as may required by the Engineer/ Employer, Dubai Municipality and other local authorities requirements
B100: 3. The Contractor shall be responsible for determining the final length of the piles and the rates shall include any extension or additional length as a result of the Contractor's design.
B102: 4. Boring cost shall be deemed to include the cost of drilling fluid, linings and temporary fill
B104: 5. Boring cost shall be deemed to include any soil obstruction
B106: 6. The working platform level is at the discretion of the Contractor and any cost associated will be deemed to be included within the rates.
B108: 7. Structures Specification dated 28 March 2022 Section 316300
B110: Boring
A112: A | B112: Type CA-P01; 600 mm diameter | C112: 5 | D112: Nr. | E112: 11354.28 | F112: =C112*E112 -> 56771.4
A114: B | B114: Type ESC-P01; 600 mm diameter | C114: 4 | D114: Nr. | E114: 10954.51 | F114: =C114*E114 -> 43818.04
A116: C | B116: Type FB-P1; 600 mm diameter | C116: 14 | D116: Nr. | E116: 20706.13 | F116: =C116*E116 -> 289885.82
B119: In-situ bored piles; concrete grade C50/60 with CEM I+GGBS+MS
A121: D | B121: 600 mm diameter | D121: Item | F121: Included
A123: E | B123: 600 mm diameter (RATE ONLY) | D123: m³ | E123: 729.9 | F123: Rate only
C126: To Collection | E126: AED | F126: =SUM(F106:F124) -> 390475.26
B129: PILING (Cont´d)
B131: Reinforcement to In situ bored piles; with minimum yield point strength 460N/mm2; shall comply to ASTM 615 or BS4449
A133: A | B133: Various diameters | D133: Item | F133: Included
A135: B | B135: Various diameters (RATE ONLY) | D135: t | E135: 4801.98 | F135: Rate only
B137: Disposal
A139: C | B139: Materials arising from boreholes | D139: Item | E139: 23856.22 | F139: =+E139 -> 23856.22
A141: D | B141: Materials arising from boreholes (RATE ONLY) | D141: m³ | E141: 216.09 | F141: Rate only
A143: E | B143: Drilling fluids arising from boreholes | D143: Item | E143: 16832.13 | F143: =+E143 -> 16832.13
A145: F | B145: Drilling fluids arising from boreholes (RATE ONLY) | D145: m³ | E145: 152.46 | F145: Rate only
B147: Cutting off tops of piles; to required cut-off levels including disposal of excess materials and all ancillary works as necessary
A149: G | B149: 600 mm diameter x 16460mm long; pile type CA-P01 | C149: 5 | D149: Nr. | E149: 516.93 | F149: =C149*E149 -> 2584.65
A151: H | B151: 600 mm diameter x 16460mm long; pile type ESC-P01 | C151: 4 | D151: Nr. | E151: 516.93 | F151: =C151*E151 -> 2067.72
A153: J | B153: 600 mm diameter x 16460mm long; pile type FB-P1 | C153: 14 | D153: Nr. | E153: 516.93 | F153: =C153*E153 -> 7237.02
B155: Pile head treatment
A157: K | B157: 600 mm diameter; pile type CA-P01 | C157: 5 | D157: Nr. | E157: 366.16 | F157: =C157*E157 -> 1830.8
A159: L | B159: 600 mm diameter; pile type ESC-P01 | C159: 4 | D159: Nr. | E159: 366.16 | F159: =C159*E159 -> 1464.64
A161: M | B161: 600 mm diameter; pile type FB-P1 | C161: 14 | D161: Nr. | E161: 366.16 | F161: =C161*E161 -> 5126.24
B163: Pile tests
C166: To Collection | E166: AED | F166: =SUM(F131:F163) -> 60999.42
B169: PILING (Cont´d)
A171: A | B171: To preliminary piles including construction of preliminary piles | D171: Item | E171: 236705.08 | F171: =+E171 -> 236705.08
A173: B | B173: To working piles | D173: Item | F173: Included
B175: Others
A177: C | B177: Keeping records of site observations, site tests and laboratory tests | D177: Item | F177: Included
A179: D | B179: Samples,site observations, site tests including for carrying out necessary tests and investigation of the ground conditions and water table | D179: Item | E179: 13461.75 | F179: =+E179 -> 13461.75
A181: E | B181: Carry-out exploratory trenches to locate existing services and utilities; including protection and maintenance of services and utilities to its existing location | D181: Item | E181: 6461.64 | F181: =+E181 -> 6461.64
A183: F | B183: Proper setting out of survey control points/benchmarks of the Works and ensuring correctness of position, levels and alignment of all parts of the Works and ensure that site preparation operations preserve existing survey | D183: Item | E183: 7538.58 | F183: =+E183 -> 7538.58
A185: G | B185: Providing reports | D185: Item | E185: 2153.88 | F185: =+E185 -> 2153.88
C202: To Collection | E202: AED | F202: =SUM(F171:F193) -> 266320.93
B205: GENERALLY
A207: A | B207: Allow for any other works which are not included above and which are required to complete the Site Work in accordance with the Specification and the Drawings (Tenderer to list below) | D207: Item | F207: =C207*E207 -> 0
B209: Shoring
A211: A | B211: Shoring works to south entrance | C211: 1 | D211: Item | E211: 78464.68 | F211: =C211*E211 -> 78464.68
C246: To Collection | E246: AED | F246: =SUM(F206:F219) -> 78464.68
B249: COLLECTION
B251: Page 3/B/1 | F251: =F45 -> 1611.9
B253: Page 3/B/2 | F253: =F89 -> 45700.09
B255: Page 3/B/3 | F255: =F126 -> 390475.26
B257: Page 3/B/4 | F257: =F166 -> 60999.42
B259: Page 3/B/5 | F259: =F202 -> 266320.93
B261: Page 3/B/6 | F261: =F246 -> 78464.68
C294: Carried To Summary | E294: AED | F294: =SUM(F248:F271) -> 843572.28

Sheet Bill 3 Siteworks-EO
A1: Item | B1: Description | C1: Quantity | D1: Unit | E1: Rate | F1: Amount
E2: AED | F2: AED
B4: SITE WORK
B6: PILING
B8: Boring
B10: Extra-Over for Complying to Authority Comments
A12: A | B12: Omit 5nos of Type FB-P1; 600 mm diameter | C12: -5 | D12: Nr. | E12: 20706.13 | F12: =C12*E12 -> -103530.65
A14: B | B14: Add Type FB-P2; 750 mm diameter | C14: 5 | D14: Nr. | E14: 26291.234 | F14: =C14*E14 -> 131456.17
B16: Disposal
A18: C | B18: Materials arising from boreholes - Extra-Over for Complying to Authority Comments | D18: Item | E18: 2334.6456 | F18: =+E18 -> 2334.6456
A20: D | B20: Drilling fluids arising from boreholes - Extra-Over for Complying to Authority Comments | D20: Item | E20: 1647.2471 | F20: =+E20 -> 1647.2471
B22: Pile tests
A24: E | B24: To preliminary piles including construction of preliminary piles - Extra-Over for Complying to Authority Comments | D24: Item | E24: 23164.735 | F24: =+E24 -> 23164.735
C27: Carried To Summary | E27: AED | F27: =SUM(F5:F25) -> 55072.15

Sheet Bill 3 Concrete
A1: Item | B1: Description | C1: Quantity | D1: Unit | E1: Rate | F1: Amount
E2: AED | F2: AED
B4: CONCRETE WORK
B6: REINFORCED CONCRETE
B8: Note: Refer to the following:
B10: 1. Drawing Reference Nr. S-00011 and S-60001
B12: 2. Structures Specification dated 28 March 2022
B14: Plain poured concrete; compressive strength 15 MPa with cement type SRPC
A16: A | B16: Blinding; 100mm thick | C16: 85 | D16: m³ | E16: 395.25 | F16: =C16*E16 -> 33596.25
B18: Reinforced concrete; compressive strength 60 MPa with cement type CEM I+GGBS
A20: B | B20: Pile cap | C20: 27 | D20: m³ | E20: 396.11 | F20: =C20*E20 -> 10694.97
A22: C | B22: Footing | C22: 7 | D22: m³ | E22: 396.11 | F22: =C22*E22 -> 2772.77
A24: D | B24: Ground beams | C24: 64 | D24: m³ | E24: 408.53 | F24: =C24*E24 -> 26145.92
A26: E | B26: Slab on grade; 200mm thick | C26: 74 | D26: m³ | E26: 404.64 | F26: =C26*E26 -> 29943.36
A28: F | B28: Slab on grade; 300mm thick | C28: 103 | D28: m³ | E28: 404.64 | F28: =C28*E28 -> 41677.92
A30: G | B30: Slab on grade; 750mm thick | C30: 18 | D30: m³ | E30: 404.64 | F30: =C30*E30 -> 7283.52
A32: H | B32: Suspended slab; 200mm thick | C32: 424 | D32: m³ | E32: 417.06 | F32: =C32*E32 -> 176833.44
A34: J | B34: Suspended slab; 250mm thick | C34: 47 | D34: m³ | E34: 417.06 | F34: =C34*E34 -> 19601.82
A36: K | B36: Suspended slab; 300mm thick | C36: 27 | D36: m³ | E36: 417.06 | F36: =C36*E36 -> 11260.62
A38: L | B38: Suspended slab; 400mm thick | C38: 306 | D38: m³ | E38: 417.06 | F38: =C38*E38 -> 127620.36
A40: M | B40: Suspended slab; 450mm thick | C40: 67 | D40: m³ | E40: 417.06 | F40: =C40*E40 -> 27943.02
A42: N | B42: Suspended slab; 1050mm thick | C42: 46 | D42: m³ | E42: 417.06 | F42: =C42*E42 -> 19184.76
C48: To Collection | E48: AED | F48: =SUM(F14:F44) -> 534558.73
B51: REINFORCED CONCRETE (Cont´d)
A53: A | B53: Beams | C53: 668 | D53: m³ | E53: 408.53 | F53: =C53*E53 -> 272898.04
A55: B | B55: Upstand | C55: 83 | D55: m³ | E55: 411.46 | F55: =C55*E55 -> 34151.18
A57: C | B57: Columns | C57: 100 | D57: m³ | E57: 411.46 | F57: =C57*E57 -> 41146
A59: D | B59: Columns; curved | C59: 65 | D59: m³ | E59: 411.46 | F59: =C59*E59 -> 26744.9
A61: E | B61: Walls; 250mm thick | C61: 6 | D61: m³ | E61: 411.46 | F61: =C61*E61 -> 2468.76
A63: F | B63: Walls; 300mm thick | C63: 981 | D63: m³ | E63: 411.46 | F63: =C63*E63 -> 403642.26
A65: G | B65: Walls; 600mm thick | C65: 51 | D65: m³ | E65: 411.46 | F65: =C65*E65 -> 20984.46
A67: H | B67: Staircase | C67: 70 | D67: m³ | E67: 423.19 | F67: =C67*E67 -> 29623.3
A69: J | B69: Corbels | C69: 2 | D69: m³ | E69: 408.53 | F69: =C69*E69 -> 817.06
A71: K | B71: Pedestal | C71: 2 | D71: m³ | E71: 421.96 | F71: =C71*E71 -> 843.92
A73: L | B73: RC thickening; various thickness | E73: 0 | F73: Included in Strengthening Works
B75: Reinforcement; high yield deformed type 2; 460N/mm2; shall comply to ASTM 615 or BS4449
A77: M | B77: Pile cap; various diameters | C77: 7.17 | D77: t | E77: 4382.11 | F77: =C77*E77 -> 31419.729
A79: N | B79: Footing; various diameters | C79: 1.07 | D79: t | E79: 4382.11 | F79: =C79*E79 -> 4688.8577
A81: P | B81: Pedestal; various diameters | C81: 0.55 | D81: t | E81: 4431.91 | F81: =C81*E81 -> 2437.5505
A83: Q | B83: Ground beams; various diameters | C83: 15.64 | D83: t | E83: 4431.91 | F83: =C83*E83 -> 69315.072
A85: R | B85: Slab on grade; various diameters | C85: 68.35 | D85: t | E85: 4382.11 | F85: =C85*E85 -> 299517.22
A87: S | B87: Suspended slab; various diameters | C87: 236.73 | D87: t | E87: 4431.91 | F87: =C87*E87 -> 1049166.1
A89: T | B89: Beams; various diameters | C89: 206.38 | D89: t | E89: 4431.91 | F89: =C89*E89 -> 914657.59
A91: U | B91: Upstand; various diameters | C91: 7.7 | D91: t | E91: 4431.91 | F91: =C91*E91 -> 34125.707
A93: V | B93: Columns; various diameters | C93: 63.27 | D93: t | E93: 4431.91 | F93: =C93*E93 -> 280406.95
C96: To Collection | E96: AED | F96: =SUM(F51:F93) -> 3519054.6
B99: REINFORCED CONCRETE (Cont´d)
A101: A | B101: Walls; various diameters | C101: 169.91 | D101: t | E101: 4431.91 | F101: =C101*E101 -> 753025.83
A103: B | B103: Staircase; various diameters | C103: 12.64 | D103: t | E103: 4465.11 | F103: =C103*E103 -> 56438.99
A105: C | B105: Corbels; various diameters | C105: 0.23 | D105: t | E105: 4431.91 | F105: =C105*E105 -> 1019.3393
A107: D | B107: Rc thickening; various diameters | E107: 0 | F107: Included in Strengthening Works
B109: Shuttering; including supports, finish and all ancillary works as necessary
A111: E | B111: Sides of pile caps | C111: 107 | D111: m² | E111: 169.41 | F111: =C111*E111 -> 18126.87
A113: F | B113: Sides of footing | C113: 19 | D113: m² | E113: 123.25 | F113: =C113*E113 -> 2341.75
A115: G | B115: Sides of ground beams | C115: 247 | D115: m² | E115: 123.25 | F115: =C115*E115 -> 30442.75
A117: H | B117: Soffits of suspended slab | C117: 3177 | D117: m² | E117: 135.71 | F117: =C117*E117 -> 431150.67
A119: J | B119: Sides and soffits of beams | C119: 3032 | D119: m² | E119: 148.36 | F119: =C119*E119 -> 449827.52
A121: K | B121: Sides of upstand | C121: 987 | D121: m² | E121: 150.18 | F121: =C121*E121 -> 148227.66
A123: L | B123: Sides of columns | C123: 512 | D123: m² | E123: 138.34 | F123: =C123*E123 -> 70830.08
A125: M | B125: Sides of columns; curved | C125: 289 | D125: m² | E125: 236.5 | F125: =C125*E125 -> 68348.5
A127: N | B127: Sides of walls | C127: 7746 | D127: m² | E127: 153.13 | F127: =C127*E127 -> 1186145
A129: P | B129: Sides of corbels | C129: 11 | D129: m² | E129: 148.36 | F129: =C129*E129 -> 1631.96
A131: Q | B131: Sides of pedestal | C131: 14 | D131: m² | E131: 150.18 | F131: =C131*E131 -> 2102.52
A133: R | B133: Sides of thickenings | E133: 0 | F133: Included in Strengthening Works
A135: S | B135: Staircases | C135: 410 | D135: m² | E135: 148.33 | F135: =C135*E135 -> 60815.3
C143: To Collection | E143: AED | F143: =SUM(F99:F137) -> 3280474.7
B146: REINFORCED CONCRETE (Cont´d)
B148: Composite slab; including reinforcement and all ancillary as necessary
A150: A | B150: Type CS1; 150mm thick | C150: 5294 | D150: m² | E150: 287.49 | F150: =C150*E150 -> 1521972.1
A152: B | B152: Type CS1a; 150mm thick | C152: 516 | D152: m² | E152: 287.49 | F152: =C152*E152 -> 148344.84
A154: C | B154: To landing | C154: 10 | D154: m² | E154: 1648.23 | F154: =C154*E154 -> 16482.3
A156: D | B156: To steps; 280mm wide | C156: 110 | D156: m | E156: 606.28 | F156: =C156*E156 -> 66690.8
A158: E | B158: To steps; 350mm wide | C158: 25 | D158: m | E158: 728.91 | F158: =C158*E158 -> 18222.75
A160: F | B160: To steps; 560mm wide | C160: 7 | D160: m | E160: 1211.38 | F160: =C160*E160 -> 8479.66
A162: G | B162: To steps; 700mm wide | C162: 6 | D162: m | E162: 1456.64 | F162: =C162*E162 -> 8739.84
C190: To Collection | E190: AED | F190: =SUM(F148:F170) -> 1788932.3
B193: SUNDRIES
B195: Sundries; including all ancillary works as necessary
A197: A | B197: 200mm thick; structural styrofoam | C197: 151 | D197: m² | E197: 93.5 | F197: =C197*E197 -> 14118.5
A199: B | B199: 500mm thick; structural styrofoam | C199: 114 | D199: m² | E199: 233.76 | F199: =C199*E199 -> 26648.64
A201: C | B201: 590mm thick; structural styrofoam | C201: 2 | D201: m² | E201: 280.51 | F201: =C201*E201 -> 561.02
A203: D | B203: 100mm thick concrete topping | C203: 26 | D203: m³ | E203: 563.21 | F203: =C203*E203 -> 14643.46
C237: To Collection | E237: AED | F237: =SUM(F195:F212) -> 55971.62
B240: GENERALLY
A242: A | B242: Allow for any other works which are not included above and which are required to complete the Concrete Work in accordance with the Specification and the drawings (Tenderer to list below): | D242: Item | F242: =C242*E242 -> 0
B244: Reinforcement
A246: B | B246: A252 mesh top & bottom; to 200mm thk slab on grade | C246: 166 | D246: m² | E246: 33.38 | F246: =+C246*E246 -> 5541.08
B248: Quantity Adjustments
A250: C | B250: Variance in quantity following in-house Quantity Take Off | C250: 1 | D250: item | F250: =+C250*E250 -> 0
C281: To Collection | E281: AED | F281: =SUM(F242:F255) -> 5541.08
B284: COLLECTION
B286: Page 3/C/1 | F286: =F48 -> 534558.73
B288: Page 3/C/2 | F288: =F96 -> 3519054.6
B290: Page 3/C/3 | F290: =F143 -> 3280474.7
B292: Page 3/C/4 | F292: =F190 -> 1788932.3
B294: Page 3/C/5 | F294: =F237 -> 55971.62
B296: Page 3/C/6 | F296: =F281 -> 5541.08
C329: Carried To Summary | E329: AED | F329: =SUM(F283:F303) -> 9184533

Sheet Bill 3 Concrete-EO
A1: Item | B1: Description | C1: Quantity | D1: Unit | E1: Rate | F1: Amount
E2: AED | F2: AED
B4: CONCRETE WORK
B5: EXTRA-OVER FOR COMPLYING TO AUTHORITY COMMENTS
B7: REINFORCED CONCRETE
B9: Plain poured concrete; compressive strength 15 MPa with cement type SRPC
A11: A | B11: Blinding; 100mm thick | C11: 1 | D11: m³ | E11: 395.25 | F11: =C11*E11 -> 395.25
B13: Reinforced concrete; compressive strength 60 MPa with cement type CEM I+GGBS
A15: B | B15: Pile cap | C15: 6 | D15: m³ | E15: 396.11 | F15: =C15*E15 -> 2376.66
A17: C | B17: Beams | C17: 273 | D17: m³ | E17: 408.53 | F17: =C17*E17 -> 111528.69
A19: D | B19: Upstand | C19: 343 | D19: m³ | E19: 411.46 | F19: =C19*E19 -> 141130.78
A21: E | B21: Columns | C21: 346 | D21: m³ | E21: 411.46 | F21: =C21*E21 -> 142365.16
A23: F | B23: Walls; 300mm thick | C23: 788 | D23: m³ | E23: 411.46 | F23: =C23*E23 -> 324230.48
B25: Reinforcement; high yield deformed type 2; 460N/mm2; shall comply to ASTM 615 or BS4449
A26: G | B26: Pile cap; various diameters | C26: 1.29 | D26: t | E26: 4382.11 | F26: =C26*E26 -> 5652.9219
A28: H | B28: Beams; various diameters | C28: 133 | D28: t | E28: 4431.91 | F28: =C28*E28 -> 589444.03
A30: J | B30: Upstand; various diameters | C30: 10 | D30: t | E30: 4431.91 | F30: =C30*E30 -> 44319.1
A32: K | B32: Columns; various diameters | C32: 100 | D32: t | E32: 4431.91 | F32: =C32*E32 -> 443191
A34: L | B34: Walls; various diameters | C34: 122 | D34: t | E34: 4431.91 | F34: =C34*E34 -> 540693.02
C48: To Collection | E48: AED | F48: =SUM(F9:F44) -> 2345327.1
B51: REINFORCED CONCRETE (Cont´d)
B53: Shuttering; including supports, finish and all ancillary works as necessary
A55: A | B55: Sides of pile caps | C55: 18 | D55: m² | E55: 169.41 | F55: =C55*E55 -> 3049.38
A57: B | B57: Sides and soffits of beams | C57: 1321 | D57: m² | E57: 148.36 | F57: =C57*E57 -> 195983.56
A59: C | B59: Sides of upstand | C59: 1040 | D59: m² | E59: 150.18 | F59: =C59*E59 -> 156187.2
A61: D | B61: Sides of upstand (curved) | C61: 855 | D61: m² | E61: 195.234 | F61: =C61*E61 -> 166925.07
A63: E | B63: Sides of columns | C63: 1491 | D63: m² | E63: 138.34 | F63: =C63*E63 -> 206264.94
A65: F | B65: Sides of walls | C65: 2016 | D65: m² | E65: 153.13 | F65: =C65*E65 -> 308710.08
B67: Dowelling
A69: G | B69: Additional rebar; dowel connection to existing to new structure | C69: 53 | D69: t | E69: 4431.91 | F69: =+C69*E69 -> 234891.23
A71: H | B71: Post fix hilti | C71: 7162 | D71: no | E71: 75.3858 | F71: =+C71*E71 -> 539913.1
C96: To Collection | E96: AED | F96: =SUM(F51:F93) -> 1811924.6
B99: COLLECTION
B101: Page 3/C/EO/1 | F101: =F48 -> 2345327.1
B103: Page 3/C/EO/2 | F103: =F96 -> 1811924.6
C144: Carried To Summary | E144: AED | F144: =SUM(F98:F118) -> 4157251.7

Sheet Bill 3 Masonry
A1: Item | B1: Description | C1: Quantity | D1: Unit | E1: Rate | F1: Amount
E2: AED | F2: AED
B4: MASONRY
B6: WALLS AND PIERS
B8: Note: Refer to the following:
B10: 1. Drawing Reference Nr. A-700 to A-710 and A-962
B12: Hollow concrete block wall; bedded and jointed in cement and sand mortar; including damp proof courses, insulation, fire rating, mesh, grouts, lintels, posts, reinforcement, fixings, anchors, ties, accessories, plaster (measured separately) and all ancillary works as necessary
A14: A | B14: Type 2; 200mm thick; 2hour fire rated; RW55; to external | C14: 527 | D14: m² | E14: 170.19 | F14: =C14*E14 -> 89690.13
A16: B | B16: Type 2; 200mm thick; 2hour fire rated; RW55; to internal | C16: 35,804 | D16: m² | E16: 153.63 | F16: =C16*E16 -> 5500568.5
C42: To Collection | E42: AED | F42: =SUM(F12:F29) -> 5590258.6
B45: GENERALLY
A47: A | B47: Allow for any other works which are not included above and which are required to complete the Masonry in accordance with the Specification and the drawings (Tenderer to list below): | D47: Item | F47: =C47*E47 -> 0
C86: To Collection | E86: AED | F86: =SUM(F47:F62) -> 0
B89: COLLECTION
B91: Page 3/D/1 | F91: =F42 -> 5590258.6
B93: Page 3/D/2 | F93: =F86 -> 0
C134: Carried To Summary | E134: AED | F134: =SUM(F89:F100) -> 5590258.6

Sheet Bill 3 Metalwork REV
A1: Item | B1: Description | C1: Quantity | D1: Unit | E1: Rate | F1: Amount
E2: AED | F2: AED
B4: NON-STRUCTURAL METALWORK
B6: Note: Refer to the following
B8: 1. Drawing Reference Nr. AYB-GHD-DWG-FA-00001, all inclusive
B10: 2. Drawing Reference Nr. A-600
B12: 3. Architectural Specification dated April 22, 2022
B14: Handrail; comprising laminated safety glass, existing stainless steel handrail; 8mm stainless steel vertical post; including stainless steel glass connector, fixings, accessories and all ancillary works as necessary
A16: A | B16: Type A-1; 1200mm high | C16: 1110 | D16: m | F16: Deleted - Refer to PTC20 Rev. 3
A18: B | B18: Type A-1; 1200mm high; curved | C18: 674 | D18: m | F18: Deleted - Refer to PTC20 Rev. 3
B20: Handrail; comprising laminated safety glass, stainless steel handrail; 8mm stainless steel vertical post; including stainless steel glass connector, fixings, accessories and all ancillary works as necessary
A22: C | B22: Type A-2; 1200mm high | C22: 74 | D22: m | E22: 2583.04 | F22: =C22*E22 -> 191144.96
A24: D | B24: Type A-2; 1200mm high; curved | C24: 169 | D24: m | E24: 3318.05 | F24: =C24*E24 -> 560750.45
A26: E | B26: Type B-2; 1200mm high | C26: 201 | D26: m | E26: 2583.04 | F26: =C26*E26 -> 519191.04
A28: F | B28: Type B-2; 1200mm high; sloping | C28: 10 | D28: m | E28: 2898.05 | F28: =C28*E28 -> 28980.5
A30: G | B30: Type C; 1200mm high; curved | C30: 883 | D30: m | E30: 3318.05 | F30: =C30*E30 -> 2929838.2
C36: To Collection | E36: AED | F36: =SUM(F21:F32) -> 4229905.1
B39: NON-STRUCTURAL METALWORK
B41: Note: Refer to the following
B43: 1. Drawing Reference Nr. AYB-GHD-DWG-FA-00001, all inclusive
B45: 2. Drawing Reference Nr. A-600
B47: 3. Architectural Specification dated April 22, 2022
B49: Handrail; comprising laminated safety glass, existing stainless steel handrail to be wrapped with 3M Di-noc wood film type PL-01; 8mm stainless steel vertical post; including stainless steel glass connector, fixings, accessories and all ancillary works as necessary.
A51: A | B51: Type A-1; 1200mm high (RATE ONLY) | C51: 1110 | D51: m | E51: 457.7 | F51: RATE ONLY
A53: B | B53: Type A-1; 1200mm high; curved (RATE ONLY) | C53: 674 | D53: m | E53: 565.39 | F53: RATE ONLY
B55: Handrail; comprising laminated safety glass, stainless steel handrail wrapped with 3M Di-noc wood film type PL-01; 8mm stainless steel vertical post; including stainless steel glass connector, fixings, accessories and all ancillary works as necessary
A57: C | B57: Type A-2; 1200mm high (RATE ONLY) | C57: 74 | D57: m | E57: 2625.88 | F57: RATE ONLY
A59: D | B59: Type A-2; 1200mm high; curved (RATE ONLY) | C59: 169 | D59: m | E59: 3373.08 | F59: RATE ONLY
A61: E | B61: Type B-2; 1200mm high (RATE ONLY) | C61: 192 | D61: m | E61: 2625.88 | F61: RATE ONLY
A63: F | B63: Type B-2; 1200mm high; sloping (RATE ONLY) | C63: 10 | D63: m | E63: 2946.11 | F63: RATE ONLY
A65: G | B65: Type C; 1200mm high; curved (RATE ONLY) | C65: 883 | D65: m | E65: 3373.08 | F65: RATE ONLY
C72: To Collection | E72: AED
B75: NON-STRUCTURAL METALWORK
B77: Note: Refer to the following
B79: 1. Drawing Reference Nr. AYB-GHD-DWG-FA-00001, all inclusive
B81: 2. Drawing Reference Nr. A-600
B83: 3. Architectural Specification dated April 22, 2022
B85: Handrail; comprising laminated safety glass, existing stainless steel handrail to be removed and replaced with wood handrail WD-01; 8mm stainless steel vertical post; including stainless steel glass connector, fixings, accessories and all ancillary works as necessary
A87: A | B87: Type A-1; 1200mm high (RATE ONLY) | C87: 1110 | D87: m | E87: N/A | F87: RATE ONLY
A89: B | B89: Type A-1; 1200mm high; curved (RATE ONLY) | C89: 674 | D89: m | E89: N/A | F89: RATE ONLY
B91: Handrail; comprising laminated safety glass, wood handrail WD-01; 8mm stainless steel vertical post; including stainless steel glass connector, fixings, accessories and all ancillary works as necessary
A93: C | B93: Type A-2; 1200mm high (RATE ONLY) | C93: 74 | D93: m | E93: 3106.97 | F93: RATE ONLY
A95: D | B95: Type A-2; 1200mm high; curved (RATE ONLY) | C95: 169 | D95: m | E95: 3968.52 | F95: RATE ONLY
A97: E | B97: Type B-2; 1200mm high (RATE ONLY) | C97: 192 | D97: m | E97: 3106.97 | F97: RATE ONLY
A99: F | B99: Type B-2; 1200mm high; sloping (RATE ONLY) | C99: 10 | D99: m | E99: 3430.05 | F99: RATE ONLY
A101: G | B101: Type C; 1200mm high; curved (RATE ONLY) | C101: 883 | D101: m | E101: 3968.52 | F101: RATE ONLY
C109: To Collection | E109: AED
B112: NON-STRUCTURAL METALWORK (Cont´d)
B114: Handrail; comprising laminated safety glass, existing stainless steel handrail, 8mm stainless steel vertical post type MT-02; including dark grey glass connector, fixings, accessories and all ancillary works as necessary
A116: A | B116: Type B-1; 1200mm high | C116: 305 | D116: m | F116: Deleted - Refer to PTC20 Rev. 3
A118: B | B118: Type B-1; 1200mm high; curved | C118: 56 | D118: m | F118: Deleted - Refer to PTC20 Rev. 3
B120: Stair handrail; wall mounted; comprising L30/570-40mm diameter; painted; including steel bracket, fixings and all ancillary works as necessary; as Drawing Nr. A-958 Detail 5
A122: C | B122: 960mm high; sloping | C122: 56 | D122: m | E122: 233.7 | F122: =C122*E122 -> 13087.2
B124: Stair balustrade; floor mounted; comprising L30/570-40mm diameter handrail, 40x40mm hollow section post; painted; including steel bracket, fixings and all ancillary works as necessary; as Drawing Nr. A-958 Detail 2
A126: D | B126: 960mm high; sloping | C126: 56 | D126: m | E126: 1055.4 | F126: =C126*E126 -> 59102.4
B128: Step nosing; extruded aluminum; including fixings and all ancillary works as necessary
A130: E | B130: size 45 x 95mm x 5mm thick; L-shaped | C130: 309 | D130: m | E130: 169.08 | F130: =C130*E130 -> 52245.72
C142: To Collection | E142: AED | F142: =SUM(F115:F140) -> 124435.32
B145: NON-STRUCTURAL METALWORK (Cont´d)
B147: Handrail; comprising laminated safety glass, existing stainless steel handrail to be wrapped with 3M Di-noc wood film type PL-01, 8mm stainless steel vertical post type MT-02; including dark grey glass connector, fixings, accessories and all ancillary works as necessary
A149: A | B149: Type B-1; 1200mm high (RATE ONLY) | C149: 305 | D149: m | E149: 646.16 | F149: RATE ONLY
A151: B | B151: Type B-1; 1200mm high; curved (RATE ONLY) | C151: 56 | D151: m | E151: 807.71 | F151: RATE ONLY
C185: To Collection | E185: AED
B188: NON-STRUCTURAL METALWORK (Cont´d)
B190: Handrail; comprising laminated safety glass, existing stainless steel handrail to be removed and replaced with wood handrail WD-01, 8mm stainless steel vertical post type MT-02; including dark grey glass connector, fixings, accessories and all ancillary works as necessary
A192: A | B192: Type B-1; 1200mm high (RATE ONLY) | C192: 305 | D192: m | E192: N/A | F192: RATE ONLY
A194: B | B194: Type B-1; 1200mm high; curved (RATE ONLY) | C194: 56 | D194: m | E194: N/A | F194: RATE ONLY
C227: To Collection | E227: AED
B230: GENERALLY
B232: Allow for any other works which are not included above and which are required to complete the Metalwork in accordance with the Specification and the drawings (Tenderer to list below): | D232: Item
A234: A | B234: Design Fees for design verification including obtaining Authority approvals, IFC, shop drawings and PI Insurance (Covered by Dutco's blanket PII). | D234: Item | F234: 376929
B236: Glass balustrade; floor mounted; comprising laminated safety glass balustrade and stainless steel metal handrail type MT-04; including dark grey glass connector type MT-02, fixings, accessories and all ancillary works as necessary; as Drawing Nr. ID-601-12 Detail 5
A238: B | B238: 1200mm high | C238: 23 | D238: m | E238: 2583.04 | F238: =C238*E238 -> 59409.92
A240: C | B240: 1200mm high; sloping | C240: 12 | D240: m | E240: 2898.05 | F240: =C240*E240 -> 34776.6
B243: NON-STRUCTURAL METALWORK
A245: D | B245: Supply and installation of painted mild steel of RAL 860-3 colour crash handrail | C245: 3502 | D245: m | E245: 269.24 | F245: =C245*E245 -> 942878.48
A247: E | B247: Removal and Reinstatement of Type A1 & B1 existing handrails to facilitate construction works and temporary edge protection works | C247: 2204 | D247: m | E247: 520.93 | F247: =C247*E247 -> 1148129.7
B250: Quantity Adjustments
B252: Variance in quantity following in-house Quantity Take Off | C252: 1 | D252: item | F252: =C252*E252 -> 0
C260: To Collection | E260: AED | F260: =SUM(F232:F256) -> 2562123.7
B263: COLLECTION
B265: Page 3/E/1 | F265: =F36 -> 4229905.1
B267: Page 3/E/2 | F267: RATE ONLY
B269: Page 3/E/3 | F269: RATE ONLY
B271: Page 3/E/4 | F271: =F142 -> 124435.32
B273: Page 3/E/5 | F273: RATE ONLY
B275: Page 3/E/6 | F275: RATE ONLY
B277: Page 3/E/7 | F277: =F260 -> 2562123.7
C292: Carried To Summary | E292: AED | F292: =SUM(F264:F290) -> 6916464.1

Sheet Bill 3 Woodwork
A1: Item | B1: Description | C1: Quantity | D1: Unit | E1: Rate | F1: Amount | G1: VE Ref.
E2: AED | F2: AED
B4: WOODWORK
B6: COMPOSITE ITEMS
B8: Note: Refer to the following
B10: 1. Interior FF&E Schedule and Mood Boards dated April 2022
B12: 2. Drawing Reference Nr. ID-600 series
B14: Waiting lounge planter with bench seating; comprising planter in outer carcass in stainless steel panel type MT-03, 3M Di-noc wood type PL-01, leather fabric type FB-02, metal skirting type MT-03; handrail, plants and LED light (measured elsewhere); including framings, supports and all ancillary works as necessary; as Drawing Nr. ID-601-13
A16: A | B16: Overall size 6930 x 940 x 1070mm high; L-shaped | C16: 1 | D16: Nr. | E16: 43993 | F16: =C16*E16 -> 43993
A18: B | B18: Overall size 5910 x 600 x 1070mm high; L-shaped | C18: 1 | D18: Nr. | E18: 40923.72 | F18: =C18*E18 -> 40923.72
A20: C | B20: Overall size 8570 x 600 x 945mm high; L-shaped | C20: 1 | D20: Nr. | E20: 49108.46 | F20: =C20*E20 -> 49108.46
A22: D | B22: Extra over for banquette seating; type I-BA-02; 500mm wide x 875mm high; L-shaped | C22: 12 | D22: m | E22: 2670.27 | F22: =C22*E22 -> 32043.24
B24: Waiting lounge planter with bench seating; comprising planter in outer carcass in stainless steel panel type MT-03, 3M Di-noc wood type PL-01, leather fabric type FB-02, ledge, metal skirting type MT-03; plants and LED light (measured elsewhere); including framings, supports and all ancillary works as necessary; as Drawing Nr. ID-601-14
A26: E | B26: Overall size 3710 x 600 x 1000mm high; U-shaped; as Drawing Nr. ID-601-14 | C26: 1 | D26: Nr. | E26: 20461.86 | F26: =C26*E26 -> 20461.86
A28: F | B28: Extra over for banquette seating; type I-BA-02; 700mm wide x 910mm high; U-shaped | C28: 13 | D28: m | E28: 2670.27 | F28: =C28*E28 -> 34713.51
C31: To Collection | E31: AED | F31: =SUM(F15:F28) -> 221243.79
B34: COMPOSITE ITEMS (Cont´d)
B36: Planter with bench seating; comprising planter in outer carcass in precast concrete type PC-01, coated fabric type FB-01, metal skirting type MT-02; plants and LED light (measured elsewhere); including framings, supports and all ancillary works as necessary; as Drawing Nr. ID-904-1 and ID-904-2
A38: A | B38: Overall size: 8000 x 1000 x 900mm high; irregular shaped | C38: 1 | D38: Nr. | E38: 34029.15 | F38: =C38*E38 -> 34029.15
A40: B | B40: Overall size: 9000 x 1000 x 900mm high; irregular shaped | C40: 1 | D40: Nr. | E40: 46031.65 | F40: =C40*E40 -> 46031.65
A42: C | B42: Overall size: 7380 x 1830 x 900mm high; irregular shaped | C42: 1 | D42: Nr. | E42: 49693.24 | F42: =C42*E42 -> 49693.24
B44: Planter with bench seating; comprising planter in outer carcass in 3M Di-noc wood type PL-01, coated fabric type FB-01, metal skirting type MT-02; plants and LED light (measured elsewhere); including framings, supports and all ancillary works as necessary; as Drawing Nr. ID-904-3
A46: D | B46: Overall size: 4000 x 1700 x 1000mm high; ellipse shaped | C46: 2 | D46: Nr. | E46: 25577.33 | F46: =C46*E46 -> 51154.66
B48: Information desk (2 person); comprising countertop and side panel in solid surface type SS-02, fascia and doors in type PL-04; stainless steel panel type MT-06 with solid wood slats match finish of PL-04; metal skirting; including screens, signage (by Others), ironmongery, drawers, shelves, doors, supports, frames, accessories and all ancillary works as necessary
A50: E | B50: Type I-INF-01; 5500 x 3500 x 1380mm high; irregular shaped | C50: 1 | D50: Nr. | E50: 31112.8 | F50: =C50*E50 -> 31112.8 | G50: EM-24
B52: ** VE Reference "EM-" denotes items raised by Client in the VE Schedule
C54: To Collection | E54: AED | F54: =SUM(F36:F51) -> 212021.5
B57: COMPOSITE ITEMS (Cont´d)
A59: A | B59: Solid countertop; type SS-02; 5500 x 3500mm; irregular shaped | C59: 7 | D59: m² | E59: 2046.19 | F59: =C59*E59 -> 14323.33
B61: Information desk (1 person); comprising countertop and side panel in solid surface type SS-02, fascia and doors in type PL-04; stainless steel panel type MT-06 with solid wood slats match finish of PL-04; metal skirting; including screens, signage (by Others), ironmongery, drawers, doors, supports, framing and all ancillary works as necessary
A63: B | B63: Type I-INF-02: overall size 4096 x 3210 x 1400mm high; irregular shaped | C63: 1 | D63: Nr. | E63: 25114.24 | F63: =C63*E63 -> 25114.24 | G63: EM-24
A65: C | B65: Solid countertop; type SS-02 overall size 4096 x 3210mm; irregular shaped | C65: 6 | D65: m² | E65: 2046.19 | F65: =C65*E65 -> 12277.14
B67: Hands free information desk; comprising countertop and side panel in solid surface type SS-02, fascia and doors in type PL-04; stainless steel panel type MT-06 with solid wood slats match finish of PL-04; metal skirting; including signage (by Others), ironmongery, drawers, doors, supports, framing and all ancillary works as necessary
A69: D | B69: Type I-INF-03; 2540 x 3300 x 1100mm high; irregular shaped | C69: 2 | D69: Nr. | E69: 21948.04 | F69: =C69*E69 -> 43896.08 | G69: EM-24
A71: E | B71: Solid countertop; 2540 x 3300mm; irregular shaped | C71: 10 | D71: m² | E71: 2046.19 | F71: =C71*E71 -> 20461.9
B73: Podium type desk; comprising countertop and side panel in solid surface type SS-02, fascia and doors in type PL-04; stainless steel panel type MT-06 with solid wood slats match finish of PL-04; metal skirting; including signage (by Others), ironmongery, drawers, doors, supports, framing and all ancillary works as necessary
B75: ** VE Reference "EM-" denotes items raised by Client in the VE Schedule
C77: To Collection | E77: AED | F77: =SUM(F57:F73) -> 116072.69
B80: COMPOSITE ITEMS (Cont´d)
A82: A | B82: Type I-INF-04; 900 x 700 x 1200mm high | C82: 3 | D82: Nr. | E82: 8796.93 | F82: =C82*E82 -> 26390.79 | G82: EM-24
A84: B | B84: Solid countertop; type SS-02; 900 x 700mm | C84: 1 | D84: m² | E84: 3067.87 | F84: =C84*E84 -> 3067.87
B86: Retail cart; comprising corian countertop, fascia and doors in type PL-04; 20mm thick champagne metal gold type MT-03 with 15x20mm solid wood slats match finish of PL-04; internal carcass in paint type PT-01; including signage (by Others), ironmongery, drawers, doors, lockable caster supports, framing and all ancillary works as necessary
A88: C | B88: I-RC-01; Overall size 2040 x 1040 x 2410mm high | C88: 20 | D88: Nr. | E88: 18693.38 | F88: =C88*E88 -> 373867.6 | G88: EM-24
B90: FHC cabinet; including internal carcass, doors, finishes, metal skirting, backing, ironmongery, fixings and all ancillary works as necessary
A92: D | B92: Overall size 800 x 350 x 1800mm high | C92: 269 | D92: Nr. | E92: 613.86 | F92: =C92*E92 -> 165128.34
A94: E | B94: Skirting; 100mm high; type MT-02 | C94: 466 | D94: m | E94: 214.58 | F94: =C94*E94 -> 99994.28
A96: F | B96: Type TL-01; 600 x 300 x 10mm thick | C96: 759 | D96: m² | E96: 213.39 | F96: =C96*E96 -> 161963.01 | G96: EM-17
A98: G | B98: Type MT-02; stainless steel panel | C98: 469 | D98: m² | E98: 2439.45 | F98: =C98*E98 -> 1144102
A100: H | B100: Type MT-08; metallic painted metal | C100: 2110 | D100: m² | E100: 1648.89 | F100: =C100*E100 -> 3479157.9
A102: J | B102: Extra over for door 800 x 1800mm high | C102: 269 | D102: Nr. | E102: 1144.06 | F102: =C102*E102 -> 307752.14
B104: Dial lock locker; 4 tier; 300 x 420 x phenolic compact board; including all ancillary works as necessary
A106: K | B106: Overall size 4120 x 1680mm high; L-shaped | C106: 2 | D106: Nr. | E106: 33217.14 | F106: =C106*E106 -> 66434.28
A108: L | B108: Overall size 5400 x 1680mm high; U-shaped | C108: 1 | D108: Nr. | E108: 49825.71 | F108: =C108*E108 -> 49825.71
A110: M | B110: Overall size 6000 x 1680mm high; U-shaped | C110: 1 | D110: Nr. | E110: 49825.71 | F110: =C110*E110 -> 49825.71
B112: ** VE Reference "EM-" denotes items raised by Client in the VE Schedule
C114: To Collection | E114: AED | F114: =SUM(F80:F111) -> 5927509.7
B117: COMPOSITE ITEMS (Cont´d)
B119: Waiting lounge bench; in 3M Di-noc wood; including frames, supports, fixings and all ancillary works as necessary; as Drawing Nr. ID-805-8
A121: A | B121: Overall size 5230 x 600 x 1960mm high; to prayer room | C121: 1 | D121: Nr. | E121: 26088.87 | F121: =C121*E121 -> 26088.87
A123: B | B123: Overall size 7000 x 600 x 1960mm high; to prayer room | C123: 1 | D123: Nr. | E123: 35092.09 | F123: =C123*E123 -> 35092.09
A125: C | B125: Overall size 2195 x 600 x 1960mm high; to prayer room | C125: 1 | D125: Nr. | E125: 10998.25 | F125: =C125*E125 -> 10998.25
B127: Millwork cabinet; comprising 2 adjustable shelf; including plywood with wood, paint type PT-01; ironmongery, french cleat and all ancillary works as necessary
A129: D | B129: Size 2400 x 300 x 450mm high; wall mounted | C129: 5 | D129: Nr. | E129: 4092.37 | F129: =C129*E129 -> 20461.85
B131: Shoe cabinet; wall mounted; shelves in 3M Di-noc wood type PL-01; including finishes, fixings and all ancillary works as necessary; as Drawing Nr. ID-805-6
A133: E | B133: Overall size 3115Lx350Wx1400mm high | C133: 1 | D133: Nr. | E133: 3069.28 | F133: =C133*E133 -> 3069.28
A135: F | B135: Overall size 3742Lx350Wx1400mm high | C135: 1 | D135: Nr. | E135: 3683.13 | F135: =C135*E135 -> 3683.13
A137: G | B137: Overall size 4815Lx350Wx1400mm high | C137: 1 | D137: Nr. | E137: 4501.61 | F137: =C137*E137 -> 4501.61
A139: H | B139: Overall size 5402Lx350Wx1400mm high | C139: 1 | D139: Nr. | E139: 4910.85 | F139: =C139*E139 -> 4910.85
A141: J | B141: Overall size 2000Lx350Wx1400mm high | C141: 1 | D141: Nr. | E141: 2455.42 | F141: =C141*E141 -> 2455.42
A143: K | B143: Overall size 3280Lx350Wx1400mm high | C143: 1 | D143: Nr. | E143: 3325.05 | F143: =C143*E143 -> 3325.05
A145: L | B145: Overall size 4880Lx350Wx1400mm high | C145: 1 | D145: Nr. | E145: 4706.23 | F145: =C145*E145 -> 4706.23
A147: M | B147: Overall size 6950Lx350Wx1400mm high | C147: 1 | D147: Nr. | E147: 5933.94 | F147: =C147*E147 -> 5933.94
A149: N | B149: Overall size 4220Lx350Wx1400mm high | C149: 1 | D149: Nr. | E149: 3990.06 | F149: =C149*E149 -> 3990.06
C152: To Collection | E152: AED | F152: =SUM(F119:F149) -> 129216.63
B155: COMPOSITE ITEMS (Cont´d)
A157: A | B157: Overall size 4240Lx350Wx1400mm high | C157: 1 | D157: Nr. | E157: 3990.06 | F157: =C157*E157 -> 3990.06
A159: B | B159: Overall size 7745Lx350Wx1400mm high | C159: 1 | D159: Nr. | E159: 6547.8 | F159: =C159*E159 -> 6547.8
B161: Vanity cabinet; floor mounted; comprising solid countertop with 150mm fascia type SS-01, front panel in 3M DI-noc wood type PL-01, metal skirting type MT-02; including frames, supports and all ancillary works as necessary; as Drawing Nr. ID-803-4
A163: C | B163: Overall size 1810 x 600 x 750mm high; including 1no. of opening for sink | C163: 1 | D163: Nr. | E163: 8760.28 | F163: =C163*E163 -> 8760.28
A165: D | B165: Overall size 1815 x 600 x 750mm high; including 1no. of opening for sink | C165: 1 | D165: Nr. | E165: 8760.28 | F165: =C165*E165 -> 8760.28
A167: E | B167: Overall size 1890 x 600 x 750mm high; including 1no. of opening for sink | C167: 1 | D167: Nr. | E167: 8865.22 | F167: =C167*E167 -> 8865.22
A169: F | B169: Overall size 1900 x 600 x 750mm high; including 1no. of opening for sink | C169: 1 | D169: Nr. | E169: 8913.68 | F169: =C169*E169 -> 8913.68
A171: G | B171: Overall size 1930 x 600 x 750mm high; including 1no. of opening for sink | C171: 1 | D171: Nr. | E171: 8970.15 | F171: =C171*E171 -> 8970.15
A173: H | B173: Overall size 2000L x 600Wx 750mm high; including 1no. of opening for sink | C173: 7 | D173: Nr. | E173: 9608.16 | F173: =C173*E173 -> 67257.12
A175: J | B175: Overall size 2180 x 600 x 750mm high; including 1no. of opening for sink | C175: 3 | D175: Nr. | E175: 10019.88 | F175: =C175*E175 -> 30059.64
A177: K | B177: Overall size 2400L x 600Wx 750mm high; including 1no. of opening for sink type | C177: 3 | D177: Nr. | E177: 10722.37 | F177: =C177*E177 -> 32167.11
A179: L | B179: Overall size 2660L x 600Wx 750mm high; including 1no. of opening for sink | C179: 2 | D179: Nr. | E179: 12402.12 | F179: =C179*E179 -> 24804.24
A181: M | B181: Overall size 2740L x 600Wx 750mm high; including 1no. of opening for sink | C181: 1 | D181: Nr. | E181: 12563.52 | F181: =C181*E181 -> 12563.52
A183: N | B183: Overall size 2790L x 600Wx 750mm high; including 1no. of opening for sink | C183: 1 | D183: Nr. | E183: 12902.75 | F183: =C183*E183 -> 12902.75
C185: To Collection | E185: AED | F185: =SUM(F155:F183) -> 234561.85
B188: COMPOSITE ITEMS (Cont´d)
A190: A | B190: Overall size 3220L x 570~600mmx 750mm high; including 1no. of opening for sink | C190: 3 | D190: Nr. | E190: 14808.37 | F190: =C190*E190 -> 44425.11
B192: Vanity cabinet; floor mounted; comprising solid countertop with 150mm fascia type SS-02, front panel in 3M DI-noc wood type PL-01, metal skirting type MT-04; including frames, supports and all ancillary works as necessary; as Drawing Nr. ID-804-4
A194: B | B194: Overall size 1635 x 600 x 750mm high; including 1no. of opening | C194: 3 | D194: Nr. | E194: 9269.35 | F194: =C194*E194 -> 27808.05
A196: C | B196: Overall size 1760 x 600 x 750mm high; including 1no. of opening for sink | C196: 3 | D196: Nr. | E196: 9866.91 | F196: =C196*E196 -> 29600.73
A198: D | B198: Overall size 2000 x 600 x 750mm high; including 1no. of opening for sink | C198: 5 | D198: Nr. | E198: 10577.41 | F198: =C198*E198 -> 52887.05
B200: Pantry cabinet; floor mounted; including finishes, frames and all ancillary works as necessary
A202: E | B202: Overall size 2000 x 600 x 800mm high; including 1no. of opening | C202: 2 | D202: Nr. | E202: 7161.65 | F202: =C202*E202 -> 14323.3
A204: F | B204: Overall size 2000 x 600 x 800mm high; including 2no. of opening | C204: 2 | D204: Nr. | E204: 8184.74 | F204: =C204*E204 -> 16369.48
A206: G | B206: Overall size 2165 x 600 x 800mm high; including 2no. of opening | C206: 2 | D206: Nr. | E206: 8696.29 | F206: =C206*E206 -> 17392.58
...

Sheet Bill 3 Thermal
A1: Item | B1: Description | C1: Quantity | D1: Unit | E1: Rate | F1: Amount
E2: AED | F2: AED
B4: THERMAL AND MOISTURE PROTECTION
B6: COVERINGS AND LININGS
B8: Note: Refer to the following:
B10: 1. Drawing Reference Nr. S-00011 and S-60001
B12: 2. Structures Specification dated 28 March 2022
B14: Cold-applied waterproofing system; including surface preparation and all ancillary works as necessary; as Detail 8 Drawing Nr. A-951
A16: A | B16: To wet areas | C16: 3040 | D16: m² | E16: 23.69 | F16: =C16*E16 -> 72017.6
A18: B | B18: Turning-ups / skirting; 200mm high | C18: 3761 | D18: m | E18: 10.77 | F18: =C18*E18 -> 40505.97
B20: Waterproofing; including surface preparation, protection, accessories and all ancillary works as necessary
A22: C | B22: Waterproofing membrane; to foundation | C22: 51 | D22: m² | E22: 37.69 | F22: =C22*E22 -> 1922.19
A24: D | B24: Waterproofing membrane; to ground beams | C24: 907 | D24: m² | E24: 37.69 | F24: =C24*E24 -> 34184.83
A26: E | B26: Waterproofing membrane; to slab on grade | C26: 1386 | D26: m² | E26: 37.69 | F26: =C26*E26 -> 52238.34
A28: F | B28: Waterproofing membrane; to pilecaps | C28: 130 | D28: m² | E28: 37.69 | F28: =C28*E28 -> 4899.7
A30: G | B30: Waterproofing membrane; to paving | C30: 808 | D30: m² | E30: 37.69 | F30: =C30*E30 -> 30453.52
A32: H | B32: Waterproofing membrane; to paving band | C32: 16 | D32: m² | E32: 37.69 | F32: =C32*E32 -> 603.04
C44: To Collection | E44: AED | F44: =SUM(F13:F36) -> 236825.19
B47: GENERALLY
B49: Allow for any other works which are not included above and which are required to complete the Thermal and Moisture Protection in accordance with the Specification and the drawings (Tenderer to list below): | D49: Item | F49: =C49*E49 -> 0
A51: A | B51: 3mm thick protection board to vertical surfaces | C51: 942 | D51: m² | E51: 22.62 | F51: =+C51*E51 -> 21308.04
B53: Quantity Adjustments
A55: B | B55: Variance in quantity following in-house Quantity Take Off | C55: 1 | D55: item | F55: =+C55*E55 -> 0
C87: To Collection | E87: AED | F87: =SUM(F48:F71) -> 21308.04
B90: COLLECTION
B92: Page 3/G/1 | F92: =F44 -> 236825.19
B94: Page 3/G/2 | F94: =F87 -> 21308.04
C135: Carried To Summary | E135: AED | F135: =SUM(F90:F105) -> 258133.23

Sheet Bill 3 Doors and Windows
A1: Item | B1: Description | C1: Quantity | D1: Unit | E1: Rate | F1: Amount | G1: VE Ref.
E2: AED | F2: AED
B4: DOORS AND WINDOWS
B6: DOORS
B8: Note: Refer to the following
B10: 1. Drawing Reference Nr. ID-900 series, A-800 to A-801
B12: Hollow metal doors and frames; building into brick, block concrete walls and gypsum partitions; including ironmongery (measured separately), finishes, architrave, weatherstripping and all necessary fixings and accessories
A14: A | B14: Type DS-01; 1000 x 2200mm high; single leaf door | C14: 2 | D14: Nr. | E14: 1958.95 | F14: =C14*E14 -> 3917.9
A16: B | B16: Type DS-02; 900 x 2200mm high; single leaf door | C16: 2 | D16: Nr. | E16: 1951.42 | F16: =C16*E16 -> 3902.84
A18: C | B18: Type DS-04; 1100 x 2200mm high; single leaf door | C18: 14 | D18: Nr. | E18: 1967.57 | F18: =C18*E18 -> 27545.98
A20: D | B20: Type DS-05; 1100 x 2200mm high; single leaf door; FR-90min.; including exit panic device with horizontal push bar | C20: 3 | D20: Nr. | E20: 2240.04 | F20: =C20*E20 -> 6720.12
A22: E | B22: Type DS-06; 1200 x 2200mm high; single leaf door | C22: 39 | D22: Nr. | E22: 2156.03 | F22: =C22*E22 -> 84085.17
A24: F | B24: Type DS-07; 1000 x 2200mm high; double leaf door | C24: 1 | D24: Nr. | E24: 2498.5 | F24: =C24*E24 -> 2498.5
A26: G | B26: Type DS-08; 1600 x 2200mm high; double leaf door | C26: 19 | D26: Nr. | E26: 3077.89 | F26: =C26*E26 -> 58479.91
A28: H | B28: Type DS-10; 1800 x 2200mm high; double leaf door; FR-90min. | C28: 33 | D28: Nr. | E28: 3240.51 | F28: =C28*E28 -> 106936.83
A30: J | B30: Type DS-11; 1450 x 2200mm high; double leaf door; FR-90min. | C30: 3 | D30: Nr. | E30: 3155.43 | F30: =C30*E30 -> 9466.29
A32: K | B32: Type DS-12; 1250 x 2140mm high; single leaf door | C32: 3 | D32: Nr. | E32: 2188.34 | F32: =C32*E32 -> 6565.02
C35: To Collection | E35: AED | F35: =SUM(F13:F32) -> 310118.56
B38: DOORS (Cont´d)
A40: A | B40: Type DS-14; 2400 x 2200mm high; double leaf door | C40: 2 | D40: Nr. | E40: 3615.29 | F40: =C40*E40 -> 7230.58
A42: B | B42: Type DS-17; 2000 x 2200mm high; double leaf door | C42: 23 | D42: Nr. | E42: 3222.2 | F42: =C42*E42 -> 74110.6
A44: C | B44: Type DS-18; 1400 x 2200mm high; single leaf door | C44: 2 | D44: Nr. | E44: 3176.97 | F44: =C44*E44 -> 6353.94
A46: D | B46: Type ID-09; 2000 x 2400mm high; double leaf door | C46: 2 | D46: Nr. | E46: 3451.59 | F46: =C46*E46 -> 6903.18
A48: E | B48: Type GR-007; 1800 x 2140mm | C48: 2 | D48: Nr. | E48: 3168.36 | F48: =C48*E48 -> 6336.72
A50: F | B50: Type GR-013a; 1800 x 2140mm | C50: 1 | D50: Nr. | E50: 3168.36 | F50: =C50*E50 -> 3168.36
B52: Timber doors; building into brick, block concrete walls and gypsum partitions; including frames, ironmongery (measured separately), finishes, architrave, weatherstripping and all necessary fixings and accessories
A54: G | B54: Type ID-01; 1200 x 2200mm high; single leaf door | C54: 9 | D54: Nr. | E54: 5944.08 | F54: =C54*E54 -> 53496.72
A56: H | B56: Type ID-02; 1000 x 2100mm high; single sliding door | C56: 36 | D56: Nr. | E56: 4953.4 | F56: =C56*E56 -> 178322.4
A58: J | B58: Type ID-03; 900 x 2100mm high; single leaf door | C58: 48 | D58: Nr. | E58: 4733.25 | F58: =C58*E58 -> 227196
A60: K | B60: Type ID-04; 900 x 2100mm high; single leaf door | C60: 25 | D60: Nr. | E60: 4733.25 | F60: =C60*E60 -> 118331.25
A62: L | B62: Type ID-05; 900 x 2100mm high; single leaf door | C62: 28 | D62: Nr. | E62: 4733.25 | F62: =C62*E62 -> 132531
A64: M | B64: Type ID-06; 1200 x 2400mm high; single leaf door | C64: 4 | D64: Nr. | E64: 5944.08 | F64: =C64*E64 -> 23776.32
A66: N | B66: Type ID-07; 1200 x 2100mm high; single leaf door | C66: 4 | D66: Nr. | E66: 5944.08 | F66: =C66*E66 -> 23776.32
C71: To Collection | E71: AED | F71: =SUM(F39:F68) -> 861533.39
B74: DOORS (Cont´d)
A76: A | B76: Type ID-08; 2000 x 2400mm high; double leaf door | C76: 2 | D76: Nr. | E76: 9356.43 | F76: =C76*E76 -> 18712.86
A78: B | B78: Type ID-11; 900 x 2100mm high; single leaf door | C78: 10 | D78: Nr. | E78: 4733.25 | F78: =C78*E78 -> 47332.5
B80: Rolling shutter; building into brick, block concrete walls and gypsum partitions; including frames, ironmongery, finishes, architrave, weatherstripping and all necessary fixings accessories
A82: C | B82: Type RS-01; 7150 x 7000mm high | C82: 2 | D82: Nr. | E82: 201549.78 | F82: =C82*E82 -> 403099.56
C113: To Collection | E113: AED | F113: =SUM(F75:F89) -> 469144.92
B116: SCREENS / CURTAIN WALLS
B118: Note: Refer to the following
B120: 1. Drawing Reference Nr. AYB-GHD-DWG-FA-00001, all inclusive
B122: 2. Facade Specifications dated 28 March 2022
B124: Entrance stick curtain walls; FT01; add-on system stick curtain wall with windtruss beam; aluminum framed with vision glazing type GL-01; including extruded mullion profile, gaskets, thermal insulation, waterproofing membrane, ironmongery, accessories and all ancillary works as necessary
A126: A | B126: Type FT01C; to East entrance stick curtain wall | C126: 363 | D126: m² | E126: 2047.53 | F126: =C126*E126 -> 743253.39
A128: B | B128: Extra over for Revolving Door; type FT06; size 5652 x 2968 tormax revolving door including mechanism | C128: 1 | D128: Nr. | E128: 389556.12 | F128: =C128*E128 -> 389556.12
A130: C | B130: Extra over glass door; double leaf; size 2400 x 3000mm high | C130: 4 | D130: Nr. | E130: 3175.25 | F130: =C130*E130 -> 12701
A132: D | B132: Type FT01D; to Mediclinic entrance stick curtain wall | C132: 47 | D132: m² | E132: 2606.14 | F132: =C132*E132 -> 122488.58
A134: E | B134: Extra over for roll up door with removable Aluminum fin; size 8250 x 6350mm high | C134: 1 | D134: Nr. | E134: 207310.95 | F134: =C134*E134 -> 207310.95
A136: F | B136: Type FT01B; to North entrance stick curtain wall with Illuminated Glass | C136: 1038 | D136: m² | E136: 4074.52 | F136: =C136*E136 -> 4229351.8 | G136: MC-02
A138: G | B138: Extra over for glass door; type FT-03; single swing door; size 1020 x 3050mm high | C138: 4 | D138: Nr. | E138: 10500.17 | F138: =C138*E138 -> 42000.68
A140: H | B140: Extra over for double sliding door; type FT-05; overall size 7350 x 3200mm high | C140: 2 | D140: Nr. | E140: 29925.47 | F140: =C140*E140 -> 59850.94
A142: J | B142: Type FT01A; to South and west entrance stick curtain wall with beam | C142: 2307 | D142: m² | E142: 2205.03 | F142: =C142*E142 -> 5087004.2
B144: ** VE Reference "MC-" denotes items raised by Dutco in the VE Schedule
C146: To Collection | E146: AED | F146: =SUM(F124:F144) -> 10893518
B149: SCREENS / CURTAIN WALLS (Cont´d)
A151: A | B151: Extra over for glass door; type FT-03; single swing door; size 1200 x 3030mm high | C151: 4 | D151: Nr. | E151: 10500.17 | F151: =C151*E151 -> 42000.68
A153: B | B153: Extra over for sliding folding door; type FT-05; overall size 5211 x 3030mm high | C153: 2 | D153: Nr. | E153: 37551.74 | F153: =C153*E153 -> 75103.48
A155: C | B155: Extra over for sliding folding door; type FT-05; overall size 7000 x 1200mm high | C155: 2 | D155: Nr. | E155: 25137.4 | F155: =C155*E155 -> 50274.8
A157: D | B157: Extra over for sliding folding door; type FT-05; overall size 7000 x 3200mm high | C157: 0 | D157: Nr. | E157: 48657.76 | F157: =C157*E157 -> 0
A159: E | B159: Extra over for sliding folding door; type FT-05; overall size 7350 x 1200mm high | C159: 12 | D159: Nr. | E159: 25843.01 | F159: =C159*E159 -> 310116.12
A161: F | B161: Extra over for sliding folding door; type FT-05; overall size 7350 x 3200mm high | C161: 12 | D161: Nr. | E161: 50539.39 | F161: =C161*E161 -> 606472.68
A163: G | B163: Type FT01E; to North east corner | C163: 298 | D163: m² | E163: 2467.54 | F163: =C163*E163 -> 735326.92
B165: Entrance stick curtain wall; FT01; add-on system stick curtain wall with windtruss beam; aluminum framed with spandrel glass type GL-02; including extruded mullion profile, gaskets, thermal insulation, waterproofing membrane, ironmongery, accessories and all ancillary works as necessary
A167: H | B167: Type FT01E; to North east corner | C167: 153 | D167: m² | E167: 2467.54 | F167: =C167*E167 -> 377533.62
B169: Aluminum louvers; including horizontal steel brace, vertical secondary steel structure (UC350), fixings, finishes and all ancillary works as necessary
A171: J | B171: Type AL-01; 4130mm high | C171: 82 | D171: m | E171: 8239.48 | F171: =C171*E171 -> 675637.36
A173: K | B173: Type AL-01; 5250mm high | C173: 82 | D173: m | E173: 10473.91 | F173: =C173*E173 -> 858860.62
C180: To Collection | E180: AED | F180: =SUM(F150:F175) -> 3731326.3
B183: SCREENS / CURTAIN WALLS (Cont´d)
B185: White glass opaque interlayers; including frames, gaskets, thermal insulation, waterproofing membrane, ironmongery, accessories and all ancillary works as necessary
A187: A | B187: Type GL-03 | C187: 68 | D187: m² | E187: 1564.52 | F187: =C187*E187 -> 106387.36
B189: Aluminum decorative wall fins; painted; mechanically fixed; including finishes, fixings and all ancillary works as necessary; as Drawing Nr. FA-05103
A191: B | B191: Type AL-02; size 50 x 200mm | C191: 12,953 | D191: m | E191: 315 | F191: =C191*E191 -> 4080195
A193: C | B193: Type AL-02; size 60 x 450mm | C193: 935 | D193: m | E193: 735.01 | F193: =C193*E193 -> 687234.35
A195: D | B195: Type AL-02; size 100 x 50mm | C195: 11,868 | D195: m | E195: 183.75 | F195: =C195*E195 -> 2180745
A197: E | B197: Type AL-02; size 150 x 50mm | C197: 616 | D197: m | E197: 262.5 | F197: =C197*E197 -> 161700
B199: Aluminum sheet cladding; including thermal insulation, weather sealants, fixings and all ancillary works as necessary
A201: F | B201: To walls | C201: 29 | D201: m² | E201: 787.51 | F201: =C201*E201 -> 22837.79
B203: Extruded aluminum baffle ceiling; including flashing, fixings and all ancillary works as necessary
A205: G | B205: Type FT-10; to east entrance | C205: 566 | D205: m² | E205: 829.24 | F205: =C205*E205 -> 469349.84
B207: Aluminum composite panel cladding; fire resistant; including flashing, thermal insulation, fixings and all ancillary works as necessary
A209: H | B209: Type MP-02; to walls | C209: 42 | D209: m² | E209: 787.51 | F209: =C209*E209 -> 33075.42
A211: J | B211: Type MP-02; to exterior ceiling | C211: 500 | D211: m² | E211: 787.51 | F211: =C211*E211 -> 393755
A213: K | B213: Type MP-02; to canopy; 1450mm girth | C213: 7 | D213: m | E213: 1890.03 | F213: =C213*E213 -> 13230.21
A215: L | B215: Type MP-02; to canopy; 2070mm girth | C215: 47 | D215: m | E215: 1956.18 | F215: =C215*E215 -> 91940.46
C217: To Collection | E217: AED | F217: =SUM(F185:F215) -> 8240450.4
B220: SCREENS / CURTAIN WALLS (Cont´d)
B222: Low rib standing seam system; comprising standing seam roof, GRP soffit cladding; steel structure (measured elsewhere); including insulation, single skin gutter, fixings, supports, waterproofing membrane and all ancillary works as necessary
A224: A | B224: Type FT-07; standing seam roof built-up | C224: 4538 | D224: m² | E224: 461.41 | F224: =C224*E224 -> 2093878.6
A226: B | B226: Type FT-07/CN01; GRP soffit cladding; 9000mm girth | C226: 187 | D226: m | E226: 10807.15 | F226: =C226*E226 -> 2020937.1 | G226: EM-73c
A228: C | B228: Type FT-07/CN01; GRP soffit cladding; 18870mm girth | C228: 85 | D228: m | E228: 22658.73 | F228: =C228*E228 -> 1925992.1 | G228: EM-73c
A230: D | B230: Gutter; size 200mm wide x 150mm depth | C230: 252 | D230: m | E230: 537.12 | F230: =C230*E230 -> 135354.24
B253: ** VE Reference "EM-" denotes items raised by Client in the VE Schedule and "MC-" denotes items raised by Dutco in the VE Schedule
C255: To Collection | E255: AED | F255: =SUM(F222:F242) -> 6176161.9
B258: IRONMONGERY
B260: Ironmongery; for metal doors; including all ancillary works as necessary
A262: A | B262: Type DS-01; 1000 x 2200mm high; single leaf door | C262: 2 | D262: Nr. | E262: 2971.28 | F262: =C262*E262 -> 5942.56
A264: B | B264: Type DS-02; 900 x 2200mm high; single leaf door | C264: 2 | D264: Nr. | E264: 2971.28 | F264: =C264*E264 -> 5942.56
...

Sheet Bill 3 Finishes
A1: Item | B1: Description | C1: Quantity | D1: Unit | E1: Rate | F1: Amount | G1: VE Ref.
E2: AED | F2: AED
B4: FINISHES
B6: BACKGROUNDS
B8: Note: Refer to the following
B10: 1. Typical Detail Reference No. ID-500 series, A-951 to 953
B12: 2. Room finishes schedule Reference No. A-820
B14: 3. Material Schedule G-004
B16: 4. Drawings listed on Drawing Nr. ID-000 and G-001, all inclusive
B18: 5. Interior Architectural Specification Document 000110 dated 22 April 2022, all inclusive
B20: Sand cement screed; including surface preparation and all ancillary works as necessary
A22: A | B22: Screed; to receive tile | C22: 50312 | D22: m² | E22: 41.77 | F22: =C22*E22 -> 2101532.2
A24: B | B24: Screed; to receive epoxy paint | C24: 5413 | D24: m² | E24: 45.11 | F24: =C24*E24 -> 244180.43
B26: Epoxy screed; including surface preparation and all ancillary works as necessary
A28: C | B28: Type SC-01 | C28: 15 | D28: m² | E28: 375.58 | F28: =C28*E28 -> 5633.7
B30: Lightweight fill; including all ancillary works as necessary
A32: D | B32: 800mm thick; to amphitheater step | C32: 39 | D32: m² | E32: 568.04 | F32: =C32*E32 -> 22153.56
A34: E | B34: 500mm thick; to amphitheater step | C34: 20 | D34: m² | E34: 355.03 | F34: =C34*E34 -> 7100.6
A36: F | B36: 200mm thick; to amphitheater step | C36: 7 | D36: m² | E36: 142.01 | F36: =C36*E36 -> 994.07
A38: G | B38: 400mm thick; to paving | C38: 808 | D38: m² | E38: 284.02 | F38: =C38*E38 -> 229488.16
A40: H | B40: 400mm thick; to paving band | C40: 16 | D40: m² | E40: 284.02 | F40: =C40*E40 -> 4544.32
C43: To Collection | E43: AED | F43: =SUM(F16:F41) -> 2615627.1
B46: BACKGROUNDS (Cont´d)
B48: Cement plaster; including surface preparation and all ancillary works as necessary
A50: A | B50: Wall plaster; 15mm thick; to receive tiles | C50: 10810 | D50: m² | E50: 48.05 | F50: =C50*E50 -> 519420.5
A52: B | B52: Wall plaster; 15mm thick; to receive grp panel | C52: 1023 | D52: m² | E52: 48.05 | F52: =C52*E52 -> 49155.15
A54: C | B54: Wall plaster; 15mm thick; to receive paint | C54: 12931 | D54: m² | E54: 48.05 | F54: =C54*E54 -> 621334.55 | G54: EM-18 EM-20
B85: ** VE Reference "EM-" denotes items raised by Client in the VE Schedule
C87: To Collection | E87: AED | F87: =SUM(F48:F66) -> 1189910.2
B90: INTERNAL FINISHINGS
B92: Note: Refer to the following
B94: 1. Typical Detail Reference No. ID-500 series, A-951 to 953
B96: 2. Room finishes schedule Reference No. A-820
B98: 3. Material Schedule G-004
B100: 4. Drawings listed on Drawing Nr. ID-000 and G-001, all inclusive
B102: 5. Interior Architectural Specification Document 000110 dated 22 April 2022, all inclusive
B104: Static conductive vinyl floor tiles; laid on cement and sand screed (measured separately); including adhesive mortar, grout, joint and edge treatment sealer and all ancillary works as necessary
A106: A | B106: Type VCT-01; 610 x 610 x 2mm thick | C106: 93 | D106: m² | E106: 269.24 | F106: =C106*E106 -> 25039.32
A108: B | B108: Skirting; type VCT-01; 100mm high | C108: 62 | D108: m | E108: 53.85 | F108: =C108*E108 -> 3338.7
B110: Full bodied anti-slip floor tiles; laid on cement and sand screed (measured separately); including adhesive mortar, grout, joint and edge treatment sealer and all ancillary works as necessary
A112: C | B112: Type PC-01; 9mm thick | C112: 1,028 | D112: m² | E112: 177.82 | F112: =C112*E112 -> 182798.96 | G112: EM-17
A114: D | B114: Skirting; type PC-01 | C114: 1,016 | D114: m | E114: 74.67 | F114: =C114*E114 -> 75864.72 | G114: EM-17
B116: Porcelain floor tiles; laid on cement and sand screed (measured separately); including adhesive mortar, grout, joint and edge treatment sealer and all ancillary works as necessary
B117: ** VE Reference "EM-" denotes items raised by Client in the VE Schedule
C119: To Collection | E119: AED | F119: =SUM(F104:F116) -> 287041.7
B122: INTERNAL FINISHINGS (Cont´d)
A124: A | B124: Type TL-01/TL-02/TL-03; 10mm thick | C124: 30288 | D124: m² | E124: 218.91 | F124: =C124*E124 -> 6630346.1 | G124: EM-17
A126: B | B126: Type TL-02/TL-03; 10mm thick | C126: 155 | D126: m² | E126: 218.91 | F126: =C126*E126 -> 33931.05 | G126: EM-17
A128: C | B128: Type TL-01; 600x 600 x 10mm thick | C128: 3,241 | D128: m² | E128: 218.91 | F128: =C128*E128 -> 709487.31 | G128: EM-17
A130: D | B130: Type TL-02; 10mm thick | C130: 1,083 | D130: m² | E130: 218.91 | F130: =C130*E130 -> 237079.53 | G130: EM-17
A132: E | B132: Type TL-04; 9mm thick | C132: 630 | D132: m² | E132: 218.91 | F132: =C132*E132 -> 137913.3 | G132: EM-17
A134: F | B134: Type TL-05; 10mm thick | C134: 271 | D134: m² | E134: 218.91 | F134: =C134*E134 -> 59324.61 | G134: EM-17
A136: G | B136: Type TL-06; 600 x 600 x 10mm thick | C136: 8069 | D136: m² | E136: 220.27 | F136: =C136*E136 -> 1777358.6 | G136: EM-17
A138: H | B138: Type TL-07; 200 x 900 x 10mm thick | C138: 1684 | D138: m² | E138: 218.91 | F138: =C138*E138 -> 368644.44 | G138: EM-17
A140: J | B140: Type TL-08; 600 x 600 x 10mm thick | C140: 695 | D140: m² | E140: 220.27 | F140: =C140*E140 -> 153087.65 | G140: EM-17
A142: K | B142: Type TL-09/TL-10/TL-11 | C142: 282 | D142: m² | E142: 238.24 | F142: =C142*E142 -> 67183.68 | G142: EM-17
A144: L | B144: Type TL-10; ceramic tile; 600 x 600 x 9.5mm thick | C144: 133 | D144: m² | E144: 218.91 | F144: =C144*E144 -> 29115.03 | G144: EM-17
A146: M | B146: Type TL-11; 10mm thick | C146: 1563 | D146: m² | E146: 238.24 | F146: =C146*E146 -> 372369.12 | G146: EM-17
A148: N | B148: Type TL-13; 10mm thick | C148: 310 | D148: m² | E148: 218.91 | F148: =C148*E148 -> 67862.1 | G148: EM-17
A150: P | B150: Type TL-14 10mm thick | C150: 725 | D150: m² | E150: 218.91 | F150: =C150*E150 -> 158709.75 | G150: EM-17
A152: Q | B152: Skirting; type TL-04; 100mm high | C152: 63 | D152: m | E152: 111.26 | F152: =C152*E152 -> 7009.38 | G152: EM-17
A154: R | B154: Skirting; type TL-07; 100mm high | C154: 60 | D154: m | E154: 111.26 | F154: =C154*E154 -> 6675.6 | G154: EM-17
A156: S | B156: Vertical drain; type TL-01; 160mm high | C156: 54 | D156: m | E156: 127.59 | F156: =C156*E156 -> 6889.86 | G156: EM-17
B158: Carpet floor tiles; laid on cement and sand screed (measured separately); including adhesive mortar, grout, joint and edge treatment sealer and all ancillary works as necessary
A160: T | B160: Type CP-01 | C160: 902 | D160: m² | E160: 716.17 | F160: =C160*E160 -> 645985.34 | G160: EM-25
B162: ** VE Reference "EM-" denotes items raised by Client in the VE Schedule
C164: To Collection | E164: AED | F164: =SUM(F122:F162) -> 11468972
B167: INTERNAL FINISHINGS (Cont´d)
B169: Stainless steel skirting; including adhesive, fixings and all ancillary works as necessary
A171: A | B171: Type MT-02; 100mm high; in dark grey color; T22 Onyx Black Grane FPR finish | C171: 1,167 | D171: m | E171: 214.58 | F171: =C171*E171 -> 250414.86
A173: B | B173: Type MT-03; 100mm high; in bronze color; T22 Quartz Bronze Granex FPR finish | C173: 216 | D173: m | E173: 225.88 | F173: =C173*E173 -> 48790.08
B175: Porcelain paving; laid on 30mm thick mortar bed, 100mm thick concrete base, 400mm thick lightweight fill (measured separately); including waterproofing (measured separately), grout, joint and edge treatment and all ancillary works as necessary
A177: C | B177: Paving type P9; timber inspired; size 900L x 225W x 20mm thick; colour to match ID; in anti-slip finish | C177: 218 | D177: m² | E177: 426.9 | F177: =C177*E177 -> 93064.2
A179: D | B179: Paving type P10; timber inspired; size 900L x 225W x 20mm thick; colour to match ID; in anti-slip finish | C179: 469 | D179: m² | E179: 426.9 | F179: =C179*E179 -> 200216.1
A181: E | B181: Paving type P11; size 600L x 600W x 20mm thick; beige (TR2661A) colour; in anti-slip finish | C181: 125 | D181: m² | E181: 388.79 | F181: =C181*E181 -> 48598.75
B183: Porcelain banding; laid on 30mm thick mortar bed, 100mm thick concrete base, 400mm thick lightweight fill (measured separately); including waterproofing (measured separately), grout, joint and edge treatment and all ancillary works as necessary
A185: F | B185: Banding type E1; size 600L x 150W x 20mm thick; light grey colour to match ID; in anti-slip finish | C185: 98 | D185: m | E185: 144 | F185: =C185*E185 -> 14112
B187: Thin brick wall tiles; render on cement plaster (measured separately); including adhesive mortar, grout, joint and edge treatment sealer and all ancillary works as necessary
C191: To Collection | E191: AED | F191: =SUM(F167:F189) -> 655195.99
B194: INTERNAL FINISHINGS (Cont´d)
A196: A | B196: Type BR-01; 1/2" thick | C196: 612 | D196: m² | E196: 491.28 | F196: =C196*E196 -> 300663.36 | G196: MC-03
B198: Porcelain wall tiles; render on cement plaster (measured separately); including adhesive mortar, grout, joint and edge treatment sealer and all ancillary works as necessary
A200: B | B200: Type TL-01; 600 x 300 x 10mm thick | C200: 2057 | D200: m² | E200: 218.77 | F200: =C200*E200 -> 450009.89 | G200: EM-17
A202: C | B202: Type TL-01; 600 x 600 x 10mm thick | C202: 2130 | D202: m² | E202: 213.39 | F202: =C202*E202 -> 454520.7 | G202: EM-17
A204: D | B204: Type TL-06; 600 x 300 x 10mm thick | C204: 776 | D204: m² | E204: 238.98 | F204: =C204*E204 -> 185448.48 | G204: EM-17
A206: E | B206: Type TL-09; 9.5mm thick | C206: 4,742 | D206: m² | E206: 238.98 | F206: =C206*E206 -> 1133243.2 | G206: EM-17
A208: F | B208: TL-10; 600 x 300mm x 9.5mm thick | C208: 325 | D208: m² | E208: 218.77 | F208: =C208*E208 -> 71100.25 | G208: EM-17
B210: Porcelain wall tiles; including backing, supports, fixings, accessories and all ancillary works as necessary
A212: G | B212: Type TL-01; 600 x 300 x 10mm thick | C212: 2,296 | D212: m² | E212: 218.77 | F212: =C212*E212 -> 502295.92 | G212: EM-17
A214: H | B214: Type TL-06; 10mm thick | C214: 296 | D214: m² | E214: 238.98 | F214: =C214*E214 -> 70738.08 | G214: EM-17
A216: J | B216: Type TL-09; 600 x 300 x 9.5mm thick | C216: 531 | D216: m² | E216: 238.98 | F216: =C216*E216 -> 126898.38 | G216: EM-17
B218: Stainless steel wall panel; including supports, fixings and all ancillary works as necessary
A220: K | B220: Type MT-01 | C220: 64 | D220: m² | E220: 2936.38 | F220: =C220*E220 -> 187928.32
A222: L | B222: Type MT-02; 20mm thick; dark grey metal; in T22 onyx black granex FPR finish | C222: 219 | D222: m² | E222: 2439.45 | F222: =C222*E222 -> 534239.55
A224: M | B224: Type MT-03; 20mm thick; bronze color; in T22 quartz bronze granex FPR finish | C224: 78 | D224: m² | E224: 2823.44 | F224: =C224*E224 -> 220228.32
A226: N | B226: Type MT-06 | C226: 36 | D226: m² | E226: 2823.44 | F226: =C226*E226 -> 101643.84
A228: P | B228: Type MT-10 | C228: 44 | D228: m² | E228: 2823.44 | F228: =C228*E228 -> 124231.36
A230: Q | B230: Skirting; type MT-01 | C230: 84 | D230: m | E230: 350.11 | F230: =C230*E230 -> 29409.24
B232: ** VE Reference "EM-" denotes items raised by Client in the VE Schedule and "MC-" denotes items raised by Dutco in the VE Schedule
C234: To Collection | E234: AED | F234: =SUM(F194:F230) -> 4492598.8
...

Sheet Bill 3 - Accessories
A1: Item | B1: Description | C1: Quantity | D1: Unit | E1: Rate | F1: Amount | G1: VE Ref.
E2: AED | F2: AED
B4: ACCESSORIES
B6: PARTITIONS
B8: Note: Refer to the following
B10: 1. Typical Detail Reference No. ID-500 series, A-951 to 953
B12: 2. Room finishes schedule Reference No. A-820
B14: 3. Material Schedule G-004
B16: 4. Drawings listed on Drawing Nr. ID-000 and G-001, all inclusive
B18: 5. Interior Architectural Specification Document 000110 dated 22 April 2022, all inclusive
B20: Drywall partition; including metal studs, supports and all ancillary works as necessary
A22: A | B22: Type 3; 150mm thick; to external | C22: 212 | D22: m² | E22: 252.32 | F22: =C22*E22 -> 53491.84
A24: B | B24: Type 3; 150mm thick; to internal | C24: 4138 | D24: m² | E24: 189.24 | F24: =C24*E24 -> 783075.12
B26: Wall backing; including lightcove, supports, fixings, accessories and all ancillary works as necessary; as Detail 3 Drawing Nr. ID-705-4 and ID-509-2
A28: C | B28: Wall backing; to porcelain tiles | C28: 3,119 | D28: m² | E28: 126.16 | F28: =C28*E28 -> 393493.04
A30: D | B30: Wall backing; to grg panels | C30: 1,089 | D30: m² | E30: 126.16 | F30: =C30*E30 -> 137388.24
A32: E | B32: Wall backing; to paint; curved | C32: 1853 | D32: m² | E32: 168.21 | F32: =C32*E32 -> 311693.13
B34: Cubicle partition; metal panel type MT-04, 2150mm high doors in plastic laminate type PL-04; including ironmongery, finishes and all ancillary works as necessary
A36: F | B36: Overall size 1300 x 1800 x 2800mm high: front panel with 1 Nr. door | C36: 1 | D36: Nr. | E36: 5555.39 | F36: =C36*E36 -> 5555.39
C39: To Collection | E39: AED | F39: =SUM(F21:F37) -> 1684696.8
B42: PARTITIONS (Cont´d)
A44: A | B44: Overall size 2400 x 1800 x 2800mm high: front panel with 1 dividing panel and 2 Nr. doors | C44: 5 | D44: Nr. | E44: 11110.79 | F44: =C44*E44 -> 55553.95
A46: B | B46: Overall size 3600 x 1800 x 2800mm high: front panel with 2 dividing panel and 3 Nr. doors | C46: 2 | D46: Nr. | E46: 16666.18 | F46: =C46*E46 -> 33332.36
A48: C | B48: Overall size 3610 x 1600x 2800mm high: front panel with 2 dividing panel and 3 Nr. doors | C48: 2 | D48: Nr. | E48: 16666.18 | F48: =C48*E48 -> 33332.36
A50: D | B50: Overall size 5050 x 1600x 2800mm high: front panel with 3 dividing panel and 4 Nr. doors | C50: 2 | D50: Nr. | E50: 22221.58 | F50: =C50*E50 -> 44443.16
A52: E | B52: Overall size 5065L x 1800 x 2800mm high: front panel with 3 dividing panel and 4 Nr. doors | C52: 2 | D52: Nr. | E52: 22221.58 | F52: =C52*E52 -> 44443.16
A54: F | B54: Overall size 6000 x 2800mm high: front panel with 4 dividing panel and 5 Nr. doors | C54: 1 | D54: Nr. | E54: 27776.97 | F54: =C54*E54 -> 27776.97
B56: Overall size 6030 x 2800mm high: front panel with 4 dividing panel and 5 Nr. doors | C56: 2 | E56: 27776.97 | F56: =C56*E56 -> 55553.94
A58: G | B58: Overall size 6430 x 2800mm high: front panel with 4 dividing panel and 5 Nr. doors | C58: 2 | D58: Nr. | E58: 27776.97 | F58: =C58*E58 -> 55553.94
A60: H | B60: Overall size 6780 x 2800mm high: front panel with 5 dividing panel and 6 Nr. doors | C60: 2 | D60: Nr. | E60: 33332.37 | F60: =C60*E60 -> 66664.74
A62: J | B62: Overall size 7900 x 1800 x 2800mm high: front panel with 6 dividing panel and 7 Nr. doors | C62: 1 | D62: Nr. | E62: 38887.76 | F62: =C62*E62 -> 38887.76
A64: K | B64: Overall size 8150 x 1800 x 2800mm high: front panel with 6 dividing panel and 7 Nr. doors | C64: 1 | D64: Nr. | E64: 38887.76 | F64: =C64*E64 -> 38887.76
A66: L | B66: Overall size 8450 x 2800mm high: front panel with 6 dividing panel and 7 Nr. doors | C66: 5 | D66: Nr. | E66: 38887.76 | F66: =C66*E66 -> 194438.8
A68: M | B68: Overall size 9660 x 2800mm high: front panel with 7 dividing panel and 8 Nr. doors | C68: 2 | D68: Nr. | E68: 44443.16 | F68: =C68*E68 -> 88886.32
A70: N | B70: Overall size 10780 x 2800mm high: front panel with 8 dividing panel and 9 Nr. doors | C70: 2 | D70: Nr. | E70: 49998.55 | F70: =C70*E70 -> 99997.1
C73: To Collection | E73: AED | F73: =SUM(F42:F71) -> 877752.32
B76: PARTITIONS (Cont´d)
A78: A | B78: Overall size 10875L x 2800mm high: front panel with 8 dividing panel and 9 Nr. doors | C78: 5 | D78: Nr. | E78: 49998.55 | F78: =C78*E78 -> 249992.75
A80: B | B80: Overall size 10880 x 2800mm high: front panel with 8 dividing panel and 9 Nr. doors | C80: 1 | D80: Nr. | E80: 49998.55 | F80: =C80*E80 -> 49998.55
A82: C | B82: Overall size 10890 x 2800mm high: front panel with 8 dividing panel and 9 Nr. doors | C82: 2 | D82: Nr. | E82: 49998.55 | F82: =C82*E82 -> 99997.1
A84: D | B84: Overall size 13520 x 1800x x2800mm high: front panel with 10 dividing panel and 11 Nr. doors; L-shaped | C84: 1 | D84: Nr. | E84: 61109.34 | F84: =C84*E84 -> 61109.34
B86: Cubicle partition; metal panel type MT-04, 2650mm high doors in plastic laminate type PL-04; including ironmongery, finishes and all ancillary works as necessary
A88: E | B88: Overall size 3400 x 1800 x 3000mm high: front panel with 1 dividing panel and 2 Nr. doors | C88: 2 | D88: Nr. | E88: 11110.79 | F88: =C88*E88 -> 22221.58
B90: Urinal partition; back painted glass type GL-02; including frames and all ancillary works as necessary
A92: F | B92: Overall size 400 x 1950mm high | C92: 90 | D92: Nr. | E92: 716.17 | F92: =C92*E92 -> 64455.3
B94: Toilet system partition; phenolic compact board; including 1650mm high doors, ironmongery, finishes and all ancillary works as necessary
A95: G | B95: Overall size 3090 x 1610 x 2400mm high: front panel with 3 dividing panel and 3 Nr. doors | C95: 1 | D95: Nr. | E95: 12123.65 | F95: =C95*E95 -> 12123.65
A97: H | B97: Overall size 3230 x 1788 x 2400mm high: front panel with 2 dividing panel and 3 Nr. doors | C97: 1 | D97: Nr. | E97: 12123.65 | F97: =C97*E97 -> 12123.65
A99: J | B99: Overall size 4050 x 1600 x 2400mm high: front panel with 3 dividing panel and 4 Nr. doors | C99: 1 | D99: Nr. | E99: 16164.87 | F99: =C99*E99 -> 16164.87
A101: K | B101: Overall size 4320 x 1788 x 2400mm high: front panel with 3 dividing panel and 4 Nr. doors | C101: 1 | D101: Nr. | E101: 16164.87 | F101: =C101*E101 -> 16164.87
C104: To Collection | E104: AED | F104: =SUM(F76:F102) -> 604351.66
B107: SANITARY ACCESSORIES
B109: Note: Refer to the following
B111: 1. Interior Sanitaryware and Accessories Schedule
B113: Sanitary accessories: fixed to tiled or plastered concrete or blockwork: including all connections and supports and sealing around with silicone-based sealants all ancillary works as necessary
A115: A | B115: Type I-SD-01; touchless sensor soap dispenser | C115: 249 | D115: Nr. | E115: 529.38 | F115: =C115*E115 -> 131815.62
A117: B | B117: Type I-PD-01; surface-mounted toilet paper | C117: 271 | D117: Nr. | E117: 1465.09 | F117: =C117*E117 -> 397039.39
A119: C | B119: Type I-PD-02; paper dispenser with waste receptacle | C119: 7 | D119: Nr. | E119: 1617.62 | F119: =C119*E119 -> 11323.34
A121: D | B121: Type I-SV-01; recessed napkin/tampon vendor | D121: Item | E121: 5811.21 | F121: =+E121 -> 5811.21
A123: E | B123: Type I-SV-01; recessed napkin/tampon vendor (RATE ONLY) | D123: Nr. | E123: 1452.8 | F123: Rate only
A125: F | B125: Type I-HD-01; ada recessed hand dryer | C125: 7 | D125: Nr. | E125: 7129.87 | F125: =C125*E125 -> 49909.09
A127: G | B127: Type I-RH-01; robe hook | D127: Item | E127: 44874.19 | F127: =+E127 -> 44874.19
A129: H | B129: Type I-RH-01; robe hook | D129: Nr. | E129: 165.59 | F129: Rate only
A131: J | B131: Type I-FD-01; floor drain (linear) | C131: 488 | D131: Nr. | E131: 232.18 | F131: =C131*E131 -> 113303.84
A133: K | B133: Type I-FD-02; floor drain (square) | C133: 59 | D133: Nr. | E133: 114.73 | F133: =C133*E133 -> 6769.07
A135: L | B135: Type I-GB-01; straight grab rail | D135: Item | E135: 16223.77 | F135: =+E135 -> 16223.77
A137: M | B137: Type I-GB-01; straight grab rail | D137: Nr. | E137: 289.71 | F137: Rate only
A139: N | B139: Type I-GB-02; 90deg angular grab rail | C139: 24 | D139: Nr. | E139: 242.83 | F139: =C139*E139 -> 5827.92
A141: P | B141: Type I-GB-03; hinged grab rail | C141: 24 | D141: Nr. | E141: 690.08 | F141: =C141*E141 -> 16561.92
A143: Q | B143: Type I-CT-01; baby changing station | C143: 43 | D143: Nr. | E143: 960.13 | F143: =C143*E143 -> 41285.59
C146: To Collection | E146: AED | F146: =SUM(F115:F143) -> 840744.95
B149: SANITARY ACCESSORIES (Cont´d)
A151: A | B151: Mirror; 450mm wide x 1040mm high with mirror frame type MT-02 | C151: 56 | D151: Nr. | E151: 1880.34 | F151: =C151*E151 -> 105299.04
A153: B | B153: Mirror; 500mm wide x 860mm high | C153: 28 | D153: Nr. | E153: 130.58 | F153: =C153*E153 -> 3656.24
A155: C | B155: Mirror; 600mm wide x 1050mm high with mirror frame type MT-02; oval shaped | C155: 177 | D155: Nr. | E155: 2089.26 | F155: =C155*E155 -> 369799.02
A157: D | B157: Mirror; 2070mm wide x 990mm high | C157: 2 | D157: Nr. | E157: 438.75 | F157: =C157*E157 -> 877.5
A159: E | B159: Mirror; 2070mm wide x 990mm high | C159: 2 | D159: Nr. | E159: 438.75 | F159: =C159*E159 -> 877.5
B161: Ledge; 20mm thick solid surface; including fixings and all ancillary works as necessary
A163: F | B163: Type SS-01; 200mm wide | C163: 263 | D163: m | E163: 226.16 | F163: =C163*E163 -> 59480.08
A165: G | B165: Type SS-02; 200mm wide | C165: 31 | D165: m | E165: 226.16 | F165: =E165*C165 -> 7010.96
B167: Ablution seating; including structure, frames, finishes and all ancillary works as necessary
A169: H | B169: Overall size 400 x 650 x 540mm high | C169: 29 | D169: Nr. | E169: 253.82 | F169: =C169*E169 -> 7360.78
A171: J | B171: Extra over for porcelain tile; type TL-01 | C171: 32 | D171: m² | E171: 224.16 | F171: =C171*E171 -> 7173.12 | G171: EM-17
C190: To Collection | E190: AED | F190: =SUM(F150:F177) -> 561534.24
B193: INTERNAL LANDSCAPING
B195: Note: Please refer to the following:
B197: 1. V0195-100 DD Al Khail Avenue Specifications
B199: 2. Soft landscape plan drawing nr. V0195-TVS-ZZ-GF-DR-L-505 & V0195-TVS-ZZ-GF-DR-L-506 510 & 511
B201: 3. Ground floor typical planting detail on slab drawing nr. V0195- TVS- ZZ- XX- DR- L- 923
B203: Planting soil mix; including all ancillary works as necessary
A205: A | B205: 300mm depth; to groundcovers and climbers on slab | C205: 120 | D205: m³ | E205: 149.63 | F205: =C205*E205 -> 17955.6
A207: B | B207: 450mm depth; to shrubs on slab | C207: 438 | D207: m³ | E207: 149.63 | F207: =C207*E207 -> 65537.94
A209: C | B209: 2000mm depth; to palm pits on slab | C209: 1,680 | D209: m³ | E209: 149.63 | F209: =C209*E209 -> 251378.4
B211: Screed; including all ancillary works as necessary
A213: D | B213: To shrubs, groundcovers and climbers; on slab | C213: 1339 | D213: m² | E213: 41.77 | F213: =C213*E213 -> 55930.03
B215: Drainage cell wrapped in geotextile membrane; including all ancillary works as necessary
A217: E | B217: 30mm thick; to shrubs, groundcovers and climbers on slab | C217: 1339 | D217: m² | E217: 70.25 | F217: =C217*E217 -> 94064.75
B219: Compacted organic bark mulch; including all ancillary works as necessary
A221: F | B221: 75mm thick; to shrubs, groundcovers and climbers on slab | C221: 1339 | D221: m² | E221: 63.84 | F221: =C221*E221 -> 85481.76
A223: G | B223: 75mm thick; to palms on slab | C223: 319 | D223: m² | E223: 63.84 | F223: =C223*E223 -> 20364.96
...

Sheet Bill 3 - Furnishings
A1: Item | B1: Description | C1: Quantity | D1: Unit | E1: Rate | F1: Amount
E2: AED | F2: AED
B4: FURNISHINGS
B6: LOOSE FURNITURE
B8: Note: Refer to the following
B10: 1. Interior FF&E Schedule and Mood Boards dated April 2022
B12: Loose furniture; including all ancillary works as necessary
B14: To Garden walk
A16: A | B16: Type I-BA-01: banquette seating | C16: 3 | D16: Nr. | E16: 10174.99 | F16: =C16*E16 -> 30524.97
A18: B | B18: Type I-CH-01: lounge chair | C18: 12 | D18: Nr. | E18: 2511.64 | F18: =C18*E18 -> 30139.68
A20: C | B20: Type I-CH-02: armchair | C20: 27 | D20: Nr. | E20: 1968.62 | F20: =C20*E20 -> 53152.74
A22: D | B22: Type I-SO-01: sofa | C22: 9 | D22: Nr. | E22: 5904.76 | F22: =C22*E22 -> 53142.84
A24: E | B24: Type I-TA-01: side table | C24: 39 | D24: Nr. | E24: 1425.59 | F24: =C24*E24 -> 55598.01
B26: To Pulse
A28: F | B28: Type I-BN-01: swing bench | C28: 11 | D28: Nr. | E28: 6578.37 | F28: =C28*E28 -> 72362.07
A30: G | B30: Type I-SO-02: three-seater sofa | C30: 6 | D30: Nr. | E30: 3596.61 | F30: =C30*E30 -> 21579.66
A32: H | B32: Type I-CH-03: armchair | C32: 35 | D32: Nr. | E32: 2511.64 | F32: =C32*E32 -> 87907.4
A34: J | B34: Type I-CH-04: armchair | C34: 44 | D34: Nr. | E34: 1288.47 | F34: =C34*E34 -> 56692.68
A36: K | B36: Type I-TA-02: side table | C36: 49 | D36: Nr. | E36: 1056.68 | F36: =C36*E36 -> 51777.32
A38: L | B38: Type I-TA-03: side table | C38: 31 | D38: Nr. | E38: 1150.26 | F38: =C38*E38 -> 35658.06
A40: M | B40: Type I-PL-02: planter | C40: 22 | D40: Nr. | E40: 2105.73 | F40: =C40*E40 -> 46326.06
B42: To Retail Zone A
A44: N | B44: Type I-SO-03: sofa | C44: 4 | D44: Nr. | E44: 5224.61 | F44: =C44*E44 -> 20898.44
A46: P | B46: Type I-CH-05: lounge chair | C46: 22 | D46: Nr. | E46: 1968.62 | F46: =C46*E46 -> 43309.64
A48: Q | B48: Type I-TA-04: side table | C48: 10 | D48: Nr. | E48: 1562.7 | F48: =C48*E48 -> 15627
C50: To Collection | E50: AED | F50: =SUM(F14:F48) -> 674696.57
B53: LOOSE FURNITURE (Cont´d)
A55: A | B55: Type I-PL-03: planter | C55: 12 | D55: Nr. | E55: 745.44 | F55: =C55*E55 -> 8945.28
B57: To Retail Zone B
A59: B | B59: Type I-BN-02: bench seating | C59: 3 | D59: Nr. | E59: 2511.64 | F59: =C59*E59 -> 7534.92
A61: C | B61: Type I-CH-06: lounge chair | C61: 6 | D61: Nr. | E61: 1193.79 | F61: =C61*E61 -> 7162.74
A63: D | B63: Type I-CH-07: lounge chair | C63: 7 | D63: Nr. | E63: 1562.7 | F63: =C63*E63 -> 10938.9
A65: E | B65: Type I-CH-08: high chair | C65: 24 | D65: Nr. | E65: 1193.79 | F65: =C65*E65 -> 28650.96
A67: F | B67: Type I-TA-05: coffee table | C67: 3 | D67: Nr. | E67: 1968.62 | F67: =C67*E67 -> 5905.86
A69: G | B69: Type I-TA-06: side table | C69: 3 | D69: Nr. | E69: 1425.59 | F69: =C69*E69 -> 4276.77
A71: H | B71: Type I-TA-07: community table | C71: 3 | D71: Nr. | E71: 4950.38 | F71: =C71*E71 -> 14851.14
A73: J | B73: Type I-PL-04: planter | C73: 6 | D73: Nr. | E73: 882.56 | F73: =C73*E73 -> 5295.36
B75: To East food cluster
A77: K | B77: Type I-BA-02: banquette seating | C77: 4 | D77: Nr. | E77: 2236.32 | F77: =C77*E77 -> 8945.28
A79: L | B79: Type I-CH-09: chair | C79: 7 | D79: Nr. | E79: 650.76 | F79: =C79*E79 -> 4555.32
A81: M | B81: Type I-CH-10: loose stool chair | C81: 9 | D81: Nr. | E81: 2236.32 | F81: =C81*E81 -> 20126.88
A83: N | B83: Type I-CH-11: seating cushion | C83: 10 | D83: Nr. | E83: 245.94 | F83: =C83*E83 -> 2459.4
A85: P | B85: Type I-TA-06: side table | C85: 8 | D85: Nr. | E85: 1425.59 | F85: =C85*E85 -> 11404.72
B87: To Nursery
A89: Q | B89: Type I-CH-12: armchair | C89: 25 | D89: Nr. | E89: 2236.32 | F89: =C89*E89 -> 55908
A91: R | B91: Type I-TA-08: side table | C91: 25 | D91: Nr. | E91: 1693.29 | F91: =C91*E91 -> 42332.25
C98: To Collection | E98: AED | F98: =SUM(F53:F94) -> 239293.78
B101: LOOSE FURNITURE (Cont´d)
B103: To other areas
A105: A | B105: Type I-BA-03: bench seating | C105: 48 | D105: Nr. | E105: 2012.14 | F105: =C105*E105 -> 96582.72
A107: B | B107: Type I-WB-01: waste bin | C107: 19 | D107: Nr. | E107: 224.18 | F107: =C107*E107 -> 4259.42
A109: C | B109: Type I-WB-02: recycling & waste bin | C109: 22 | D109: Nr. | E109: 470.12 | F109: =C109*E109 -> 10342.64
A111: D | B111: Planter | C111: 65 | D111: Nr. | E111: 5192.82 | F111: =C111*E111 -> 337533.3
C146: To Collection | E146: AED | F146: =SUM(F101:F133) -> 448718.08
B149: LANDSCAPE FURNITURE
B151: Note: Refer to the following
B153: 1. Landscape Detailed Design Report dated 11 April 2022
B155: 2. Drawing listed in Reference Nr. V0195-TVS-ZZ-XX-DR-L-001, all inclusive
B157: Site furnishings; including all ancillary works as necessary
A159: A | B159: IF1: Handrail; 900mm high | C159: 14 | D159: m | E159: 2130.29 | F159: =C159*E159 -> 29824.06
A161: B | B161: IF1: Handrail; curved; 900mm high | C161: 146 | D161: m | E161: 2507.98 | F161: =C161*E161 -> 366165.08
A163: C | B163: IF2: Litter bins | C163: 6 | D163: Nr. | E163: 6009.67 | F163: =C163*E163 -> 36058.02
A165: D | B165: IF3: Precast concrete timber clad bench; 650mm wide | C165: 47 | D165: m | E165: 3630.83 | F165: =C165*E165 -> 170649.01
A167: E | B167: IF3: Precast concrete timber clad bench; 760mm wide | C167: 43 | D167: m | E167: 3630.83 | F167: =C167*E167 -> 156125.69
A169: F | B169: IF3: Precast concrete timber clad bench; 650mm wide | C169: 75 | D169: m | E169: 3630.83 | F169: =C169*E169 -> 272312.25
A171: G | B171: IF4: Recycle bins | C171: 5 | D171: Nr. | E171: 6366.88 | F171: =C171*E171 -> 31834.4
C189: To Collection | E189: AED | F189: =SUM(F155:F178) -> 1062968.5
B192: GENERALLY
B194: Allow for any other works which are not included above and which are required to complete the Furnishings in accordance with the Specification and the drawings (Tenderer to list below): | D194: Item | F194: =C194*E194 -> 0
B195: Quantity Adjustments
A197: A | B197: Variance in quantity following in-house Quantity Take Off | C197: 1 | D197: item | F197: =+C197*E197 -> 0
C232: To Collection | E232: AED | F232: =SUM(F192:F214) -> 0
B235: COLLECTION
B237: Page 3/M/1 | F237: =F50 -> 674696.57
B239: Page 3/M/2 | F239: =F98 -> 239293.78
B241: Page 3/M/3 | F241: =F146 -> 448718.08
B243: Page 3/M/4 | F243: =F189 -> 1062968.5
B245: Page 3/M/5 | F245: =F232 -> 0
C280: Carried To Summary | E280: AED | F280: =SUM(F235:F252) -> 2425676.9

Sheet Bill 3 - Special Cons
A1: Item | B1: Description | C1: Quantity | D1: Unit | E1: Rate | F1: Amount
E2: AED | F2: AED
B4: SPECIAL CONSTRUCTION
B6: WATER FEATURES
B8: Note: Refer to the following
B10: 1. Landscape Detailed Design Report dated 11 April 2022
B12: 2. Drawing listed in Reference Nr. V0195-TVS-ZZ-XX-DR-L-001, all inclusive
B14: Granite paving; including epoxy adhesive, joint and edge treatment and all ancillary works as necessary
A16: A | B16: Paving type WF2; size 600L x 600W x 30mm thick; dark grey colour; in polished finish | C16: 59 | D16: m² | E16: 1213.58 | F16: =C16*E16 -> 71601.22
B18: Granite cladding; including epoxy adhesive, joint and edge treatment and all ancillary works as necessary
A20: B | B20: Cladding type WF3; 20mm thick; dark grey colour; in polished finish | C20: 21 | D20: m² | E20: 759.06 | F20: =C20*E20 -> 15940.26
B22: Basin tiling; including epoxy adhesive, joint and edge treatment and all ancillary works as necessary
A24: C | B24: Tiling type WF4; 20mm thick; sukabumi basalt colour; in riven finish | C24: 127 | D24: m² | E24: 584.94 | F24: =C24*E24 -> 74287.38
B26: Internal waterproofing; including all ancillary works as necessary
A28: D | B28: To floors | C28: 186 | D28: m² | E28: 184.19 | F28: =C28*E28 -> 34259.34
A30: E | B30: To walls | C30: 28 | D30: m² | E30: 184.19 | F30: =C30*E30 -> 5157.32
B32: Concrete base; including concrete, shuttering, reinforcement, waterproofing, fixings and all ancillary works as necessary
A34: F | B34: To water feature | C34: 44 | D34: m³ | E34: 1603.77 | F34: =C34*E34 -> 70565.88
C37: To Collection | E37: AED | F37: =SUM(F13:F35) -> 271811.4
B40: WATER FEATURES (Cont´d)
A42: A | B42: Allow water supply for garden walk water features; including pipes, fittings, accessories and all ancillary works as necessary | D42: Item | E42: 307287.78 | F42: =+E42 -> 307287.78
A44: B | B44: Allow water feature equipment | D44: Item | F44: Refer to 3/N/3
C82: To Collection | E82: AED | F82: =SUM(F41:F59) -> 307287.78
B85: GENERALLY
A87: A | B87: Allow for any other works which are not included above and which are required to complete the Special Construction in accordance with the Specification and the drawings (Tenderer to list below): | D87: Item | F87: =C87*E87 -> 0
B89: Water Features
B91: Garden Walk (Internal)
A93: A | B93: Water Feature 01 - Cascade Water Feature | C93: 1 | D93: Item | E93: 228158.78 | F93: =+C93*E93 -> 228158.78
A95: B | B95: Water Feature 02 - Plant Pond | C95: 1 | D95: Item | E95: 164823.68 | F95: =+C95*E95 -> 164823.68
A97: C | B97: Water Feature 03 - Cascade Water Feature | C97: 1 | D97: Item | E97: 259933.87 | F97: =+C97*E97 -> 259933.87
A99: D | B99: Water Feature 04 - Plant Pond | C99: 1 | D99: Item | E99: 178452.74 | F99: =+C99*E99 -> 178452.74
A101: E | B101: Water Feature 05 - Cascade Water Feature | C101: 1 | D101: Item | E101: 270766.69 | F101: =+C101*E101 -> 270766.69
A103: F | B103: Water Feature 06 - Cascade Water Feature | C103: 1 | D103: Item | E103: 216200.54 | F103: =+C103*E103 -> 216200.54
A105: G | B105: Water Feature 07A & 7B - Plant Pond | C105: 1 | D105: Item | E105: 158053.33 | F105: =+C105*E105 -> 158053.33
A107: H | B107: Water Feature 08 - Cascade Water Feature | C107: 1 | D107: Item | E107: 235199.28 | F107: =+C107*E107 -> 235199.28
A109: J | B109: Water Feature 09 - Cascade Water Feature | C109: 1 | D109: Item | E109: 222005.54 | F109: =+C109*E109 -> 222005.54
B111: External
A113: K | B113: Outdoor Water Feature - Nozzles Water Feature | C113: 1 | D113: Item | E113: 323923.21 | F113: =+C113*E113 -> 323923.21
B115: Quantity Adjustments
A117: L | B117: Variance in quantity following in-house Quantity Take Off | C117: 1 | D117: item | F117: =+C117*E117 -> 0
C124: To Collection | E124: AED | F124: =SUM(F85:F119) -> 2257517.7
B127: COLLECTION
B129: Page 3/N/1 | F129: =F37 -> 271811.4
B131: Page 3/N/2 | F131: =F82 -> 307287.78
B133: Page 3/N/3 | F133: =F124 -> 2257517.7
C172: Carried To Summary | E172: AED | F172: =SUM(F126:F150) -> 2836616.8

Sheet Bill 3 - Conveying
A1: Item | B1: Description | C1: Quantity | D1: Unit | E1: Rate | F1: Amount | G1: VE Ref.
E2: AED | F2: AED
B4: CONVEYING SYSTEMS
B6: LIFTS
B8: Note: Refer to the following:
B10: 1. Drawing Nr. VT-001,002 and VT-101 to 129
B12: 2. Drawing Reference Nr. ID-700 series, all inclusive
B14: MRL Duplex type Passenger Elevator; including elevator car, traction motor, wire ropes, door controls, door sensors, rails, control panels, lighting fixtures, wirings, conduits, intercommunication system, counter weight, hauling, hoisting and all ancillary works as necessary
A16: A | B16: Ref. PE-M-17.1 & 2 - 1600kgs/21 persons capacity, 1.60m/s speed, 6 stops / 6 openings | C16: 2 | D16: Nr. | E16: 359543.6 | F16: =C16*E16 -> 719087.2
B18: MRL Group type Passenger / Trolley Elevator; including elevator car, traction motor, wire ropes, door controls, door sensors, rails, control panels, lighting fixtures, wirings, conduits, intercommunication system, counter weight, hauling, hoisting and all ancillary works as necessary
A20: B | B20: Ref. PE-M-18, 19 and 20 - 4000kgs / 53 persons capacity, 1m/s speed, 5 stops / 5 openings | C20: 3 | D20: Nr. | E20: 481570.52 | F20: =C20*E20 -> 1444711.6
A22: C | B22: Ref. PE-M-21and 22 - 4000kgs / 53 persons capacity, 1m/s speed, 7 stops / 7 openings | C22: 2 | D22: Nr. | E22: 519703.94 | F22: =C22*E22 -> 1039407.9
C34: To Collection | E34: AED | F34: =SUM(F14:F28) -> 3203206.6
B37: LIFTS (Cont´d)
B39: MRL Simplex type Service Elevator; including elevator car, traction motor, wire ropes, door controls, door sensors, rails, control panels, lighting fixtures, wirings, conduits, intercommunication system, counter weight, hauling, hoisting and all ancillary works as necessary
A41: A | B41: Ref. SE-M-08 - 2000kgs/21 persons capacity, 1m/s speed, 4 stops / 4 openings | C41: 1 | D41: Nr. | E41: 326857.82 | F41: =C41*E41 -> 326857.82
A43: B | B43: Ref. SE-M-09 - 2000kgs/21 persons capacity, 1m/s speed, 6 stops / 6 openings | C43: 1 | D43: Nr. | E43: 346469.29 | F43: =C43*E43 -> 346469.29
A45: C | B45: Ref. SE-M-10 - 2000kgs/21 persons capacity, 1m/s speed, 4 stops / 4 openings | C45: 1 | D45: Nr. | E45: 326857.82 | F45: =C45*E45 -> 326857.82
A47: D | B47: Ref. SE-M-11 - 2500kgs/33 persons capacity, 1m/s speed, 2 stops / 2 openings | C47: 1 | D47: Nr. | E47: 359543.6 | F47: =C47*E47 -> 359543.6
B49: Finishings; to lift cars for A, B and C; including fixing, fittings, accessories and all ancillary works as necessary
A51: E | B51: Floor tile; type TL-01; 500 x 500mm | C51: 39 | D51: m² | E51: 218.91 | F51: =C51*E51 -> 8537.49 | G51: EM-17
A53: F | B53: Stainless steel wall panel; type MT-01 | C53: 69 | D53: m² | E53: 3422.01 | F53: =C53*E53 -> 236118.69
A55: G | B55: Bumper rail; 20 x 60mm; type MT-02; L-shaped | C55: 46 | D55: m | E55: 880.91 | F55: =C55*E55 -> 40521.86
A57: H | B57: Stainless steel wall panel; type MT-06 | C57: 14 | D57: m² | E57: 3422.01 | F57: =C57*E57 -> 47908.14
A59: J | B59: 3M Di-noc wood; to walls; type PL-01 | C59: 64 | D59: m² | E59: 767.32 | F59: =C59*E59 -> 49108.48
A61: K | B61: Stainless steel skirting; type MT-01 | C61: 77 | D61: m | E61: 350.11 | F61: =C61*E61 -> 26958.47
A63: L | B63: Barissol ceiling; type BS-01 | C63: 12 | D63: m² | E63: 1654.18 | F63: =C63*E63 -> 19850.16
A65: M | B65: Gypsum ceiling board | C65: 33 | D65: m² | E65: 94.62 | F65: =C65*E65 -> 3122.46
A67: N | B67: Gypsum wall board | C67: 78 | D67: m² | E67: 126.16 | F67: =C67*E67 -> 9840.48
A69: P | B69: Lightcove; 370mm girth | C69: 57 | D69: m | E69: 147.19 | F69: =C69*E69 -> 8389.83
C71: To Collection | E71: AED | F71: =SUM(F39:F69) -> 1810084.6
B74: LIFTS (Cont´d)
A76: A | B76: Paint to gypsum ceiling; type PT-01 | C76: 33 | D76: m² | E76: 15.51 | F76: =C76*E76 -> 511.83
B78: Finishings; to lift cars for D; including fixing, fittings, accessories and all ancillary works as necessary
A80: B | B80: Floor tile; type TL-06; 500 x 500mm | C80: 13 | D80: m² | E80: 220.27 | F80: =C80*E80 -> 2863.51 | G80: EM-17
A82: C | B82: Stainless steel wall panel; type MT-02 | C82: 32.00 | D82: m² | E82: 2439.45 | F82: =C82*E82 -> 78062.4
A84: D | B84: Stainless steel wall panel; type MT-10 | C84: 31.00 | D84: m² | E84: 2303.93 | F84: =C84*E84 -> 71421.83
A86: E | B86: Stainless steel skirting; type MT-02 | C86: 25 | D86: m | E86: 214.58 | F86: =C86*E86 -> 5364.5
A88: F | B88: Bumper rail; 20 x 60mm; type MT-02; L-shaped | C88: 17 | D88: m | E88: 880.91 | F88: =C88*E88 -> 14975.47
A90: G | B90: Gypsum ceiling board | C90: 21 | D90: m² | E90: 94.62 | F90: =C90*E90 -> 1987.02
A92: H | B92: Gypsum wall board | C92: 62 | D92: m² | E92: 126.16 | F92: =C92*E92 -> 7821.92
A94: J | B94: Lightcove; 300mm girth | C94: 21 | D94: m | E94: 147.19 | F94: =C94*E94 -> 3090.99
A96: K | B96: Paint to gypsum ceiling; type PT-01 | C96: 29 | D96: m² | E96: 15.51 | F96: =C96*E96 -> 449.79
C117: To Collection | E117: AED | F117: =SUM(F75:F100) -> 186549.26
B120: ESCALATORS
B122: Note: Refer to the following:
B124: 1. Drawing Nr. VT-001,002 and VT-101 TO 129
B126: Indoor type Escalator Unit; complete with VVVF motor, steps, balustrades, handrails, demarcations, skirtings, rails, landing plates, lighting fixtures, sensors, emergency stop buttons, switches, drive chain, step up trust device, control panels, wirings, conduits, and all ancillary works as necessary
A128: A | B128: Ref. Z5-G-E1 and E2 - 0.50m/s, speed, 30 degrees inclination, step width 1000mm | C128: 2 | D128: Nr. | E128: 405303.7 | F128: =C128*E128 -> 810607.4
A130: B | B130: Ref. Z5-1-E1 and E2 - 0.50m/s, speed, 30 degrees inclination, step width 1000mm | C130: 2 | D130: Nr. | E130: 372617.92 | F130: =C130*E130 -> 745235.84
A132: C | B132: Ref. Z6-G-E1 and E2 - 0.50m/s, speed, 30 degrees inclination, step width 1000mm | C132: 2 | D132: Nr. | E132: 405303.7 | F132: =C132*E132 -> 810607.4
A134: D | B134: Ref. Z6-1-E1 and E2 - 0.50m/s, speed, 30 degrees inclination, step width 1000mm | C134: 2 | D134: Nr. | E134: 372617.92 | F134: =C134*E134 -> 745235.84
B136: Indoor type Travolator Unit; complete with VVVF motor, steps, balustrades, handrails, demarcations, skirtings, rails, landing plates, lighting fixtures, sensors, emergency stop buttons, switches, drive chain, step up trust device, control panels, wirings, conduits, hauling/hoisting and all ancillary works as necessary
A138: E | B138: Ref. Z2-B2-T1 and T2 - 0.50m/s, speed, 12 degrees inclination, width step 1000mm | C138: 2 | D138: Nr. | E138: 333394.98 | F138: =C138*E138 -> 666789.96
C148: To Collection | E148: AED | F148: =SUM(F126:F143) -> 3778476.4
B151: LOADING DOCK LEVELERS
B153: Note: Refer to the following:
B155: 1. Drawing Nr. A-103 ground floor plan
B157: 2. Specification section 111319 page 1 to 7 stationary loading dock equipment
B159: Stationary Loading Dock Equipment as required for a complete installation; including dock levelers, dock platform, devices, controls, vehicle rear-impact guard, interconnect control panel and signals, wiring, sensors, and all ancillary works as necessary
A161: A | B161: Recessed loading dock levelers; 60Hz, 240V | C161: 13 | D161: Nr. | E161: 23746.53 | F161: =C161*E161 -> 308704.89
C190: To Collection | E190: AED | F190: =SUM(F156:F177) -> 308704.89
B193: SUNDRIES
A195: A | B195: Allow for providing shop drawings, as built drawings and material submittal approvals | D195: item | F195: Included
A197: B | B197: Allow for providing catalogues, operation and maintenance manuals | D197: item | F197: Included
A199: C | B199: Allow for labelling, tagging of equipment with their related control panel and components as specified | D199: item | F199: Included
A201: D | B201: Allow for testing and commissioning the complete installation | D201: item | F201: Included
C233: To Collection | E233: AED | F233: =SUM(F194:F216) -> 0
B236: WORK INCIDENTAL TO CONVEYING SYSTEM
B238: Generally
A240: A | B240: Allow for cutting or forming all holes, mortices, chases and the like and making good finishes for conveying systems | D240: Item | F240: Included
A242: B | B242: Allow for fixing all sleeves, frames and built-in firestop system and making good finishes for conveying systems | D242: Item | F242: Included
A244: C | B244: Allow for firestopping for all holes and making good finishes for conveying systems | D244: Item | F244: Included
A246: D | B246: Allow for building in or cutting and pinning brackets or the like and making good finishes for conveying systems | D246: Item | F246: Included
B248: Monitoring System
A250: E | B250: Elevator monitoring system (EMS) at central site command center | D250: Item | F250: Included
B252: BWIC
A254: F | B254: Builders work in connection with conveying systems | D254: Item | F254: Included
C272: To Collection | E272: AED | F272: =SUM(F239:F267) -> 0
B275: GENERALLY
B277: Allow for any other works which are not included above and which are required to complete the Conveying Systems in accordance with the Specification and the drawings (Tenderer to list below): | D277: Item | F277: =C277*E277 -> 0
B279: Quantity Adjustments
A281: A | B281: Variance in quantity following in-house Quantity Take Off | C281: 1 | D281: item | F281: =C281*E281 -> 0
C315: To Collection | E315: AED | F315: =SUM(F276:F296) -> 0
B318: COLLECTION
B320: Page 3/P/1 | F320: =F34 -> 3203206.6
B322: Page 3/P/2 | F322: =F71 -> 1810084.6
B324: Page 3/P/3 | F324: =F117 -> 186549.26
B326: Page 3/P/4 | F326: =F148 -> 3778476.4
B328: Page 3/P/5 | F328: =F190 -> 308704.89
B330: Page 3/P/6 | F330: =F233 -> 0
B332: Page 3/P/7 | F332: =F272 -> 0
B334: Page 3/P/8 | F334: =F315 -> 0
C363: Carried To Summary | E363: AED | F363: =SUM(F319:F346) -> 9287021.8

Sheet Bill 3 - Mech
A1: Item | B1: Description | C1: Quantity | D1: Unit | E1: Rate | F1: Amount | G1: VE Ref.
E2: AED | F2: AED
B4: MECHANICAL ENGINEERING INSTALLATIONS
B6: IRRIGATION SYSTEM
B8: Note: Please refer to the following:
B10: 1) Drawing Nr. V0195-TVS-ZZ-GF-DR-L-601 to 620 and 3D View Al-Khail R20 Irrig; all inclusive
B12: 2) Al Khail Avenue Mall Redevelopment - Mechanical Specification dated March 28, 2022
B14: Irrigation lateral line uPVC pipe; including fittings
A16: A | B16: uPVC class E pipe; size 32mm diameter | C16: 887 | D16: m | E16: 39.52 | F16: =C16*E16 -> 35054.24
A18: B | B18: uPVC class D pipe; size 50mm diameter | C18: 68 | D18: m | E18: 43.36 | F18: =C18*E18 -> 2948.48
A20: C | B20: uPVC class D pipe; size 63mm diameter | C20: 17 | D20: m | E20: 49.76 | F20: =C20*E20 -> 845.92
B22: Drip irrigation accessories; including compression fittings, spike, and all related fixing materials as necessary
A24: D | B24: Drip riser for shrub and ground cover | C24: 52 | D24: Nr | E24: 56.16 | F24: =C24*E24 -> 2920.32
A26: E | B26: Drip riser for trees | C26: 112 | D26: Nr | E26: 56.16 | F26: =C26*E26 -> 6289.92
B28: Pipe specialties/accessories; including all related fixing materials and ancillary works as necessary
A30: F | B30: Drip solenoid valve (DVP01) - size 1" diameter | C30: 1 | D30: Nr | E30: 2056.03 | F30: =C30*E30 -> 2056.03
A32: G | B32: Drip solenoid valve (DVP02) - size 1.5" diameter | C32: 1 | D32: Nr | E32: 2538.71 | F32: =C32*E32 -> 2538.71
A34: H | B34: Drip solenoid valve (DVP03) - size 1.5" diameter | C34: 1 | D34: Nr | E34: 2538.71 | F34: =C34*E34 -> 2538.71
A36: J | B36: Drip solenoid valve (DVP04) - size 1.5" diameter | C36: 1 | D36: Nr | E36: 2538.71 | F36: =C36*E36 -> 2538.71
A38: K | B38: Drip solenoid valve (DVP05) - size 1.5" diameter | C38: 1 | D38: Nr | E38: 2538.71 | F38: =C38*E38 -> 2538.71
C42: To Collection | E42: AED | F42: =SUM(F12:F39) -> 60269.75
B45: IRRIGATION SYSTEM (Cont´d)
A47: A | B47: Drip solenoid valve (DVP06) - size 1" diameter | C47: 1 | D47: Nr | E47: 2056.03 | F47: =C47*E47 -> 2056.03
A49: B | B49: Drip solenoid valve (DVP07) - size 1" diameter | C49: 1 | D49: Nr | E49: 2056.03 | F49: =C49*E49 -> 2056.03
A51: C | B51: Drip solenoid valve (DVP08) - size 1" diameter | C51: 1 | D51: Nr | E51: 2056.03 | F51: =C51*E51 -> 2056.03
A53: D | B53: Allow for connection to the nearest electrical power supply including cables, conduits, terminations and all ancillary works as necessary | D53: Item | E53: 18134.34 | F53: =+E53 -> 18134.34
C87: To Collection | E87: AED | F87: =SUM(F45:F78) -> 24302.43
B90: DRAINAGE INSTALLATION
B92: Note: Please refer to the following:
B94: 1) Drawing Nr. D-12200 to D-12259, D-13100 to D-13110 and 3D View Al-Khail R20 Plumb; all inclusive
B96: 2) Drainage general notes, symbols and legends and Drainage equipment schedule Drawing Nr. D-09102 and D-00050
B98: 3) Al Khail Avenue Mall Redevelopment - Mechanical Specification dated March 28, 2022
B100: uPVC pipework; including fittings, supports and ancillary work as necessary
B102: Rainwater pipework
A104: A | B104: 80mm diameter | C104: 19 | D104: m | E104: 119.7 | F104: =C104*E104 -> 2274.3
A106: B | B106: 110mm diameter | C106: 230 | D106: m | E106: 130.82 | F106: =C106*E106 -> 30088.6
A108: C | B108: 150mm diameter | C108: 34 | D108: m | E108: 183.55 | F108: =C108*E108 -> 6240.7
B110: Flexible elastomeric insulation, 13mm thick to rainwater pipes including support, accessories and other ancillary works as necessary
A112: D | B112: 80mm diameter | C112: 19 | D112: m | E112: 19.86 | F112: =C112*E112 -> 377.34
A114: E | B114: 110mm diameter | C114: 230 | D114: m | E114: 36.6 | F114: =C114*E114 -> 8418
A116: F | B116: 150mm diameter | C116: 34 | D116: m | E116: 43.8 | F116: =C116*E116 -> 1489.2
B118: uPVC pipework; including fittings, supports and ancillary work as necessary
B120: Waste pipework
A122: G | B122: 50mm diameter | C122: 633 | D122: m | E122: 57.19 | F122: =C122*E122 -> 36201.27
A124: H | B124: 65mm diameter | C124: 2 | D124: m | E124: 66.46 | F124: =C124*E124 -> 132.92
C127: To Collection | E127: AED | F127: =SUM(F102:F125) -> 85222.33
B130: DRAINAGE INSTALLATION (Cont´d)
A132: A | B132: 80mm diameter | C132: 424 | D132: m | E132: 119.7 | F132: =C132*E132 -> 50752.8
A134: B | B134: 110mm diameter | C134: 2,988 | D134: m | E134: 130.82 | F134: =C134*E134 -> 390890.16
A136: C | B136: 150mm diameter | C136: 90 | D136: m | E136: 183.55 | F136: =C136*E136 -> 16519.5
B138: Soil pipework
A140: D | B140: 50mm diameter | C140: 35 | D140: m | E140: 33.65 | F140: =C140*E140 -> 1177.75
A142: E | B142: 65mm diameter | C142: 63 | D142: m | E142: 44.57 | F142: =C142*E142 -> 2807.91
A144: F | B144: 80mm diameter | C144: 34 | D144: m | E144: 56.25 | F144: =C144*E144 -> 1912.5
A146: G | B146: 110mm diameter | C146: 2,102 | D146: m | E146: 60.74 | F146: =C146*E146 -> 127675.48
A148: H | B148: 150mm diameter | C148: 31 | D148: m | E148: 81.62 | F148: =C148*E148 -> 2530.22
A150: J | B150: 200mm diameter | C150: 68 | D150: m | E150: 110.97 | F150: =C150*E150 -> 7545.96
B152: Kitchen waste pipework
A154: K | B154: 110mm diameter | C154: 1,791 | D154: m | E154: 76.63 | F154: =C154*E154 -> 137244.33
A156: L | B156: 150mm diameter | C156: 12 | D156: m | E156: 101.67 | F156: =C156*E156 -> 1220.04
A158: M | B158: 200mm diameter | C158: 20 | D158: m | E158: 329.48 | F158: =C158*E158 -> 6589.6
B160: Vent pipework
A162: N | B162: 50mm diameter | C162: 815 | D162: m | E162: 57.19 | F162: =C162*E162 -> 46609.85
A164: P | B164: 65mm diameter | C164: 88 | D164: m | E164: 66.46 | F164: =C164*E164 -> 5848.48
A166: Q | B166: 80mm diameter | C166: 939 | D166: m | E166: 119.7 | F166: =C166*E166 -> 112398.3
A168: R | B168: 110mm diameter | C168: 1,055 | D168: m | E168: 130.82 | F168: =C168*E168 -> 138015.1
A170: S | B170: 150mm diameter | C170: 40 | D170: m | E170: 183.55 | F170: =C170*E170 -> 7342
C175: To Collection | E175: AED | F175: =SUM(F131:F172) -> 1057080
B178: DRAINAGE INSTALLATION (Cont´d)
B180: Condensate drain pipework
A182: A | B182: 50mm diameter | C182: 422 | D182: m | E182: 86.52 | F182: =C182*E182 -> 36511.44
A184: B | B184: 65mm diameter | C184: 114 | D184: m | E184: 88.41 | F184: =C184*E184 -> 10078.74
A186: C | B186: 75mm diameter | C186: 30 | D186: m | E186: 96.59 | F186: =C186*E186 -> 2897.7
A188: D | B188: 80mm diameter | C188: 289 | D188: m | E188: 96.59 | F188: =C188*E188 -> 27914.51
A190: E | B190: 110mm diameter | C190: 3 | D190: m | E190: 187.96 | F190: =C190*E190 -> 563.88
B192: Accessories; including supports and ancillary work as necessary
A194: F | B194: Trench drain; 500 x 500mm | C194: 4 | D194: Nr. | E194: 978.99 | F194: =C194*E194 -> 3915.96
A196: G | B196: Trench drain; 1100 x 60mm | C196: 162 | D196: Nr. | E196: 1698.05 | F196: =C196*E196 -> 275084.1
A198: H | B198: Trench drain; 1150 x 60mm | C198: 85 | D198: Nr. | E198: 1757.97 | F198: =C198*E198 -> 149427.45
A200: J | B200: Trench drain; 6045 x 200mm | C200: 1 | D200: Nr. | E200: 7624.23 | F200: =C200*E200 -> 7624.23
A202: K | B202: Trench drain; 13080 x 450mm | C202: 3 | D202: Nr. | E202: 16061.09 | F202: =C202*E202 -> 48183.27
A204: L | B204: Trench drain; 68585 x 200mm | C204: 1 | D204: Nr. | E204: 82573.31 | F204: =C204*E204 -> 82573.31
A206: M | B206: Trench drain; 88110 x 200mm | C206: 2 | D206: Nr. | E206: 105972.43 | F206: =C206*E206 -> 211944.86
A208: N | B208: Floor drain; 80mm diameter | C208: 260 | D208: Nr. | E208: 457.13 | F208: =C208*E208 -> 118853.8
A210: P | B210: Floor drain; 110mm diameter | C210: 8 | D210: Nr. | E210: 499.09 | F210: =C210*E210 -> 3992.72
A212: Q | B212: Planter drain; 110mm diameter | C212: 108 | D212: Nr. | E212: 1301.24 | F212: =C212*E212 -> 140533.92
B214: Clean out; 65mm diameter | C214: 9 | E214: 73.78 | F214: =C214*E214 -> 664.02
A216: R | B216: Clean out; 80mm diameter | C216: 35 | D216: Nr. | E216: 90.43 | F216: =C216*E216 -> 3165.05
A218: S | B218: Clean out; 100mm diameter | C218: 133 | D218: Nr. | E218: 86.94 | F218: =C218*E218 -> 11563.02
A220: T | B220: Clean out; 150mm diameter | C220: 4 | D220: Nr. | E220: 194.82 | F220: =C220*E220 -> 779.28
C222: To Collection | E222: AED | F222: =SUM(F180:F220) -> 1136271.3
B225: DRAINAGE INSTALLATION (Cont´d)
A227: A | B227: Clean out; 200mm diameter | C227: 1 | D227: Nr. | E227: 487.18 | F227: =C227*E227 -> 487.18
A229: B | B229: Wall clean out; 100mm diameter | C229: 43 | D229: Nr. | E229: 86.94 | F229: =C229*E229 -> 3738.42
B231: Equipment; including supports and ancillary work as necessary
A233: C | B233: Submersible pump 1duty & 1 standby to stormwater discharge pipe | C233: 1 | D233: Nr. | E233: 38654.18 | F233: =C233*E233 -> 38654.18
B235: Acoustic lagging insulation; including supports, accessories and other ancillary works as necessary
B237: Flexible elastomeric insulation, 19mm thick to condensate drain pipework; including supports, accessories and other ancillary works as necessary
A239: D | B239: 50mm diameter | C239: 422 | D239: m | E239: 22.02 | F239: =C239*E239 -> 9292.44
A241: E | B241: 65mm diameter | C241: 114 | D241: m | E241: 24.12 | F241: =C241*E241 -> 2749.68
...

Sheet Bill 3 Elec
A1: Item | B1: Description | C1: Quantity | D1: Unit | E1: Rate | F1: Amount | G1: VE Ref.
E2: AED | F2: AED
B4: ELECTRICAL ENGINEERING INSTALLATIONS
B6: POWER INSTALLATION
B8: Note: Please refer to the following:
B10: 1) Drawing Nr. E-00003 to 10200, E-12500 to 12554, E-12730 to 12784, E-12925 to 12979, E-12860 to 12879 and Al Khail_R20_ELEC_LT: 3D View; all inclusive
B12: 2) Al Khail Avenue Mall Redevelopment Electrical Specifications dated March 28, 2022
B14: XLPE cables including earth connectivity conductor cables, terminations, lugs, supports and all ancillary work
B16: 1 x 4C x 95mm² CU/XLPE/SWA/LSOH + 1 x 1C x 50mm² CU/LSOH ECC
A18: A | B18: From MDB-Z1-02-03 to SMDB-FB-F-055 | D18: Item | E18: 28134.38 | F18: =+E18 -> 28134.38
A20: B | B20: From MDB-Z1-02-03 to SMDB-FB-F-135A | D20: Item | E20: 37582.48 | F20: =+E20 -> 37582.48
B22: 1 x 4C x 185mm² CU/XLPE/SWA/LSOH + 1 x 1C x 95mm² CU/LSOH ECC
A24: C | B24: From MDB-Z1-02-03 to SMDB-FB-F-135B | D24: Item | E24: 93666.26 | F24: =+E24 -> 93666.26
A26: D | B26: From MDB-Z1-02-03 to SMDB-FB-F-135C | D26: Item | E26: 83303.18 | F26: =+E26 -> 83303.18
A28: E | B28: From MDB-Z1-02-03 to SMDB-FB-S-150D | D28: Item | E28: 150264.58 | F28: =+E28 -> 150264.58
B30: 1 x 4C x 300mm² CU/XLPE/SWA/LSOH + 1 x 1C x 150mm² CU/LSOH ECC
A32: F | B32: From MDB-Z1-02-03 to SMDB-FB-F-053 | D32: Item | E32: 98750.52 | F32: =+E32 -> 98750.52
B34: 1 x 4C x 4mm² CU/XLPE/SWA/PVC + 1 x 1C x 4mm² CU/PVC ECC
A36: G | B36: From SMDB-S-04-SF-MM to 20A TP isolator for ER-M-SF-01 | D36: Item | E36: 1520.78 | F36: =+E36 -> 1520.78
C40: To Collection | E40: AED | F40: =SUM(F14:F38) -> 493222.18
B43: POWER INSTALLATION (Cont´d)
B45: 1 x 4C x 10mm² CU/XLPE/PVC + 1 x 1C x 10mm² CU/PVC ECC
A47: A | B47: From SMDB-S-01-B2-FB1 to DB-S-01-GF-FB3 | D47: Item | E47: 1162.23 | F47: =+E47 -> 1162.23
B49: 1 x 4C x 10mm² CU/XLPE/SWA/LSOH + 1 x 1C x 10mm² CU/LSOH ECC
A51: B | B51: From SMDB-SH-01-102 to DB-CD-F-062 | D51: Item | E51: 5914.85 | F51: =+E51 -> 5914.85
A53: C | B53: From SMDB-SH-01-102 to DB-SH-F-060 | D53: Item | E53: 4768.56 | F53: =+E53 -> 4768.56
A55: D | B55: From SMDB-SH-01-103 to DB-SH-F-069A | D55: Item | E55: 7519.66 | F55: =+E55 -> 7519.66
A57: E | B57: From SMDB-SH-01-103 to DB-SH-F-073 | D57: Item | E57: 8665.95 | F57: =+E57 -> 8665.95
A59: F | B59: From SMDB-SH-02-GM1 to DB-SH-F-047A | D59: Item | E59: 6189.96 | F59: =+E59 -> 6189.96
A61: G | B61: From SMDB-SH-02-GM1 to DB-SH-F-051 | D61: Item | E61: 5823.15 | F61: =+E61 -> 5823.15
A63: H | B63: From SMDB-SH-02-GM1 to DB-SH-F-051A | D63: Item | E63: 5639.75 | F63: =+E63 -> 5639.75
A65: J | B65: From SMDB-SH-04-104 to DB-CF-F-114 | D65: Item | E65: 12517.48 | F65: =+E65 -> 12517.48
A67: K | B67: From SMDB-SH-04-104 to DB-SH-F-110A | D67: Item | E67: 13984.73 | F67: =+E67 -> 13984.73
A69: L | B69: From SMDB-SH-04-104 to DB-SH-F-116 | D69: Item | E69: 11829.71 | F69: =+E69 -> 11829.71
A71: M | B71: From SMDB-SH-04-105 to DB-SH-F-117 | D71: Item | E71: 10087.35 | F71: =+E71 -> 10087.35
A73: N | B73: From SMDB-SH-04-105 to DB-SH-F-125 | D73: Item | E73: 12334.08 | F73: =+E73 -> 12334.08
... A85: U | B85: From SMDB-SH-04-108 to DB-SH-F-069C | D85: Item | E85: 5364.63 | F85: =+E85 -> 5364.63
C88: To Collection | E88: AED | F88: =SUM(F45:F86) -> 134498.62
B91: POWER INSTALLATION (Cont´d)
A93: A | B93: From SMDB-SH-04-108 to DB-SH-F-075 | D93: Item | E93: 5960.71 | F93: =+E93 -> 5960.71
F94: =+E94 -> 0
A95: B | B95: From SMDB-SH-04-109 to DB-SH-F-091 | D95: Item | E95: 5364.63 | F95: =+E95 -> 5364.63
F96: =+E96 -> 0
A97: C | B97: From SMDB-SH-04-109 to DB-SH-F-210 | D97: Item | E97: 6877.73 | F97: =+E97 -> 6877.73
F98: =+E98 -> 0
A99: D | B99: From SMDB-SH-04-203 to DB-SH-S-031 | D99: Item | E99: 3713.98 | F99: =+E99 -> 3713.98
F100: =+E100 -> 0
A101: E | B101: From SMDB-SH-04-203 to DB-SH-S-033 | D101: Item | E101: 4172.5 | F101: =+E101 -> 4172.5
F102: =+E102 -> 0
A103: F | B103: From SMDB-SH-04-204 to DB-SH-S-142 | D103: Item | E103: 8757.65 | F103: =+E103 -> 8757.65
F104: =+E104 -> 0
A105: G | B105: From SMDB-SH-04-206 to DB-SH-S-094 | D105: Item | E105: 4676.86 | F105: =+E105 -> 4676.86
F106: =+E106 -> 0
A107: H | B107: From SMDB-SH-04-206 to DB-SH-S-101 | D107: Item | E107: 3301.31 | F107: =+E107 -> 3301.31
F108: =+E108 -> 0
A109: J | B109: From SMDB-SH-04-206 to DB-SH-S-133 | D109: Item | E109: 4126.64 | F109: =+E109 -> 4126.64
F110: =+E110 -> 0
A111: K | B111: From SMDB-SH-05-102 to DB-SH-F-006 | D111: Item | E111: 3989.09 | F111: =+E111 -> 3989.09
F112: =+E112 -> 0
A113: L | B113: From SMDB-SH-05-203 to DB-SH-S-009 | D113: Item | E113: 2613.54 | F113: =+E113 -> 2613.54
F114: =+E114 -> 0
A115: M | B115: From SMDB-SH-05-204 to DB-SH-S-011 | D115: Item | E115: 3209.61 | F115: =+E115 -> 3209.61
B117: 1 x 4C x 10mm² CU/XLPE/SWA/PVC + 1 x 1C x 10mm² CU/PVC ECC
A119: N | B119: From SMDB-S-01-G01 to DB-S-01-G09 | D119: Item | E119: 8436.94 | F119: =+E119 -> 8436.94
F120: =+E120 -> 0
A121: P | B121: From SMDB-S-01-RF01 to DB-S-01-RF07 | D121: Item | E121: 473.5 | F121: =+E121 -> 473.5
F122: =+E122 -> 0
A123: Q | B123: From SMDB-S-01-RF02 to DB-S-01-RF08 | D123: Item | E123: 516.55 | F123: =+E123 -> 516.55
F124: =+E124 -> 0
A125: R | B125: From SMDB-S-03-GM01 to DB-S-03-GM02 | C125: 40 | D125: m | E125: 43.05 | F125: =+C125*E125 -> 1722
F126: =+E126 -> 0
A127: S | B127: From SMDB-S-04-102 to DB-S-04-106 | D127: Item | E127: 602.64 | F127: =+E127 -> 602.64
F128: =+E128 -> 0
A129: T | B129: From SMDB-S-04-202 to DB-S-04-206 | C129: 7 | D129: m | E129: 43.05 | F129: =+C129*E129 -> 301.35
F130: =+E130 -> 0
A131: U | B131: From SMDB-S-04-G02 to DB-S-04-G08 | D131: Item | E131: 602.64 | F131: =+E131 -> 602.64
F132: =+E132 -> 0
A133: V | B133: From SMDB-S-04-SF-MM to DB-S-04-SF-MM1 | D133: Item | E133: 602.64 | F133: =+E133 -> 602.64
C135: To Collection | E135: AED | F135: =SUM(F92:F133) -> 70022.51
B138: POWER INSTALLATION (Cont´d)
A140: A | B140: From SMDB-SH-01-201 to DB-SH-S-051 | D140: Item | E140: 6241.62 | F140: =+E140 -> 6241.62
F141: =+E141 -> 0
A142: B | B142: From SMDB-SH-01-201 to DB-SH-S-053 | D142: Item | E142: 5595.93 | F142: =+E142 -> 5595.93
F143: =+E143 -> 0
A144: C | B144: From SMDB-SH-01-201 to DB-SH-S-155 | D144: Item | E144: 7748.21 | F144: =+E144 -> 7748.21
F145: =+E145 -> 0
A146: D | B146: From SMDB-SH-01-204 to DB-SH-S-091 | D146: Item | E146: 8695.22 | F146: =+E146 -> 8695.22
F147: =+E147 -> 0
A148: E | B148: From SMDB-SH-01-205 to DB-SH-S-076 | D148: Item | E148: 5509.84 | F148: =+E148 -> 5509.84
F149: =+E149 -> 0
A150: F | B150: From SMDB-SH-01-206 to DB-CF-S-081 | D150: Item | E150: 6026.39 | F150: =+E150 -> 6026.39
F151: =+E151 -> 0
A152: G | B152: From SMDB-SH-01-G05 to DB-SH-G-046 | D152: Item | E152: 6284.66 | F152: =+E152 -> 6284.66
F153: =+E153 -> 0
A154: H | B154: From SMDB-SH-01-G05 to DB-SH-G-047 | D154: Item | E154: 5854.2 | F154: =+E154 -> 5854.2
F155: =+E155 -> 0
A156: J | B156: From SMDB-SH-04-G02 to DB-OT-G-017 | D156: Item | E156: 3874.1 | F156: =+E156 -> 3874.1
F157: =+E157 -> 0
A158: K | B158: From SMDB-SH-04-G02 to DB-SH-G-134 | D158: Item | E158: 6542.94 | F158: =+E158 -> 6542.94
A160: L | B160: From SMDB-SH-04-G03 to DB-OT-G-126A | C160: 80 | D160: m | E160: 43.05 | F160: =+C160*E160 -> 3444
...

Sheet Bill 3-Sum
A1: Item | B1: Description | C1: Page Nr. | D1: Amount AED
B5: SUMMARY
B7: SITEWORK | C7: 3/B/1 - 3/B/6 | D7: ='Bill 3 Siteworks'!F294 -> 843572.28
B8: EXTRA-OVER FOR COMPLYING TO AUTHORITY COMMENTS | C8: 3/B/EO/1 | D8: =+'Bill 3 Siteworks-EO'!F27 -> 55072.15
B10: CONCRETE WORK | C10: 3/C/1 - 3/C/7 | D10: ='Bill 3 Concrete'!F329 -> 9184533
B11: EXTRA-OVER FOR COMPLYING TO AUTHORITY COMMENTS | C11: 3/C/EO/1 - 3/C/EO/3 | D11: =+'Bill 3 Concrete-EO'!F144 -> 4157251.7
B13: MASONRY | C13: 3/D/1 - 3/D/2 | D13: ='Bill 3 Masonry'!F134 -> 5590258.6
B16: METALWORK | C16: 3/E/1 - 3/E/7 | D16: =+'Bill 3 Metalwork REV'!F292 -> 6916464.1
B19: WOODWORK | C19: 3/F/1 - 3/F/12 | D19: ='Bill 3 Woodwork'!F414 -> 16618538
B22: THERMAL AND MOISTURE PROTECTION | C22: 3/G/1 - 3/G/2 | D22: ='Bill 3 Thermal'!F135 -> 258133.23
B25: DOORS AND WINDOWS | C25: 3/H/1 - 3/H/11 | D25: ='Bill 3 Doors and Windows'!F437 -> 37038781
B28: FINISHES | C28: 3/J/1 - 3/J/20 | D28: ='Bill 3 Finishes'!F834 -> 68215250
B31: ACCESSORIES | C31: 3/K/1 - 3/K/16 | D31: ='Bill 3 - Accessories'!F614 -> 10734621
B34: FURNISHINGS | C34: 3/M/1 - 3/M/5 | D34: ='Bill 3 - Furnishings'!F280 -> 2425676.9
B37: SPECIAL CONSTRUCTION | C37: 3/N/1 - 3/N/3 | D37: ='Bill 3 - Special Cons'!F172 -> 2836616.8
B40: CONVEYING SYSTEM | C40: 3/P/1 - 3/P/8 | D40: ='Bill 3 - Conveying'!F363 -> 9287021.8
B43: MECHANICAL ENGINEERING INSTALLATIONS | C43: 3/Q/1 - 3/Q/40 | D43: ='Bill 3 - Mech'!F1876 -> 29073030
B46: ELECTRICAL ENGINEERING INSTALLATIONS | C46: 3/R/1 - 3/R/66 | D46: ='Bill 3 Elec'!F3090 -> 91387645
B50: TOTAL FOR BILL NO. 3 -MALL REFURBISHMENT
B51: TO MAIN SUMMARY | C51: AED | D51: =SUM(D6:D48) -> 2.9462246e+08
